problem,N,i,s,u_N,u_exact_Bratu
chandrasekhar,20,0,0.0,1.0,
chandrasekhar,20,1,2.5e-3,1.003976573740569439682945170551523013092904899867954159044745391091877670945901871085035606602871983,
chandrasekhar,20,2,5.0e-3,1.007189712442757453786121557799486397297983435632430350142644380943158534836906568714323545448292221,
chandrasekhar,20,3,7.5e-3,1.010061452629406282041453872765299890419637788384094498785676686848226027687781572877397082582669174,
chandrasekhar,20,4,1.0e-2,1.012719741735725597677480561009060369153877766782715279793280848349689853970716210501608324506373738,
chandrasekhar,20,5,1.25e-2,1.015223097976279173740607915118591121562402851001363983260837091571577900582820014995792611471254213,
chandrasekhar,20,6,1.5e-2,1.017604724331522333767195824434843068490103520142104496713922848855496685923429085972222198872369086,
chandrasekhar,20,7,1.75e-2,1.019886029213101700387853623412143762984669876578155375852747866035564464036596769918943501170005931,
chandrasekhar,20,8,2.0e-2,1.022081997763555566743466269067280531322718709016747605518620896813182595451200400241495522774226877,
chandrasekhar,20,9,2.25e-2,1.02420372637301256840889117409744424511234657006545004265202093787440046884105699658619891940148883,
chandrasekhar,20,10,2.5e-2,1.026259773077156415376108108312843266187999333611517242746909369940531189474716410319789553767069333,
chandrasekhar,20,11,2.75e-2,1.028256944175192589270498460800810021445253561086752739261831845557692440188769458699190011056846326,
chandrasekhar,20,12,3.0e-2,1.030200784465551867516966859635875073201651570308433942242874070455244508946961170857115594973099299,
chandrasekhar,20,13,3.25e-2,1.03209589925810593307332808908892542171200457170534581628526223627232734012122643220513746424549256,
chandrasekhar,20,14,3.5e-2,1.033946174935075479548122107210728687847510877449028832245864191700892058401562911699128037087830126,
chandrasekhar,20,15,3.75e-2,1.035754935261851253892733214808103172809868359208483587508716305091838724061387158476040627924275387,
chandrasekhar,20,16,4.0e-2,1.037525055340097397570282294865466025149841341509154040789824104788548096448482073919236790618202615,
chandrasekhar,20,17,4.25e-2,1.039259046684467211288958453400835313249872363899687467421406731804839558438075011678040608844577436,
chandrasekhar,20,18,4.5e-2,1.040959122047304050090088760886886629362723950859744373595233364929369027643854574465258669501868116,
chandrasekhar,20,19,4.75e-2,1.042627245690412772578864250513264960921373473256232744112092414768256750031306409287379269658999036,
chandrasekhar,20,20,5.0e-2,1.04426517297647712525618133494958049932027409912641075929775241163993102228282469307080708768756725,
chandrasekhar,20,21,5.25e-2,1.045874481976176067839588316567146852800177487574570684872539870803537935947200709400685617045321777,
chandrasekhar,20,22,5.5e-2,1.047456599008343560638057938856173298987588026854617255777672103339108945476591469984708308434649207,
chandrasekhar,20,23,5.75e-2,1.04901281950264684723163453238264036714203424194272989807067558195711957795149794874867268476302068,
chandrasekhar,20,24,6.0e-2,1.050544325208766689336557458153645552173290158132316558296356916028491901297657916254359698948908441,
chandrasekhar,20,25,6.25e-2,1.052052198518169136806246666105427393712697644728381608068293982793049528992839603885901022651225047,
chandrasekhar,20,26,6.5e-2,1.053537434479467921120610539511144857968430417542054750502905733857339951954472915772454099850879946,
chandrasekhar,20,27,6.75e-2,1.055000950953481372732459266014248550279222202767821373770556676282340905669716639253324800364454853,
chandrasekhar,20,28,7.0e-2,1.056443597254393988820860237439436490933244961706869426022497367111515661797770073138457710365491248,
chandrasekhar,20,29,7.25e-2,1.057866161548810076103998715925273202331010322914137908699851509254074340846510517058170411433240642,
chandrasekhar,20,30,7.5e-2,1.059269377227974293776669422671260699061046083945909343763685066625477827221874409069273946894050821,
chandrasekhar,20,31,7.75e-2,1.060653928425173812566843597651740169299812469907659855220830864886999987609104910020815265539362917,
chandrasekhar,20,32,8.0e-2,1.062020454816890965902277898738823795896453766254417392851197911989152653117351994296202628606227261,
chandrasekhar,20,33,8.25e-2,1.06336955582017811448510983566627564209517480559566934715808372510772882342661187142925848001544673,
chandrasekhar,20,34,8.5e-2,1.064701794278188386147873450430684520064190615805658939890676877099446655407949824239474373927802876,
chandrasekhar,20,35,8.75e-2,1.066017699709503410490072969758551135006758889615480336724943660970275526626666560462048912047389836,
chandrasekhar,20,36,9.0e-2,1.06731777118387785209414394668005605021643605178987548811769412392017696457857618039300625388210054,
chandrasekhar,20,37,9.25e-2,1.06860247987654075171331909124400667240649260655305303188804143663733611351417901312709451001940664,
chandrasekhar,20,38,9.5e-2,1.06987227134470389303129753605383817229452143513743845583559102801131025954761093276112372812638546,
chandrasekhar,20,39,9.75e-2,1.07112756756300720700208508367343522304756362968842359447716713987093011295713740819702061852201089,
chandrasekhar,20,40,1.0e-1,1.072368768748957547232815817325703956256889208900740356746347964565974025348428669401639100481499312,
chandrasekhar,20,41,1.025e-1,1.073596255004739889540106137817223875541958915151169721535249005412701444379088650744019377664484204,
chandrasekhar,20,42,1.05e-1,1.074810387797904079866722499527001791437770653532242893524613009255920034335244526742630073564475297,
chandrasekhar,20,43,1.075e-1,1.07601151130020255530882363259350116757906849404518444433411493659633497913236571590548755799623085,
chandrasekhar,20,44,1.1e-1,1.077199953601154016123760983635051639008561570967712958716902954125734679260231598166879089628402009,
chandrasekhar,20,45,1.125e-1,1.078376027810638672981562375583085369398713099640119740605361587533217989912652053451949636070056765,
chandrasekhar,20,46,1.15e-1,1.079540033062915561012301427146975300257200348566602172074452495963253786402967159800475697653505952,
chandrasekhar,20,47,1.175e-1,1.080692255432829710525330901276239706604620185631016820826874002881961002819968715288803212527085082,
chandrasekhar,20,48,1.2e-1,1.081832968773596768618772495407020467899571641719502755510867103526337048693715718894045564194283488,
chandrasekhar,20,49,1.225e-1,1.082962435484374437758081328926947558887955841736308094316952493772024870813655079465391656085916256,
chandrasekhar,20,50,1.25e-1,1.084080907214820764255508256228195655711722283080793992358184790368101890459006430600539159080933081,
chandrasekhar,20,51,1.275e-1,1.085188625512971767910953084711077049154358413648935485658711429004967320663626042823481720889770636,
chandrasekhar,20,52,1.3e-1,1.086285822422022846064755516085253331911463590780173281398180090705353680839214195503835733332358725,
chandrasekhar,20,53,1.325e-1,1.087372721030951374336743030239326646522952869556114258802477620976451002537031112820391022771044828,
chandrasekhar,20,54,1.35e-1,1.088449535983356664754677135826814670864658137363867267887649977907297159093405517223701691169327363,
chandrasekhar,20,55,1.375e-1,1.089516473948405188483303556364918248845008508370560293063747945460744700662374032534510308486543714,
chandrasekhar,20,56,1.4e-1,1.090573734057343074036116075299592490422705035711492085421755971558923697665216561250913381315859551,
chandrasekhar,20,57,1.425e-1,1.091621508308665418004310785476941615597559927920449174269465206089017149888190837854001387346428482,
chandrasekhar,20,58,1.45e-1,1.092659981944705373719056568948862637351141051266519214436709382414474425728189400005150713955527684,
chandrasekhar,20,59,1.475e-1,1.09368933380211896360961057517417685104554663530246614809203763724263131121578325343355772746627619,
chandrasekhar,20,60,1.5e-1,1.094709736638488714285346090452875079852472004291947642496709595804888548591784252668038149726763295,
chandrasekhar,20,61,1.525e-1,1.095721357437045969478533258251708490233311848073129781438337947412876205005975227783912133293048662,
chandrasekhar,20,62,1.55e-1,1.096724357691314200902175542579367622661001912987536045216302836575150855091849070267472961901053594,
chandrasekhar,20,63,1.575e-1,1.097718893671300483516256879201029188107284437771853957265275097593658380306930478845741349950918429,
chandrasekhar,20,64,1.6e-1,1.098705116672706678946522754841223626627220427304186672076646049191765413981109266495885700155978295,
chandrasekhar,20,65,1.625e-1,1.099683173250493330090449571591066034349663054404197272471528945163519472381432472562825235066093813,
chandrasekhar,20,66,1.65e-1,1.100653205438005702460043016856103772234974181820041921712487821632151706239093762205475317301127772,
chandrasekhar,20,67,1.675e-1,1.101615350952760993062682374079446519871603607970762667046881778381602847063131852713507745849524132,
chandrasekhar,20,68,1.7e-1,1.102569743389896890314122965709401518315583972397910035705534829931337149306923194011994615680938698,
chandrasekhar,20,69,1.725e-1,1.103516512404193042366900348843418906498317278081254755059191550899047653602437749144912463389982966,
chandrasekhar,20,70,1.75e-1,1.104455783881497388759454497975383801951345575660242483560582085813856061642181782940926326190662383,
chandrasekhar,20,71,1.775e-1,1.105387680100317696978673671021135264403217116475154733486746823365333808322463854840067878400794749,
chandrasekhar,20,72,1.8e-1,1.106312319884274118395567284258900889773384562516312916922480898125509151112060982309183104258860555,
chandrasekhar,20,73,1.825e-1,1.107229818746050347272079747225000039118452925874126846227869279937592600215838545119995615001605984,
chandrasekhar,20,74,1.85e-1,1.108140289023428339975124059503053495779464467372166741485809938313084572138996811519860568427947495,
chandrasekhar,20,75,1.875e-1,1.109043840007943921411469936504337667923896331918434039623018643997444038161846414367914587219289526,
chandrasekhar,20,76,1.9e-1,1.1099405780666574373834649078956611412102754839288944470953438785105831413646673802918396265223934,
chandrasekhar,20,77,1.925e-1,1.11083060675749443391424408799910442932967167681660460485288479643641310272208977134621684189400555,
chandrasekhar,20,78,1.95e-1,1.111714026938575741675406998985180060979803301895938491488265675284759953208626710864885048188409973,
chandrasekhar,20,79,1.975e-1,1.11259093687192394766670144996639388429796068623757071729054328416336961234912158386978594309780251,
chandrasekhar,20,80,2.0e-1,1.113461432321903721459682433170705561109060573369639571127239268651773944241600548526152049459205296,
chandrasekhar,20,81,2.025e-1,1.114325606648726540591435100943840679897194638038188130365902888338195639287803393698667143251951351,
chandrasekhar,20,82,2.05e-1,1.115183550897325772249974551589622602743722169477813226697961314616985128588867170179632968876721008,
chandrasekhar,20,83,2.075e-1,1.116035353881885587666594244681569523201965369139126485761461937325285081476858887517735362499897136,
chandrasekhar,20,84,2.1e-1,1.11688110226628660791200856307336316989618722307496623075912124464709719886054226688041805981647493,
chandrasekhar,20,85,2.125e-1,1.11772088064071232325951055916024970305797206883763936968664880899441762093035661778039176862127482,
chandrasekhar,20,86,2.15e-1,1.118554771594643030412262955411882166928278247838061933379556187837350936824490968150436692418089352,
chandrasekhar,20,87,2.175e-1,1.119382855786448147231419279992772019620476510405642071534159665893142172449778855707719735467264915,
chandrasekhar,20,88,2.2e-1,1.120205212009773162775396515089529553203841764585418234506570559453703072038570331287087806259117592,
chandrasekhar,20,89,2.225e-1,1.121021917256904044467815103162961782040481274612990729106008933544504741301993897144326540150427,
chandrasekhar,20,90,2.25e-1,1.121833046779279548916961537966891088390433325240484911308315460542284334728182852218333241323141795,
chandrasekhar,20,91,2.275e-1,1.122638674145310473721115217409108783762491941094595389997443994432060454693718739078555884347016657,
chandrasekhar,20,92,2.3e-1,1.123438871295654359301630865120591990122290404622922507228299361478654460689458864879327415499399902,
chandrasekhar,20,93,2.325e-1,1.124233708596084425558782206012656328931784910804829851642534979428222771225432568997387563385606508,
chandrasekhar,20,94,2.35e-1,1.125023254888082538551999893694093703898532664957429040056831809291775407362350279412261581075117871,
chandrasekhar,20,95,2.375e-1,1.125807577537277684737220632391411318024736572125239408680548180335684006182842046017730058126026407,
chandrasekhar,20,96,2.4e-1,1.126586742479843727780404094727005846649462784633121638016846593665928855834002138682888441693655829,
chandrasekhar,20,97,2.425e-1,1.127360814266963084176132883656808325165946917448998888688480335276867554958994521837774427360284439,
chandrasekhar,20,98,2.45e-1,1.128129856107456332187663967521757109907412425953889885679995226160570699134587267805329522294670093,
chandrasekhar,20,99,2.475e-1,1.128893929908671621640143463269684025935337414386418067743198986351102763461553125643666488005902797,
chandrasekhar,20,100,2.5e-1,1.129653096315722041353376397236080854269215424344815794475393748611323727558124201356706084696533224,
chandrasekhar,20,101,2.525e-1,1.130407414749153791480051883610996989203451537656824904089797457642520223203223703265990809766526541,
chandrasekhar,20,102,2.55e-1,1.131156943441123067834353588893134405285727211342415912617200056443107004876015528005439396341665819,
chandrasekhar,20,103,2.575e-1,1.131901739470154965390752190092291527395948048254926557663087231961430504841948983916973958489871053,
chandrasekhar,20,104,2.6e-1,1.13264185879455342198677202455550284246484985994256192821617963170174297725138022561354868984830695,
chandrasekhar,20,105,2.625e-1,1.133377356284527226661379386877623148140759913506935780327847116476241809961639219281422702171525608,
chandrasekhar,20,106,2.65e-1,1.134108285753093387868773189521833894758229041068493219751211984505981545613318867403848164721601067,
chandrasekhar,20,107,2.675e-1,1.134834699985815674776979663683601966417234276440345076778283621709525620914502296836239795523752628,
chandrasekhar,20,108,2.7e-1,1.13555665076943289145115531669297409113295078271810395019170333512800119840623343765176314549042299,
chandrasekhar,20,109,2.725e-1,1.13627418891942840194188672659415376983969738503186549750499207591580786924689282884466914533959232,
chandrasekhar,20,110,2.75e-1,1.136987364306589578565111163067508933591519316667683067344089277450711491016756671828592541424836846,
chandrasekhar,20,111,2.775e-1,1.137696225882603181667456205795035142297595347961178277055568418106811768625917589338455522286698952,
chandrasekhar,20,112,2.8e-1,1.138400821704730183777004426467295270167057807246502292656637680341148480655986794852685865955453424,
chandrasekhar,20,113,2.825e-1,1.139101198959601212162093058320986879201529893540217239239927414998056808962428371201588978300059723,
chandrasekhar,20,114,2.85e-1,1.139797403986171590342309337607776777751089027774007928561324618221069604554556354912187018084276349,
chandrasekhar,20,115,2.875e-1,1.140489482297872900779190299984870637872963340997335308387444617325354386779154344642266907580126469,
chandrasekhar,20,116,2.9e-1,1.14117747860399605838568094737181632724485254469757771326265712772310073199491964111402555451235626,
chandrasekhar,20,117,2.925e-1,1.141861436830339068933640809351495310397355116062710636894496068290966132122284202607201369312103007,
chandrasekhar,20,118,2.95e-1,1.142541400139150939879294588003935252939750264814384149845517430853590219330703116660807720873929826,
chandrasekhar,20,119,2.975e-1,1.143217410948401606153329765066527948675525368182035640434450851109713778584306681037322765987572095,
chandrasekhar,20,120,3.0e-1,1.143889510950406223223591193871579325154235163073324368332442008804208728828092778908664758277452845,
chandrasekhar,20,121,3.025e-1,1.1445577411298307578976625149856775480636946934400413891627384778762584215638515853042216436779699,
chandrasekhar,20,122,3.05e-1,1.145222141781104468026413771423767477851391490200790844687997738608795876457225957377848959731558604,
chandrasekhar,20,123,3.075e-1,1.145882752525263600068045371802708435135579851667654998877296802995711317765552396359696598528817538,
chandrasekhar,20,124,3.1e-1,1.146539612326249443343969377405388376103322846971498526488185990451371854682529825213543452906029521,
chandrasekhar,20,125,3.125e-1,1.14719275950668275709800386961727631582594047535458776796659596730111728844387465830625517676580704,
chandrasekhar,20,126,3.15e-1,1.147842231763135526830664008524811910738456012291484740435759355893412365004486704717568807620123546,
chandrasekhar,20,127,3.175e-1,1.148488066180920005802739894617385227466747003045576093739476880788682733063073573405838569884625894,
chandrasekhar,20,128,3.2e-1,1.14913029924841405235437736775335252649826682366864888558474014982825073366063077450778292502027598,
chandrasekhar,20,129,3.225e-1,1.149768966870940880298267377651791876957096670518330686141083668663849261566077189503685345535358525,
chandrasekhar,20,130,3.25e-1,1.150404104384220494891809684373360455362755260350399424304371507097414661453351587433026596804566851,
chandrasekhar,20,131,3.275e-1,1.151035746567409287770793256290743497955215191016643641247089959973863151347010741349144797591934797,
chandrasekhar,20,132,3.3e-1,1.1516639276557435079406650286907066064936329107913736444573675689985439769868403838476152988170039,
chandrasekhar,20,133,3.325e-1,1.152288681352801609866451343563498967940480653501879938915681411214537048757315191958911489925127227,
chandrasekhar,20,134,3.35e-1,1.152910040842399801451224665026019300902466965096323629618027538331306892507563397142390323395553446,
chandrasekhar,20,135,3.375e-1,1.153528038800134471981579028776127976415060131524481932686780615456343353902354166898724452739025527,
chandrasekhar,20,136,3.4e-1,1.154142707404584570834186345783390585783867109225947670540220977096527092111860614168417296206984199,
chandrasekhar,20,137,3.425e-1,1.154754078348186429907673935942898932462213924554948983729096722271471589197908366966810183444069658,
chandrasekhar,20,138,3.45e-1,1.155362182847792974526276639166445814355206809235667222004946249584741259069376466288938101112720546,
chandrasekhar,20,139,3.475e-1,1.155967051654928747233979818615905520358774699571214475983140571301203892426934002225520331139951101,
chandrasekhar,20,140,3.5e-1,1.156568715065751674850013934900996157703757435993903146516957383199447908957536126586779139873381377,
chandrasekhar,20,141,3.525e-1,1.157167202930732039882235401195240812628487084114931125835652829720151682782634566127074633726787352,
chandrasekhar,20,142,3.55e-1,1.157762544664058671484214385140143008244596711860057078899341913389213114120107208660584351445325085,
chandrasekhar,20,143,3.575e-1,1.158354769252781947274454790029010048647716030435312177633636368381619128798542466162203277254932052,
chandrasekhar,20,144,3.6e-1,1.158943905265702794275141483048395551723614540129852021134756674611198218975250957510919466980668009,
chandrasekhar,20,145,3.625e-1,1.159529980862016493813728363216870818511404447990960134448368247532877627925230510419766932387938092,
chandrasekhar,20,146,3.65e-1,1.160113023799719730376306381459176575576451712290789255367669983992166739921246727258414847012926071,
chandrasekhar,20,147,3.675e-1,1.160693061443788977086999426887571638501954425255514428790198478213380639229393060132854935007163353,
chandrasekhar,20,148,3.7e-1,1.161270120774137979755237284547760928172292982480679665603945717058480365397325366023868621350574406,
chandrasekhar,20,149,3.725e-1,1.161844228393361786383647343542316344871683780561712246370794267969552527789639502615271996337963999,
chandrasekhar,20,150,3.75e-1,1.162415410534274468818949182864443357705029469443094714453100789003544947168337464273462513832713461,
chandrasekhar,20,151,3.775e-1,1.162983693067247397062906960531587566802101306730415325019107407547441977515562691544515038547108391,
chandrasekhar,20,152,3.8e-1,1.163549101507354653893816981923372733010846074497241144961139210017728665655635522248840662636805624,
chandrasekhar,20,153,3.825e-1,1.164111661021331917179220323907841682769927447989576420607907063715116433671987357910167064943300475,
chandrasekhar,20,154,3.85e-1,1.164671396434354888926982184948687341215696784356131925102800128210853180022547382887205120646496265,
chandrasekhar,20,155,3.875e-1,1.165228332236643113102734514786498791778413210842195434307213510454463239002059722758042589834995454,
chandrasekhar,20,156,3.9e-1,1.165782492589894797951310336801778233968897200569403093098469526753048479389374116951458101899944336,
chandrasekhar,20,157,3.925e-1,1.166333901333558042446463558630515186551996970754176836992381276794182959013472951835365003577048535,
chandrasekhar,20,158,3.95e-1,1.166882581990943660036842224181295874043542810405147548317888752096609392176157664668062148710867477,
chandrasekhar,20,159,3.975e-1,1.167428557775184595566547125053257777184889397521606610062517531801722194439668956355702772189867946,
chandrasekhar,20,160,4.0e-1,1.16797185159504674266317495371906979797568771401166566406161252063685810588486429862978693421600816,
chandrasekhar,20,161,4.025e-1,1.168512486060595788568617488340265817404507695620572106491319646240215385128881626908998436673176944,
chandrasekhar,20,162,4.05e-1,1.16905048348872454092613090211035117300907342584706795937549549142145291504501507066314896539331215,
chandrasekhar,20,163,4.075e-1,1.169585865908545026042316803678003306717122911622981440147716698904822526774801341970265661564666714,
chandrasekhar,20,164,4.1e-1,1.17011865506664949024722130718231695517742603097770338350564358760386408042567635155639999233523422,
chandrasekhar,20,165,4.125e-1,1.170648872432244284832533434386763563124968508899566431164720831075028248619808272045881583529520525,
chandrasekhar,20,166,4.15e-1,1.171176539202160470328614684504532710807853785644722029719006305148450516326584710389247342156097568,
chandrasekhar,20,167,4.175e-1,1.17170167630574483727542781573521792311315120490222970862722712169047651957988691218635524326905793,
chandrasekhar,20,168,4.2e-1,1.172224304409634907856738435924955160584458023991886493290245038530437721699966980254411543915297851,
chandrasekhar,20,169,4.225e-1,1.172744443922421355523394011698794984312682722607517263633334452403992077752535581469630828104384413,
chandrasekhar,20,170,4.25e-1,1.173262114999201157767034174860984984884051812240227409356963475634858060560242767462294260590319661,
chandrasekhar,20,171,4.275e-1,1.173777337546024680271208157148232004519509553566911657636295243422829718588673482160383861770777932,
chandrasekhar,20,172,4.3e-1,1.174290131224239778526667242383839880817108831224340273586275807181017625937085703810409449310990447,
chandrasekhar,20,173,4.325e-1,1.17480051545473589542803656431569828147968778565923625680000338790609726903877350792791919869114217,
chandrasekhar,20,174,4.35e-1,1.175308509422091030158285217833044821557347510379120055885531140593524965476344816201968023732055885,
chandrasekhar,20,175,4.375e-1,1.17581413207862435461452800318565985034889574841249765570841441968239934194781556219118649901681902,
chandrasekhar,20,176,4.4e-1,1.176317402148357158543185878387697050734836217755134473775661614140064189757021821749741473695030554,
chandrasekhar,20,177,4.425e-1,1.176818338130884713253653151491196612297384297566439910081254772797232066369362924632037331347478889,
chandrasekhar,20,178,4.45e-1,1.177316958305161556095830194716735456604639414816499503036431238174872314941149970339729375244406878,
chandrasekhar,20,179,4.475e-1,1.177813280733202613655339362154659996898852475537258301782802793810957780792528865399117441750301146,
chandrasekhar,20,180,4.5e-1,1.178307323263702500686315902172845055826172835811553868214518883686265480139343511075769869304566904,
chandrasekhar,20,181,4.525e-1,1.178799103535575254018473519700735862492792125500728067179023710524834230346560828435710420424089737,
chandrasekhar,20,182,4.55e-1,1.179288638981416685903126527106060483256301306833409028936771511615305871566950795646877032026276789,
chandrasekhar,20,183,4.575e-1,1.179775946830891469369366660190023017583416734698987956658231308369546135186922759353439917050311598,
chandrasekhar,20,184,4.6e-1,1.180261044114046999020541787088522750033702577405473741318310228503977462476879016481318807229413161,
chandrasekhar,20,185,4.625e-1,1.18074394766455600419264845679943250991134651203340972794602903710252573794667322857963472317622882,
chandrasekhar,20,186,4.65e-1,1.18122467412288982740616137964098592215068686489507700528717616722337233571543631355250553609133725,
chandrasekhar,20,187,4.675e-1,1.181703239939424219462644443395451772552998578214758342358046893487745264462375450739631794460395225,
chandrasekhar,20,188,4.7e-1,1.182179661377479443263920129113390702395838185357777185436698783234034998868608203343153849827978551,
chandrasekhar,20,189,4.725e-1,1.18265395451629642136627478842725717816316415362465306129446072197195651050838126921014630426651545,
chandrasekhar,20,190,4.75e-1,1.183126135253950607331498028467596168784679993839467712220399194053281946545623187267679925839855787,
chandrasekhar,20,191,4.775e-1,1.183596219310205208011293843801354643448952434654753048881415222076633234106323433693072223293887207,
chandrasekhar,20,192,4.8e-1,1.184064222229305332916770747405629255564815210856057656039599502107874471639222470420921277443096435,
chandrasekhar,20,193,4.825e-1,1.184530159382714597699322799268837136801452608111788422736082714674530535663844600670780454673337715,
chandrasekhar,20,194,4.85e-1,1.184994045971795661426043716363107941427942177917033160065334696035370408038219409389840723293769659,
chandrasekhar,20,195,4.875e-1,1.185455897030436131698252940339408974335965993416833443198449143969987763212573181613288529813702763,
chandrasekhar,20,196,4.9e-1,1.18591572742762122766554200890416135086200372034544316249059282423487425122425442910442624822885252,
chandrasekhar,20,197,4.925e-1,1.186373551869954548562989613146922975623447738520571748808825968389160391331108037086250868232404316,
chandrasekhar,20,198,4.95e-1,1.186829384904128254481929104680543667972064153753023805731755145714106519354140438844906391942498391,
chandrasekhar,20,199,4.975e-1,1.18728324091934392661387943649536983487867165620696201264682542285716842962323448295889870828913656,
chandrasekhar,20,200,5.0e-1,1.187735134149685336124731116954413818790456832414692873890461861081243486296577933589435288048728977,
chandrasekhar,20,201,5.025e-1,1.188185078676444314066400723725873097533987487327507248588499322902218991975624877085627357829211701,
chandrasekhar,20,202,5.05e-1,1.188633088430400879262814337114121469302491826211035971133824979847432168251849667263574444946835329,
chandrasekhar,20,203,5.075e-1,1.189079177194058746865507028190935206804659076484813121926811720175022433294488602424927408146988964,
chandrasekhar,20,204,5.1e-1,1.189523358603837307212841932359218702634606905976352198892201057104829599408037379865170544918981706,
chandrasekhar,20,205,5.125e-1,1.189965646152221132699511870570312740110255384473289074875340980344135963573170125373784494882603724,
chandrasekhar,20,206,5.15e-1,1.190406053189868039525281307676089283525159604357743051628359113812976972281873513278451956999622614,
chandrasekhar,20,207,5.175e-1,1.190844592927676701401488753380883919107984223998503187361095570199532230514580963040816258633315626,
chandrasekhar,20,208,5.2e-1,1.191281278438814783510137418586643376977697142745537086757587984446608242860836967904919187502595885,
chandrasekhar,20,209,5.225e-1,1.191716122660708537194689805395082393906500960890639966055694339407891908058397166219484288507692282,
chandrasekhar,20,210,5.25e-1,1.192149138396994768976857310497689588390479560063463921686567514389210328175419184493632087004696664,
chandrasekhar,20,211,5.275e-1,1.192580338319436071504239018477020895566924745748622321574786657034184178221658428555818054315325588,
chandrasekhar,20,212,5.3e-1,1.193009734969800178905631936277192436469609628852557182102479126220089952225787281776771085115538021,
chandrasekhar,20,213,5.325e-1,1.193437340761704284731670655242668908942994844916074026151715263004871829490783853188820908995715887,
chandrasekhar,20,214,5.35e-1,1.193863167982425137156997894121448946724071399621736767874789895071141278591534830080719237960531677,
chandrasekhar,20,215,5.375e-1,1.194287228794675703386571528777075541969944635063178070887936697452897563836628952159653441910653198,
chandrasekhar,20,216,5.4e-1,1.194709535238349173214383188578357927184401704752072944257930446396705228591091352843001848496856811,
chandrasekhar,20,217,5.425e-1,1.195130099232231050400396539810234974270311183397325102342986293433750768308695100716494396338233982,
chandrasekhar,20,218,5.45e-1,1.195548932575680059934646710327247558636687697459950269656311666093574723140106977101716557765474401,
chandrasekhar,20,219,5.475e-1,1.195966046950278579320998810645768722247481293885918636112258029876712634374126925531763556581055495,
chandrasekhar,20,220,5.5e-1,1.196381453921453282712902492468351816440791444677209796387859281697427034378580833828332391775022555,
chandrasekhar,20,221,5.525e-1,1.196795164940066668046449506706152147459740570757047812034678093300950551258189329741115324303588352,
chandrasekhar,20,222,5.55e-1,1.19720719134398011921993520634753694760064599182832535259950180530400931115393670181213677246570092,
chandrasekhar,20,223,5.575e-1,1.197617544359589137842637559755460115122261264209046961154865691271017735227888922264255117608222568,
chandrasekhar,20,224,5.6e-1,1.198026235103331362098214398480618656707299256113060955468293158881977128607498063338908670242967483,
chandrasekhar,20,225,5.625e-1,1.198433274583167973820359921402993779549028408716573656673554666810627148632971084250418256626116935,
chandrasekhar,20,226,5.65e-1,1.198838673700039078941319575300673354790666926983182601510955906366281108857054067459363896086785222,
chandrasekhar,20,227,5.675e-1,1.199242443249293631029454200519778516784060328023530915857875487174815218266058843316513481038506978,
chandrasekhar,20,228,5.7e-1,1.199644593922094452662903687957713369166081064039450882214890738225564812407099113413846354239262245,
chandrasekhar,20,229,5.725e-1,1.20004513630679889487584775153636575628010653028337958585012311345265405336168905994475083039091429,
chandrasekhar,20,230,5.75e-1,1.200444080890315660845873645907968717274782119866600763982316129347835260432805108736370251580695452,
chandrasekhar,20,231,5.775e-1,1.20084143805943830635014247777425024081595304705379536941422706539560877661569673825984196640310168,
chandrasekhar,20,232,5.8e-1,1.201237218102155916289602521962003496570677894028506400432921461435844232862361206768258029877658,
chandrasekhar,20,233,5.825e-1,1.201631431208941443750209698174665497366616076094866909864054947422300621761675859098696950396884065,
chandrasekhar,20,234,5.85e-1,1.202024087474018185624312104290252493082332565607269026943300264373896924723709755251723626026905855,
chandrasekhar,20,235,5.875e-1,1.202415196896604856740893678179579433527649701719598855428250539079606180704900542796667476198167457,
chandrasekhar,20,236,5.9e-1,1.202804769382139712737612098160295515891925056446619289230356891354568236496084319587140396817043746,
chandrasekhar,20,237,5.925e-1,1.203192814743484160538350948520555750354344078276409828624203648667331005850220607544210416732529101,
chandrasekhar,20,238,5.95e-1,1.203579342702106284265641177848750666653977368201713502411789221232007382506447625756552221327280945,
chandrasekhar,20,239,5.975e-1,1.203964362889244703706539906875396989472953177324936865288251715585759737916978565573896841607471126,
chandrasekhar,20,240,6.0e-1,1.204347884847053172052557820187074974794509878773869612786008101887251560851672760527137388304938972,
chandrasekhar,20,241,6.025e-1,1.204729918029726309538578296616169820020196461411618433561926914222828681549364565410314242159130778,
chandrasekhar,20,242,6.05e-1,1.205110471804606859802380268062070990784338783475446971567302996888532249841038964292959108671843967,
chandrasekhar,20,243,6.075e-1,1.205489555453274846265704169342495673786475196139660838509252988213844916271184254412830869589873118,
chandrasekhar,20,244,6.1e-1,1.205867178172618996590485932958424269471431319214763570909689694868089928538105623847848582812448198,
chandrasekhar,20,245,6.125e-1,1.206243349075890794280970831004842332979791820144405388220744858308537500958275970037211356483963456,
chandrasekhar,20,246,6.15e-1,1.206618077193741507775279430739405470502381541055401331751546704767371356824180824528382414297068585,
chandrasekhar,20,247,6.175e-1,1.20699137147524253889032028076496945332130964118907375280757892216042950277812519050813158434387381,
chandrasekhar,20,248,6.2e-1,1.207363240788889424243719552434899323045352895852877559963788512158351017166274818907714477171007326,
chandrasekhar,20,249,6.225e-1,1.207733693923589815267948956573450339470414055714381663222066426955617832681895590342572966769971804,
chandrasekhar,20,250,6.25e-1,1.208102739589635754647641229701193558074771076320356775679478331925587126009885332985557372057838271,
chandrasekhar,20,251,6.275e-1,1.208470386419660559444016703963144985835101104758132021133207494321595246028486555849393547563486739,
chandrasekhar,20,252,6.3e-1,1.20883664296958061381349159208612543598013583900786737263425890364433938685875700035996131531667726,
chandrasekhar,20,253,6.325e-1,1.209201517719522367074232343095820779719876127141763147213325365692511043213705150475149847361806034,
chandrasekhar,20,254,6.35e-1,1.209565019074734825918231745725970495517423799537157060799475716692645264253248675490748204097257543,
chandrasekhar,20,255,6.375e-1,1.209927155366487822801210288084757213308116225150670879635560087125403436116409244985556105187814347,
chandrasekhar,20,256,6.4e-1,1.210287934852956335962308510996561719113176940698192906522715788869908348322838257532981271728604819,
chandrasekhar,20,257,6.425e-1,1.210647365720091130124361012822055423447523868448045354271380906845575278110884852516686473023286926,
chandrasekhar,20,258,6.45e-1,1.211005456082475980697960878963246639807458561049837256583397844639407787908499538065409630109396026,
chandrasekhar,20,259,6.475e-1,1.21136221398417173825315948417284109543167459908674169448028075802987877719612347401149190507642056,
chandrasekhar,20,260,6.5e-1,1.211717647399547484126312561446644905534209941060204217783764209939005264918584962177105172657400899,
chandrasekhar,20,261,6.525e-1,1.212071764234099022291270509887766006060590888555090279064905079006214584289870727245924976574656983,
chandrasekhar,20,262,6.55e-1,1.212424572325254947038983246685940797163096622550098286217796006510986858160713477008976082881329637,
chandrasekhar,20,263,6.575e-1,1.212776079443170520572977773323915688507718712491186008683333837256618527906460878663976478860112062,
chandrasekhar,20,264,6.6e-1,1.213126293291509589335560132747557207427686268857616034478911066191015367707571914132151282092249356,
chandrasekhar,20,265,6.625e-1,1.213475221508214762726636461842875846457840636540123075501907823749112242669655464970259159326890363,
chandrasekhar,20,266,6.65e-1,1.213822871666266072859532231907178962182688685907546226325178712131359743656747725090488924662512564,
chandrasekhar,20,267,6.675e-1,1.214169251274428329112048750259674995564611038564276155205808120166229449749752379763640279253977884,
chandrasekhar,20,268,6.7e-1,1.214514367777987376472302852705253870748283090891295737023021039090311185577657887980353948271578126,
chandrasekhar,20,269,6.725e-1,1.214858228559475462043852666357507998720246843491854209137350531703258326382996930684883927180667448,
chandrasekhar,20,270,6.75e-1,1.215200840939385909559549605760987861658780997730166126295152024788052859385319853784332354897674948,
chandrasekhar,20,271,6.775e-1,1.215542212176877297354926936588453564618040081992839532272373995785035139748426083788243808208480941,
chandrasekhar,20,272,6.8e-1,1.215882349470467330966308650531829708317352911479381169705639534447285101535096887711056396438873164,
chandrasekhar,20,273,6.825e-1,1.216221259958716597342882853310074209639796770975649305495807751766421898504813878995653170175694174,
chandrasekhar,20,274,6.85e-1,1.21655895072090238359252448673331869351923579066482694105393065042604512982982051209847109550131115,
chandrasekhar,20,275,6.875e-1,1.216895428777682739215071405249970073814502820677211347259906961628568803183339007516055379702651865,
chandrasekhar,20,276,6.9e-1,1.21723070109175095691105550229969125771100793277874310696052119675251553111031521360672199628657486,
chandrasekhar,20,277,6.925e-1,1.21756477456848064328566442237282078579861083445199307501450701922651084936283832990803787049303833,
chandrasekhar,20,278,6.95e-1,1.21789765605656154709415135304826839787062416120974222637461178587402445638644162931490162438356219,
chandrasekhar,20,279,6.975e-1,1.21822935234862630909330328792472678713891851285395670791781339733322705664000738490996703264544309,
chandrasekhar,20,280,7.0e-1,1.218559870181868294071292415628985882931346528174683332994418520898490647594802735562773009880605091,
chandrasekhar,20,281,7.025e-1,1.218889216238650662222725828959367375081026478578975589861740867293861283039401181023580920189255549,
chandrasekhar,20,282,7.05e-1,1.219217397147106833714511937801292694411919038288549520283915867492881166123138507977560388446301581,
chandrasekhar,20,283,7.075e-1,1.219544419481732497048892763968217468250308575301390046302925067137845366517053167625191492292279803,
chandrasekhar,20,284,7.1e-1,1.219870289763969308670340449477753558987936308263339419260622381792556874538825638479232458232833671,
chandrasekhar,20,285,7.125e-1,1.220195014462780428180747704843673796626101218769879819285746218626111698368015321695999846548404686,
chandrasekhar,20,286,7.15e-1,1.220518599995218030520290005111794418982010257388201044166013650583605911096138061545996032034542596,
chandrasekhar,20,287,7.175e-1,1.220841052726982933537404645838565588637772985066999254689535488147204744968368531488290524930106064,
chandrasekhar,20,288,7.2e-1,1.221162378972976476508486555272489202175076108826180145622225033491642682912880463153125138163035572,
chandrasekhar,20,289,7.225e-1,1.221482584997844782374174714855942653299740258029073308761314801343182883576215179938382356915876652,
chandrasekhar,20,290,7.25e-1,1.221801677016515533732589099890514047522350874514322711922375514431788923422367472854121760257469363,
chandrasekhar,20,291,7.275e-1,1.222119661194727389968728275070195056126511030397219932897368734027368354066069909252981556861839182,
chandrasekhar,20,292,7.3e-1,1.222436543649552170301661319334075573174135604990952375206286870802374858322084258376530584512283127,
chandrasekhar,20,293,7.325e-1,1.222752330449909924995408903309729236630218949474155316040420963828546257370390691196279616116356259,
chandrasekhar,20,294,7.35e-1,1.223067027617077014503824648606764770518200780719643742920785154555640858938492711384633778448980404,
chandrasekhar,20,295,7.375e-1,1.223380641125187313902728353374021840371150050029561975320639277012111082094672240569608842135913781,
chandrasekhar,20,296,7.4e-1,1.223693176901726657602425964384061860628387186106510400160856345799061776013373867687423065939766656,
chandrasekhar,20,297,7.425e-1,1.224004640828020637029044024048156784288297281818296341660719806829154679553160824817620306328244133,
chandrasekhar,20,298,7.45e-1,1.224315038739715861712321835649388172345195224493242427515074552140098008432411919914707443559896136,
chandrasekhar,20,299,7.475e-1,1.224624376427254792019200731586855215216890980337303093880770385968557415742339301775921708762266472,
chandrasekhar,20,300,7.5e-1,1.224932659636344249625327902762427235034365359381768799237327576442803314974056354126539242847476979,
chandrasekhar,20,301,7.525e-1,1.225239894068417709719095457935532357844789655544510210550501438925219849523765207966606155643324781,
chandrasekhar,20,302,7.55e-1,1.225546085381091476883747443589701871558198555379420834060101376387101770239531683613192158472653436,
chandrasekhar,20,303,7.575e-1,1.225851239188614844601131348004458041521629899609374843886469586936166725060801055334032784272619895,
chandrasekhar,20,304,7.6e-1,1.226155361062314336364606892291304220684004713277311813192147096563959696553976661346936635697162961,
chandrasekhar,20,305,7.625e-1,1.226458456531032124477251058847657092764528883356316162860622918570262309260897265917465882026544105,
chandrasekhar,20,306,7.65e-1,1.226760531081558720743647134080723252593805921146200910131958733575033208853381756322985292050600397,
chandrasekhar,20,307,7.675e-1,1.227061590159060031438084127120678927255380797354435126439293786359240892397503850647293000393112432,
chandrasekhar,20,308,7.7e-1,1.227361639167498867147821502888049572980653419831213281921556773200719472083294757574659445624765027,
chandrasekhar,20,309,7.725e-1,1.227660683470050996346125046901551230257305178980707725408372320985197174184552996463493772440969851,
chandrasekhar,20,310,7.75e-1,1.227958728389515829845016210586338102839153140126894411741360037787430677780821540293804700416822597,
chandrasekhar,20,311,7.775e-1,1.228255779208721821611092857872236579408979920717340748215414375166259019339415411769815277926774178,
chandrasekhar,20,312,7.8e-1,1.228551841170926669798396407570274452845433130834567995962201376373336048032501785422009121155386345,
chandrasekhar,20,313,7.825e-1,1.228846919480212400259169543558065941732795217118488383062218660638784111525244475894222721830549313,
chandrasekhar,20,314,7.85e-1,1.229141019301875413235547790739464149056745311839541453574325568648255004692783331325848174328237856,
chandrasekhar,20,315,7.875e-1,1.229434145762811572411861548716356443738591005759832570921506639245815729084895790068122187729487745,
chandrasekhar,20,316,7.9e-1,1.229726303951896414017422394888924986046821303791889216549140070015855180662344174050734277017930168,
chandrasekhar,20,317,7.925e-1,1.230017498920360552212583102358101800627762152666701797390543624478149288746340269379964366738919394,
chandrasekhar,20,318,7.95e-1,1.230307735682160355565673304148017638185608179871230303324448103403300229615617078019336977670608779,
chandrasekhar,20,319,7.975e-1,1.230597019214343968034323710258660465304159734012158800974710812259805816101000936634612591645503223,
chandrasekhar,20,320,8.0e-1,1.230885354457412746500925355207311817466979565388858638713516359201996193950625778346308480972579885,
chandrasekhar,20,321,8.025e-1,1.231172746315678185577772397464582136703942008425919471849008414098907451979160229054475370672107959,
chandrasekhar,20,322,8.05e-1,1.23145919965761439909207447636680989335060282080872459813115791171794551026646477037439267281455615,
chandrasekhar,20,323,8.075e-1,1.231744719316206226383784961323527607178198729234070877522657661242074525191418028436068164503232694,
chandrasekhar,20,324,8.1e-1,1.232029310089293030299381811589817931969387083744278170356476315309721031686436138047628500890758829,
chandrasekhar,20,325,8.125e-1,1.23231297673990825254168460540686927338424739856618930756224409253279034668829160011424393283496942,
chandrasekhar,20,326,8.15e-1,1.232595723996614790838839601389121541867508147252268244631494223822034229974143417172829545691338589,
chandrasekhar,20,327,8.175e-1,1.232877556553836261224117502499208648466021621017647178985592615003096948321171090113651410494594223,
chandrasekhar,20,328,8.2e-1,1.233158479072184207571526426019424437156837595689188872803704546748348092836191514052460712421960071,
chandrasekhar,20,329,8.225e-1,1.233438496178781319409842913657702575140430942175474812990198363585853818094325022334959226439894428,
chandrasekhar,20,330,8.25e-1,1.233717612467580717938920551493862994092638969239236106294125964730471598443350676827576862407791617,
chandrasekhar,20,331,8.275e-1,1.233995832499681369096478754616358634970359443118559866804947687650709965612057469691073299798312058,
chandrasekhar,20,332,8.3e-1,1.234273160803639681470448807301703052500501179540632980598177643761913451824261822314289357989997637,
chandrasekhar,20,333,8.325e-1,1.234549601875777345820820629193431996302844144811653872821646133173686787441618734181253616195761547,
chandrasekhar,20,334,8.35e-1,1.234825160180485471965266795642552630249519113929444853012256587566166956151106665940696112945972623,
chandrasekhar,20,335,8.375e-1,1.23509984015052507779410901752839804203178844844849015579184550972438513647054367404792528394706382,
chandrasekhar,20,336,8.4e-1,1.235373646187323984211939210076348043087628953461248964012473325665596337011403205071986718003098877,
chandrasekhar,20,337,8.425e-1,1.235646582661270168854928358408268816330080354279195512873824165201956528295294528939893233038648521,
chandrasekhar,20,338,8.45e-1,1.235918653912001630504080412612772056962500147243640254860819264164073638450935554449462206651105643,
chandrasekhar,20,339,8.475e-1,1.236189864248692815204956714889437572395302483749901210740947757517055915496197312470849356567204303,
chandrasekhar,20,340,8.5e-1,1.236460217950337654213262410362256378380279821139041596884043863765572724015935775434559577336872886,
chandrasekhar,20,341,8.525e-1,1.236729719266029263012715136224547171164823518437626859049520863592755828585709616887616438781191828,
chandrasekhar,20,342,8.55e-1,1.23699837241523634979638467093407015632098168349942202934286032243520778789596984338206444965764463,
chandrasekhar,20,343,8.575e-1,1.237266181588076380964787907511876147300797009822909195453037892047390140674010591175293989879924207,
chandrasekhar,20,344,8.6e-1,1.237533150945585550373045022046017298396026154770071681052206017312809908590342675384438531259046327,
chandrasekhar,20,345,8.625e-1,1.237799284619985598254959034994923659657099577069002934113653838005207123463502500435931953937939885,
chandrasekhar,20,346,8.65e-1,1.238064586714947524963591265983901215341412788204980460199586974132180926610246648188609947686436947,
chandrasekhar,20,347,8.675e-1,1.23832906130585224389539848883020578190841671590441102647999219340702549158167256349035081538057396,
chandrasekhar,20,348,8.7e-1,1.238592712440048217207912514083358488349064089265015935073648883948135447570910263546520266612769665,
chandrasekhar,20,349,8.725e-1,1.238855544137106117198927383242543396174220225839101737936929728106710685336904925321830143914015173,
chandrasekhar,20,350,8.75e-1,1.239117560389070555487870317761754892366567106559307765454424915516551366763895282318041860247169207,
chandrasekhar,20,351,8.775e-1,1.239378765160708921427135778713927292780274019170763827568194621582888430506179280785614763695055299,
chandrasekhar,20,352,8.8e-1,1.239639162389757370472331747418698200739499488208711504763361449000754043709984498981896962906637691,
chandrasekhar,20,353,8.825e-1,1.239898755987164002555306215369039769950595473393026493399440169268988477812848345910387185421683186,
chandrasekhar,20,354,8.85e-1,1.24015754983732926983218051488744255665799999989949885813347052390719481225970551773345506044316886,
chandrasekhar,20,355,8.875e-1,1.2404155477983436525201130038782722301010899458981053545002436983844109014484293727550092069830286,
chandrasekhar,20,356,8.9e-1,1.240672753702222640890857824705350240238573031696132880331062710093715961924603630450661912994707371,
chandrasekhar,20,357,8.925e-1,1.24092917135513906085608247321223564007564640257907118590774831618696205094441728064639278388382533,
chandrasekhar,20,358,8.95e-1,1.241184804537652779958585415705114596510047551257219369060419521773597980386917780584981225508410678,
chandrasekhar,20,359,8.975e-1,1.241439657004937829974738647237710008123782428407600791030522440686099045163091678937306224315804442,
chandrasekhar,20,360,9.0e-1,1.241693732487006981736404358758047549648127324415748823060499382226843606270054229384733508770469008,
chandrasekhar,20,361,9.025e-1,1.241947034688933807194980847262997614500837070474022005680757689977960753997079232618509992094232886,
chandrasekhar,20,362,9.05e-1,1.242199567291072263175867961741118870936884727671692807779166736144782884737654357321587897584975647,
chandrasekhar,20,363,9.075e-1,1.242451333949273830708260476952514817616270696533366428743213395476126854572142310168360937823942012,
chandrasekhar,20,364,9.1e-1,1.242702338295102243262538652730920800387273984612810579485122960414326288529271850026829747319428492,
chandrasekhar,20,365,9.125e-1,1.242952583936045836685394604816537534448449147385246587205683247953926297249198149705705248905529162,
chandrasekhar,20,366,9.15e-1,1.243202074455727553090982469590459342159712658188996897063075074823479396245119617437781480165190687,
chandrasekhar,20,367,9.175e-1,1.243450813414112630444586767170450956022724689997921243032593009825471403149027375063379192981064118,
chandrasekhar,20,368,9.2e-1,1.243698804347714009063349373160498914410258921831104031320066492750926639049698718181974724686722571,
chandrasekhar,20,369,9.225e-1,1.243946050769795485756268909803969793845437347172923173850768195847295303793164720396144098826798385,
chandrasekhar,20,370,9.25e-1,1.244192556170572645832780123043316945698043931417840985534068341745902028841553285272104409624475748,
chandrasekhar,20,371,9.275e-1,1.244438324017411602725532894674925458611817256316630358762632478618517947163473356027813269324194795,
chandrasekhar,20,372,9.3e-1,1.24468335775502557449832379629660283086727381646108648200724162762884032811928627722803987420081,
chandrasekhar,20,373,9.325e-1,1.244927660805669326044295117489566630298978172248678233100877223071085124206739851063411380619752552,
chandrasekhar,20,374,9.35e-1,1.245171236569331505322319306709124120931528540567090744802779977966096028073058427242814154018005536,
chandrasekhar,20,375,9.375e-1,1.245414088423924901530747457218445283479220339898283456114420992793179831118716169801939828643597334,
chandrasekhar,20,376,9.4e-1,1.245656219725474652677239935570505834674311078062982675813978344222334599666596049230696525327137795,
chandrasekhar,20,377,9.425e-1,1.245897633808304429571040829998638065888835886046657589373010060748809370734187629247106699662500379,
chandrasekhar,20,378,9.45e-1,1.246138333985220622839635081213090673309077361008324116173289463942840486065780104631633357947131522,
chandrasekhar,20,379,9.475e-1,1.246378323547694559155071476945117903552856609999767748968584256977910721918777694943301767344836423,
chandrasekhar,20,380,9.5e-1,1.246617605766042772446183604162691840893705186689771985449628307745354566512720333266000156776454226,
chandrasekhar,20,381,9.525e-1,1.246856183889605355471335647688145367611877993617885422473426171356970559943522369715145977275665287,
chandrasekhar,20,382,9.55e-1,1.247094061146922416732005617739443187175097849740126471144258949298728288974418708523754331405479926,
chandrasekhar,20,383,9.575e-1,1.247331240745908667320343829434592144801015684670677088169515300516814363933393157244859108952264829,
chandrasekhar,20,384,9.6e-1,1.247567725874026161913661428757911831281299881575426470288609347607337347075645298293516853179792951,
chandrasekhar,20,385,9.625e-1,1.247803519698455217755468090773659181520931468338330964778373901803304062079496547475297603804591554,
chandrasekhar,20,386,9.65e-1,1.248038625366263535096048691360882806894060486236239039537030505098870306254397313276000435848893688,
chandrasekhar,20,387,9.675e-1,1.248273046004573542205508026649789868995889089745579999079382096695667864307246258184765925285748654,
chandrasekhar,20,388,9.7e-1,1.248506784720727987718585962536750742181990495796055774591161375939764854770360777734648197618564655,
chandrasekhar,20,389,9.725e-1,1.248739844602453802723221280867475833143825957979725439717972077749337654145414677555018393011589672,
chandrasekhar,20,390,9.75e-1,1.248972228718024254663692513190062970903846137137274807925043496363754509193515740536489354351214893,
chandrasekhar,20,391,9.775e-1,1.249203940116419414794062727579682648066011194869821908289187746863094703311472911952983133656689712,
chandrasekhar,20,392,9.8e-1,1.249434981827484960588479940131549329933503505695467740864761484635169937417680304741479736738455995,
chandrasekhar,20,393,9.825e-1,1.249665356862089334191515739552472050775354105061745596942809699625899800822238780446238739349784047,
chandrasekhar,20,394,9.85e-1,1.249895068212279277674044747192260485321409427014325043867193231940633253737012911340856453262633428,
chandrasekhar,20,395,9.875e-1,1.250124118851433765548062250312563488940268629806525125674136010921796854254399808352234429169764249,
chandrasekhar,20,396,9.9e-1,1.250352511734416354687194898941673727880984283662289076736345560681730510492989918992107922541872304,
chandrasekhar,20,397,9.925e-1,1.250580249797725971498370427751193590910463366874853148604930175665956087289261453642405817114358323,
chandrasekhar,20,398,9.95e-1,1.250807335959646155894070097962373090849770371631561225118070793217179789395385947157871875687710106,
chandrasekhar,20,399,9.975e-1,1.251033773120392781323687495163543265219759452024233439272033017060563648661403572420846551329272551,
chandrasekhar,20,400,1.0,1.251259564162260269836657352840157090687971799666769349696698627991403333407362408597781041367081258,
chandrasekhar,30,0,0.0,1.0,
chandrasekhar,30,1,2.5e-3,1.004025470715557160156941914394700658647025951676897978063562425522796981582852600644162368197705686,
chandrasekhar,30,2,5.0e-3,1.007210259676017087540559903373944017198109857187890536811703759262074639359214748182807977070146011,
chandrasekhar,30,3,7.5e-3,1.010070271651866041967150330667636123985226716676507939063794554839432705847790056135341920367775586,
chandrasekhar,30,4,1.0e-2,1.012723758758352646707222388748121371528013705408440787351601890969272222156539022952955581845793717,
chandrasekhar,30,5,1.25e-2,1.01522502517257352568799361772047997698501910621529549946259830528410130741311015097632821444139178,
chandrasekhar,30,6,1.5e-2,1.017605687106649157568549473305280552722673537848060279221302484443585000034768251169329725992605155,
chandrasekhar,30,7,1.75e-2,1.019886524326147373535761071060055489500396954034210364525664175648831437528698852148727358540615072,
chandrasekhar,30,8,2.0e-2,1.022082256631873216348988645601060928090490277826811459449176557384013338683812171152160709373249283,
chandrasekhar,30,9,2.25e-2,1.024203861834264085296203680029656830097927374656198961489196741458288365242523466566027174350231318,
chandrasekhar,30,10,2.5e-2,1.026259842310624382263090074922187723154214397202029362363968756672404022684524213824549728774977367,
chandrasekhar,30,11,2.75e-2,1.028256977116613936618759478763229226242754814298666040204680657798383633378053215185323519095527319,
chandrasekhar,30,12,3.0e-2,1.030200797226955724917851468169232395952935844058246825353641603899608442807814458678468990998214413,
chandrasekhar,30,13,3.25e-2,1.032095900715923422346561577572778772306443492583694783439101465948747698497095977332737532470822923,
chandrasekhar,30,14,3.5e-2,1.033946170075090575281791573090444759535738820835466243815402774807307098647550865755956930795366046,
chandrasekhar,30,15,3.75e-2,1.035754926928270898938154444567175536322185957860197303088316139372795527221017195076656555787443045,
chandrasekhar,30,16,4.0e-2,1.037525045174144187992046070960765587497772674142541293508863657406765213042377901660210950930121767,
chandrasekhar,30,17,4.25e-2,1.039259035639711890164233913566708725475343188748944606152648924270062972899006660483070372220489204,
chandrasekhar,30,18,4.5e-2,1.040959110678398072658806561942577149127383079968240232056686076073093382323246610571046268017311487,
chandrasekhar,30,19,4.75e-2,1.042627234317784576344438081212204065460130661227696839476351152728629496281561523233378987833361644,
chandrasekhar,30,20,5.0e-2,1.044265161781769614185215341066128276969906908619953385926855893361800717199003340271407944828945881,
chandrasekhar,30,21,5.25e-2,1.045874471058315108479440151560676367550829248506190349618454244827065797724921196193632130352449702,
chandrasekhar,30,22,5.5e-2,1.047456588416866462005957669164572655091454982074221873758722094007747260944372642222700447409956705,
chandrasekhar,30,23,5.75e-2,1.049012809257706324249519977069620124415518243866857095387729341570852892068985301701154986895931387,
chandrasekhar,30,24,6.0e-2,1.050544315313227236678541547224411092106817796184363976721701715782391753941644176777684888170655758,
chandrasekhar,30,25,6.25e-2,1.052052188964957756403032281343873571364217363517546462302473325457677544803159228173079274285136755,
chandrasekhar,30,26,6.5e-2,1.053537425256049257738970708195777344305529123500321527112843248003578558296750454553457090828799272,
chandrasekhar,30,27,6.75e-2,1.055000942044576422124483578077400944914629120446454081841648418869129245335051549128121259701715277,
chandrasekhar,30,28,7.0e-2,1.056443588643619290063199909882048072492289034700481742100857956525709215831526910918495545551252442,
chandrasekhar,30,29,7.25e-2,1.057866153219650655097666061177568104124096246819313724157965926570204827461144970542770486026380585,
chandrasekhar,30,30,7.5e-2,1.059269369164344712255999308275976673894614106563350907577294465679644854853712248008104986722590584,
chandrasekhar,30,31,7.75e-2,1.060653920611724928775149586924115831874401782943576054171001582684765644234993180984926302022558404,
chandrasekhar,30,32,8.0e-2,1.062020447239160579387973650022812326639779483814060919873444638969669391126109418527302218631510563,
chandrasekhar,30,33,8.25e-2,1.063369548464646864385964654124931484182134175266124059371354123089492712664076852113625372954235886,
chandrasekhar,30,34,8.5e-2,1.064701787132279324793815291432481601297630552099714761778483618801038151837514393770819941637393615,
chandrasekhar,30,35,8.75e-2,1.066017692761549283035369056163343984812604482192894856625974123827377035867405422891074924083728835,
chandrasekhar,30,36,9.0e-2,1.067317764423071046941857591835964472853414737719329288338976619894094139270485342205913053141988266,
chandrasekhar,30,37,9.25e-2,1.068602473292875157672771005653898846460518185352177423736446424580855901955547588092529641742850588,
chandrasekhar,30,38,9.5e-2,1.069872264928914274174297312503489667353949259719778163289052764083917290050342304249216680610429378,
chandrasekhar,30,39,9.75e-2,1.071127561306509414216603566270776549280910987036650984944997222874947045616625735726550935580380769,
chandrasekhar,30,40,1.0e-1,1.072368762643791441425903007522981703995838758339119444320673621778247252359427297525562460960960041,
chandrasekhar,30,41,1.025e-1,1.073596249043515948197216289335234492425701568043780525014330270196363105727304879603802371401788378,
chandrasekhar,30,42,1.05e-1,1.074810381973754100764351851797675482072350018853054533103873341682030381372014353819364007654640738,
chandrasekhar,30,43,1.075e-1,1.076011505606734533645439308635282606667144736131716363221451444645404190171472692979587352089289319,
chandrasekhar,30,44,1.1e-1,1.077199948032411074024467718116124092920494365975732457569678492111834684181833510155905597825978291,
chandrasekhar,30,45,1.125e-1,1.078376022361061811706063584580130263711823437861856391906928773543698696642544950535181904275096327,
chandrasekhar,30,46,1.15e-1,1.079540027727309953080131649073622781775539028440392130017781661964221226167367810076295701737352382,
chandrasekhar,30,47,1.175e-1,1.080692250206334230026074207663206273109592495660185328547944682197131231027550604768285275409267892,
chandrasekhar,30,48,1.2e-1,1.081832963651656459503605845637184171038141150384820720058232646997286008211230568848582470914730777,
chandrasekhar,30,49,1.225e-1,1.08296243046271563316988322362932905030545424849682298267800519310835535516424611812285814306057545,
chandrasekhar,30,50,1.25e-1,1.084080902289428589415067634038353168757218477848695501536898142684048192234362884145077930533238336,
chandrasekhar,30,51,1.275e-1,1.085188620680069781283177352577368417887912008213981723804339313534696842822426289887078485776818685,
chandrasekhar,30,52,1.3e-1,1.086285817678054596372259556109362966513734395123409825069993046104266979933976290612153900994010428,
chandrasekhar,30,53,1.325e-1,1.087372716372563673225091228258917524874104495568719612804224186011796697916523099157265055682515251,
chandrasekhar,30,54,1.35e-1,1.088449531407384395852854783288243285417139862453566204271238764915232311171715271880734946065479029,
chandrasekhar,30,55,1.375e-1,1.089516469451857492902677154980102793790698928728447931490538683844495136380732917182794685253224373,
chandrasekhar,30,56,1.4e-1,1.090573729637390769885534065472077940248481677051981753096389838013269575934535945603532027401975647,
chandrasekhar,30,57,1.425e-1,1.091621503962629527272846599617439049236882881560194769447502639470389082759143033824884720179777948,
chandrasekhar,30,58,1.45e-1,1.092659977670046643971025990848532713755664757540016597682197353231908498766882982737798156476335008,
chandrasekhar,30,59,1.475e-1,1.093689329596428284468513066874445092054488222136841488826497402510474394792353206890827925588197516,
chandrasekhar,30,60,1.5e-1,1.094709732499478339791526653106974568803467004492300940616264115039875289625996180679097475593772408,
chandrasekhar,30,61,1.525e-1,1.095721353362541467230926163675008350722759120116747593723712552115115568568960507963470209232297839,
chandrasekhar,30,62,1.55e-1,1.096724353679247057574778626001306387001027401972646913122617653019942291772248590739672180411367824,
chandrasekhar,30,63,1.575e-1,1.097718889719701304003856610290745203187034289396476754791817153707804196137222565917343126611830544,
chandrasekhar,30,64,1.6e-1,1.098705112779698923159871412222275594111761424591831770716292929692019579148187286697676217758424066,
chandrasekhar,30,65,1.625e-1,1.099683169414287537395392410799856103162325405394251352700971576099889830220161849897394941846788908,
chandrasekhar,30,66,1.65e-1,1.100653201656894159033459041630943003522902264393347105074977772241810744848042111307027486694014192,
chandrasekhar,30,67,1.675e-1,1.10161534722511280210519477141302494934393685371503422148896232704873980118462155841075425720108725,
chandrasekhar,30,68,1.7e-1,1.102569739714153409190028872611452391147049318345983272045645992747345645301457604379488854146563657,
chandrasekhar,30,69,1.725e-1,1.103516508778863654401279657043488567765002215239275502606479790720205940288529784550148912772527782,
chandrasekhar,30,70,1.75e-1,1.104455780305155580668445480336839978190932389688102753412237659849533592816325560604702872961964353,
chandrasekhar,30,71,1.775e-1,1.105387676571597415791751462952201956736053868124817651107099988017274497796286497779795857693694687,
chandrasekhar,30,72,1.8e-1,1.106312316401866384292286145849534540213209141184781056550941054480200994618226006040306359441167134,
chandrasekhar,30,73,1.825e-1,1.107229815308700101038531814195479377608346377357002745034122073981968977598919714353627022699910336,
chandrasekhar,30,74,1.85e-1,1.108140285629931505820850428526101165891483970115806567000693124624500029073538092091223827765568575,
chandrasekhar,30,75,1.875e-1,1.109043836657144667705015580425120330124919355389789110678117976238222296346049670724748070510003666,
chandrasekhar,30,76,1.9e-1,1.109940574757445619489783681365794063537884726893724595071946897340677955273680314946577011979990835,
chandrasekhar,30,77,1.925e-1,1.110830603488803204772106954406716319603251295818545719079805722292766236873706019645636737539029493,
chandrasekhar,30,78,1.95e-1,1.111714023709379317057424689437266415015759620152933265024587369358636091595898414407071726121212594,
chandrasekhar,30,79,1.975e-1,1.112590933681235514235692458751868493616648365913632800646889792735977908817702494175705517634897664,
chandrasekhar,30,80,2.0e-1,1.113461429168773476787937321707861774936024026077545053479632389800748560164610758408112598545374013,
chandrasekhar,30,81,2.025e-1,1.1143256035322398552571505146572968027474332616367949888679368614233390372127192136117111568660237,
chandrasekhar,30,82,2.05e-1,1.115183547816601464979358470431047305764122571544687314092667959723875315783710268223309698118087737,
chandrasekhar,30,83,2.075e-1,1.116035350836074305261088584524720297482474198358018917235701193886465059830748625505354860709818532,
chandrasekhar,30,84,2.1e-1,1.116881099254569302396733068182528848556040752086999661508509457766465747082818639802266720633238797,
chandrasekhar,30,85,2.125e-1,1.117720877662298819319340211634384024878546745303836122002336917297943030804911884718916921110956596,
chandrasekhar,30,86,2.15e-1,1.118554768648770676752921475131373803027964928636775608531669954408230617868126980622711177438474587,
chandrasekhar,30,87,2.175e-1,1.119382852872380546020805698655218485197551717920917234932508468100055002725539323072722207499645546,
chandrasekhar,30,88,2.2e-1,1.120205209126798971790553336800465749896995755720065573836680120094320308340848158893756128186199714,
chandrasekhar,30,89,2.225e-1,1.121021914404335847000366709291896631092669398639264913282618486190249628561671886523572076882346988,
chandrasekhar,30,90,2.25e-1,1.121833043956452786878826132022038033480979914805332626754494101720668419900310067162045201643174209,
chandrasekhar,30,91,2.275e-1,1.122638671351582439746669049627668405740855432323142365211560426318787118562136036831949460168733005,
chandrasekhar,30,92,2.3e-1,1.123438868530403243965704001957021070736325817562872209882573174033888669790576132257688302901419459,
chandrasekhar,30,93,2.325e-1,1.124233705858708416124943107748213569276986026146506116890176364335112696290389398123844862296074859,
chandrasekhar,30,94,2.35e-1,1.12502325217799896593526581637334486299003873508749607377688878939955460065122054787354716010331064,
chandrasekhar,30,95,2.375e-1,1.1258075748539222156120468077078195333871800443109762103734794282929663027117156898951727021193896,
chandrasekhar,30,96,2.4e-1,1.126586739822669598990734812177901648728691197368066046622235893282624997125181512230014820730185232,
chandrasekhar,30,97,2.425e-1,1.127360811635440376811392994344840508360703911688195095914720673300849568188050888596041757484626901,
chandrasekhar,30,98,2.45e-1,1.128129853501071282878579601318948610580074023106258988931522827696676237560801108223674057893678584,
chandrasekhar,30,99,2.475e-1,1.128893927326925968802776802522501999140195763637840976685977158256905250045836107563753495003267481,
chandrasekhar,30,100,2.5e-1,1.129653093758132404270153192129324456485905372256078413544063813641891417306216042356781784737287904,
chandrasekhar,30,101,2.525e-1,1.130407412215251080254122632352792147942935338735552643048067383039785522414152485547724596056013221,
chandrasekhar,30,102,2.55e-1,1.131156940930451922389504551945282079218081026791586930280898750058976853946491730649827506541681652,
chandrasekhar,30,103,2.575e-1,1.131901736982273221814302881456223167578144958905946611088060849568106031529844492416927675176473653,
chandrasekhar,30,104,2.6e-1,1.132641856329031604628393370310599114036817280132608919450942309999056615456345507705135789497023672,
chandrasekhar,30,105,2.625e-1,1.133377353840948064507383465238837698945229025805802126938491351223128094339105326697616453301587641,
chandrasekhar,30,106,2.65e-1,1.134108283331051353809923145451252226832668709893235261778485280699353844061389016484947445924274386,
chandrasekhar,30,107,2.675e-1,1.134834697584916546478936826562043073493116592869004641786600627832585394100185713938918796313432521,
chandrasekhar,30,108,2.7e-1,1.135556648389293332620944980485147095424319595762582119567118430751371545337317214859519679926548599,
chandrasekhar,30,109,2.725e-1,1.136274186559675562861791741760127459401432930910882784342004577651880358201344912923158304274398799,
chandrasekhar,30,110,2.75e-1,1.136987361966860714837708587919831585122256167625763566232122708200302827332770248934719951279057793,
chandrasekhar,30,111,2.775e-1,1.137696223562545290182565029237595325991920759429327354883060028642067696482030695888340386943513114,
chandrasekhar,30,112,2.8e-1,1.138400819403999654973537824350609295483013135675709695957863798251665308821049232864961885072929033,
chandrasekhar,30,113,2.825e-1,1.13910119667786349771559472130746254795042836337102686241097931471256053686398952845430686324734553,
chandrasekhar,30,114,2.85e-1,1.139797401723100885462653681496698059606224307666382743051818309569364827885336687712278589824452042,
chandrasekhar,30,115,2.875e-1,1.140489480053151840352863366677208670655386752309722095356367724225191905191983992226374032008488839,
chandrasekhar,30,116,2.9e-1,1.141177476377315426243526982216640656222878443493479584192962384586473591104487917325887814467530793,
chandrasekhar,30,117,2.925e-1,1.141861434621397519568227910322880467246111859752976302418752653541684191463331390047621694831716315,
chandrasekhar,30,118,2.95e-1,1.14254139794765473197636750372173424859672591776434783288350078303458466043254325920323870500334646,
chandrasekhar,30,119,2.975e-1,1.143217408774064347339404048162083495367950873766774593632281051220006271480257115748443931155266551,
chandrasekhar,30,120,3.0e-1,1.143889508792948625466806737389957830036900774977884375078904871239340357820088744515206693267341887,
chandrasekhar,30,121,3.025e-1,1.144557738988980403031745061735896724934676385719381073691781539189112889290476169603456146094911303,
chandrasekhar,30,122,3.05e-1,1.145222139656595582898163709456236096642251353177728497186490961522404966780329265701771851990674576,
chandrasekhar,30,123,3.075e-1,1.145882750416836840837343215118366024061384748160628675822991224252642545813798498625631661847460097,
chandrasekhar,30,124,3.1e-1,1.14653961023365168849200303577734007523803098672093524312329494945028474107042942733529090911099954,
chandrasekhar,30,125,3.125e-1,1.147192757429666908724418595387106588999664904917074689013847708255373592417761153481293129982290421,
chandrasekhar,30,126,3.15e-1,1.147842229701460319843735474961458140709966775216628694172556071518815829941225443269489642211087961,
chandrasekhar,30,127,3.175e-1,1.148488064134349824628588096524931361574155788795428158810032589994971769811201028207852569303709748,
chandrasekhar,30,128,3.2e-1,1.14913029721671875481177886115486951561018886585681430164030060006267508663292890992830083379409222,
chandrasekhar,30,129,3.225e-1,1.149768964853895628304882517322995227304424335918116577311874186572189215873213463706916464140496791,
chandrasekhar,30,130,3.25e-1,1.150404102381605591685709205833010662458301183967835469645290428058877600029356930958023158445622991,
chandrasekhar,30,131,3.275e-1,1.151035744579010021348127151562578183769178627271961950826939573844058507088602688056390159451410139,
chandrasekhar,30,132,3.3e-1,1.151663925681350000426242267014693226992565020183129429701860925768673569541764690651109176739093789,
chandrasekhar,30,133,3.325e-1,1.152288679392208672548961912747213423973836053813643316139934637410650452883917096028037578304390844,
chandrasekhar,30,134,3.35e-1,1.152910038895406795228900695596487601552925654494872071931923507522672555326656707557628747165081213,
chandrasekhar,30,135,3.375e-1,1.153528036866545172977319600508188000265965616216439593759909822171499925222137876930898544608968618,
chandrasekhar,30,136,3.4e-1,1.154142705484207040951616698482701286967796142676641806038438548447565637313375465995459091615982329,
chandrasekhar,30,137,3.425e-1,1.154754076440832892111325852800053132336598649357837406066252787782479482450939817898987139991904737,
chandrasekhar,30,138,3.45e-1,1.155362180953279692640110614901731226639985545335179985875919086138524478026286003375589692071036185,
chandrasekhar,30,139,3.475e-1,1.155967049773075910062865673568008360878388862202479850180071645341465260696480095588347275105588888,
chandrasekhar,30,140,3.5e-1,1.156568713196383284438586006208993885373783731928301874443731816486487181993568952027729402368723827,
chandrasekhar,30,141,3.525e-1,1.157167201073675803734779608487921153633664284174441910568896048847149770987041191777233779922916497,
chandrasekhar,30,142,3.55e-1,1.157762542819145898577962894421839928629665169131775484982742663163975826609487772992208077400190802,
chandrasekhar,30,143,3.575e-1,1.15835476741984744770689274798347154175515808118061291104822604278273268388362405411338766489831008,
chandrasekhar,30,144,3.6e-1,1.158943903444584782393700117866126626587341922013248122012387428807454706827338487277847139881161636,
chandrasekhar,30,145,3.625e-1,1.159529979052556494683578267538346632973806158261444869923364271577274099329963157411165435828510552,
chandrasekhar,30,146,3.65e-1,1.160113022001762489448900657239285118283266062670672872225391289485275952106673855937214239495955796,
chandrasekhar,30,147,3.675e-1,1.160693059657182372938573407340810035186495927978966601668656586395886328855605994591306797928738977,
chandrasekhar,30,148,3.7e-1,1.161270118998732939770672894839773500249976257161333369070811898793897078424326853296553785768000951,
chandrasekhar,30,149,3.725e-1,1.161844226629012205266977398408721632517414334381079022147549038689413030178458612560386221933561338,
chandrasekhar,30,150,3.75e-1,1.162415408780837129817330178730658148424243952446151991548921481091818780261064058942949345388831231,
chandrasekhar,30,151,3.775e-1,1.162983691324581895796146994807959672279359543489266784523177693052556795246596588544259400100176469,
chandrasekhar,30,152,3.8e-1,1.16354909977532332468652587328396122648204461009944627246556990265612094242846007124221367411046671,
chandrasekhar,30,153,3.825e-1,1.16411165929979976179736821218373423508407384815607994906184003431345291956897481460741234164996207,
chandrasekhar,30,154,3.85e-1,1.164671394723189507625126185552800608977231522492272651644336406201385006707954548671726562191813833,
chandrasekhar,30,155,3.875e-1,1.165228330535714637892414724572421723897162078144047415997490025153122114283595119736615571838729682,
chandrasekhar,30,156,3.9e-1,1.165782490899075828005140047074601678189750870339111903970025972619779203929108656140805347941409542,
chandrasekhar,30,157,3.925e-1,1.166333899652723581556256479714571848181018951029748080819362009283630709706774651018723187631058919,
chandrasekhar,30,158,3.95e-1,1.166882580319971056047743619512094395702918164231480332505626245201964841824080684427602021895871921,
chandrasekhar,30,159,3.975e-1,1.16742855611395348171257700365633479919198147965709795799712780880803000454761222029045254649795644,
chandrasekhar,30,160,4.0e-1,1.167971849943438980732860199384943894370026843837645857476531047669366163720449730409231254130500981,
chandrasekhar,30,161,4.025e-1,1.1685124844184954138324956892410997701709315079500410882450160754099073721868500502205128290706849,
chandrasekhar,30,162,4.05e-1,1.169050481856017708760860763615971820350719942234530881110936303055716882782327406578769792287551641,
chandrasekhar,30,163,4.075e-1,1.169585864285119960188936898123276707540301531132022310748031470555758448007035121353200839450070031,
chandrasekhar,30,164,4.1e-1,1.170118653452396432643768534224436504457716596210256598805407991858963449565321053423150601146946941,
chandrasekhar,30,165,4.125e-1,1.170648870827055446963772444710113386358826474573653987893860226111544844831158999773560017529608518,
chandrasekhar,30,166,4.15e-1,1.171176537605929986038046714142430162544146178091627497084438548849702654635990385811608922329688068,
chandrasekhar,30,167,4.175e-1,1.171701674718368716987048520211622143391999557178976309722805018235696935173971709641056802394824498,
chandrasekhar,30,168,4.2e-1,1.172224302831010994156205638567087104642610187433127397562230958191878554650745505759315732283312454,
chandrasekhar,30,169,4.225e-1,1.172744442352449280050353654290153945727026987792094660130860608530555515774571349335271183620770239,
chandrasekhar,30,170,4.25e-1,1.173262113437782299372341700479755803678646722276215635267755962261096229093090027207789089832078806,
chandrasekhar,30,171,4.275e-1,1.173777335993062124394678259852640146527655842573361579444764050318693094372955666548208178107904902,
chandrasekhar,30,172,4.3e-1,1.17429012967963827775279227854566160450190637279903691804058835904598362907893688919209973038321806,
chandrasekhar,30,173,4.325e-1,1.174800513918401831178837544296487590609037904692564991528458752569871204716489169453078536360456995,
chandrasekhar,30,174,4.35e-1,1.175308507893932375484103527033874543850471359753610079530263325548288655243493856470780290417357174,
chandrasekhar,30,175,4.375e-1,1.175814130558550638045134931997441709451328094796690364713432752633416623191006052994103362968756721,
chandrasekhar,30,176,4.4e-1,1.176317400636279428963084531591517024571270851303486360449719341827913535465496703545484809240203744,
chandrasekhar,30,177,4.425e-1,1.176818336626715505766877000778818934351937491840325938697628061794203686531080852076306482696681161,
chandrasekhar,30,178,4.45e-1,1.177316956808814858846907869570517653042816723823626356547417343382334852232986110084472347553731081,
chandrasekhar,30,179,4.475e-1,1.17781327924459383557439948812930151411990741265924827558184611800831644172748594000029143755967174,
chandrasekhar,30,180,4.5e-1,1.17830732178274844012755195469057994534329620304655350481853831571341234445397661051843770833991403,
chandrasekhar,30,181,4.525e-1,1.178799102062194068262379659109138811847496298257850319499584927637449929083971999879913323754526562,
chandrasekhar,30,182,4.55e-1,1.179288637515527861494053950820788503195821822132980086666325385811588338602950850760075158487891793,
chandrasekhar,30,183,4.575e-1,1.179775945372415793261038734302305852941656158666747563491891029698223061121726591133769371169458533,
chandrasekhar,30,184,4.6e-1,1.18026104266290653050320754607631341239480944610206378963277405813704696079690795069218805188598655,
chandrasekhar,30,185,4.625e-1,1.180743946220674047576550296729424903459000642282113133230905905304667441911249874550305329018793447,
chandrasekhar,30,186,4.65e-1,1.181224672686190905436946103701770064507572092578454877261126217204430470341036233876044273477858963,
chandrasekhar,30,187,4.675e-1,1.181703238509834047445259317754979194306482492387853751309812833044350949420581606963240021730582652,
chandrasekhar,30,188,4.7e-1,1.182179659954924903872409230601757687819265408779050566766628842827730887546431861183518172094000508,
chandrasekhar,30,189,4.725e-1,1.182653953100705540117727528165760831364400126152186638467720448710941974040974648496496191113607206,
chandrasekhar,30,190,4.75e-1,1.183126133845252528703203074190063548269833230967226741878677356098804138625717143354029214223734795,
chandrasekhar,30,191,4.775e-1,1.183596217908330172180919402925968556275050642448439721365316836089440425456466845087352941887517015,
chandrasekhar,30,192,4.8e-1,1.184064220834184653106127890684766475965922252982458869145821679938338124696815584078906510389345742,
chandrasekhar,30,193,4.825e-1,1.184530157994280638102973696896618844328896033566725899666423718287118552039425048558886484820246504,
chandrasekhar,30,194,4.85e-1,1.184994044589981815706692743296960265524158414742461050403433283114876780009053778604776805571825166,
chandrasekhar,30,195,4.875e-1,1.185455895655176802031506930922213128689104468513002659755065401144736072105240083215547887778726453,
chandrasekhar,30,196,4.9e-1,1.185915726058851804317247779478039615816860229537499210385715031331935360496712748295672770337623673,
chandrasekhar,30,197,4.925e-1,1.186373550507611389982953437092803281515763250024462424162732611328059090191141499412802311735390397,
chandrasekhar,30,198,4.95e-1,1.186829383548148667898395267726221148806783692754163315636120559833085892185281168337244512810792513,
chandrasekhar,30,199,4.975e-1,1.187283239569666149113694413797664425556868487315797663179067031603716947987231858412959878187320941,
chandrasekhar,30,200,5.0e-1,1.187735132806248516204647335223971626429362982293044241209720118902720912934996027144075495886044273,
chandrasekhar,30,201,5.025e-1,1.188185077339188493641480287632505045910835224196805204789005352801133648330423845822876994158030957,
chandrasekhar,30,202,5.05e-1,1.188633087099266976118379446577865859641185721701293585010484555141034193453910218990115653603544975,
chandrasekhar,30,203,5.075e-1,1.189079175868988537539550982863223874332018366424159875378418097103947669452790025774613305080490423,
chandrasekhar,30,204,5.1e-1,1.189523357284773410296263458806390221811909604236864928258461547417710634070013080898062903628096328,
chandrasekhar,30,205,5.125e-1,1.189965644839106992541966822161465345311349268328629667563521741871136041318600189026194275560787084,
chandrasekhar,30,206,5.15e-1,1.190406051882647910334860343534688477540508904815901850790731747943718382444050696692320969499118383,
chandrasekhar,30,207,5.175e-1,1.19084459162629563172682813047029159746797822716837971679090162880596805738553187946596613965779335,
chandrasekhar,30,208,5.2e-1,1.191281277143218601093953224415882579537442150666759284613656639463817935309419688397261679609428822,
chandrasekhar,30,209,5.225e-1,1.191716121370843834188094479024490104239321869448368377234048897116210867322685780939958538851873861,
chandrasekhar,30,210,5.25e-1,1.192149137112808887504171776033295466548794183405623861744127162329521733989283081552431699734151112,
chandrasekhar,30,211,5.275e-1,1.192580337040877089568354787720543129296159422464496627337412053367595415516871633904740176211242908,
chandrasekhar,30,212,5.3e-1,1.193009733696816896624305696966853285168187467481436149637353677790649851364862296322700364249596683,
chandrasekhar,30,213,5.325e-1,1.193437339494246210895449692834591533754326784338330410067874561951052335301850472010843500605172497,
chandrasekhar,30,214,5.35e-1,1.193863166720442476099778717296594944401808695618207602811682034765142972582543478602418214038147112,
chandrasekhar,30,215,5.375e-1,1.194287227538119342160086776613685595331374938470953036090065128016584478302020694509781400031723948,
chandrasekhar,30,216,5.4e-1,1.194709533987170669058193762462225987104862807132145080872827800032003235009729289409819058056708878,
chandrasekhar,30,217,5.425e-1,1.195130097986382618499237375746066731932684176004507457503284820889804195564967895114516069160192137,
chandrasekhar,30,218,5.45e-1,1.195548931335114561455236116769580679745488545617272625120888676772079789296486780861236723447519912,
chandrasekhar,30,219,5.475e-1,1.195966045714949509720673253058257645256103663007804639388263953398741309187707749255753061906246218,
chandrasekhar,30,220,5.5e-1,1.196381452691314760312681499665061053890878731122106761733802033992261252414639092770580637913581248,
chandrasekhar,30,221,5.525e-1,1.196795163715073422861369379025958209859275858842033392862331918786151964555214826271952060426662665,
chandrasekhar,30,222,5.55e-1,1.197207190124087482039715778419261967085955683899888981861209756620575349133286058950377765973602338,
chandrasekhar,30,223,5.575e-1,1.197617543144753029555963751573983058795862846703219479033093847677527224207774547679433677891537788,
chandrasekhar,30,224,5.6e-1,1.198026233893508283254124003058094786602808239092476101980446351107780472930414215257568949299305212,
chandrasekhar,30,225,5.625e-1,1.198433273378314994420431336233205546912120885429129820825207699689837716795898088677182863436437737,
chandrasekhar,30,226,5.65e-1,1.198838672500113828456548285356554806771951161639065874773318957656711090742464769548915697614239108,
chandrasekhar,30,227,5.675e-1,1.199242442054254288635895046470192640245058119377277761950194517693773322327073069484867117119733392,
chandrasekhar,30,228,5.7e-1,1.199644592731899737690337576246432568366689109811490328202010487209049775491519562728453672380686678,
chandrasekhar,30,229,5.725e-1,1.20004513512140805746390674255155174125305589135772740788459708634954809880501124083359635585442143,
chandrasekhar,30,230,5.75e-1,1.200444079709688472802227541021280541251728997467297378411443775831606024258833942134685969483832155,
chandrasekhar,30,231,5.775e-1,1.200841436883535052205513353120357950898607820592302982828548038661365719164700413150551554496180452,
chandrasekhar,30,232,5.8e-1,1.201237216930937384544531353786417562750117614616382714147061528794095868553637847800797575944774446,
chandrasekhar,30,233,5.825e-1,1.201631430042368918308651508959064748871896515857958022547451778330057186507844294044733003141136398,
chandrasekhar,30,234,5.85e-1,1.202024086312053437409283138922299698116477495720692576445581100656742686339373044938778103060784492,
chandrasekhar,30,235,5.875e-1,1.202415195739210135487536194550916003504794986610798625103748619153639811947298981756194408796868388,
chandrasekhar,30,236,5.9e-1,1.202804768229277738959179617678343871999893383997375996198608651023117571241958741396494052499634183,
chandrasekhar,30,237,5.925e-1,1.203192813595118117660749441970253758790401025125217109870694653746830277651231532120770840215976355,
chandrasekhar,30,238,5.95e-1,1.203579341558199810926289836012864893600868609440512506512372155943035580739839624806409926473906815,
chandrasekhar,30,239,5.975e-1,1.203964361749761886213439031154611410613634350557611994188421839695699587574326915705170035072749588,
chandrasekhar,30,240,6.0e-1,1.204347883711958536999571126992803824935147828288153401752043892541905185940307870960906934640760426,
chandrasekhar,30,241,6.025e-1,1.20472991689898481657305271470019559338606290742946669781580630337110996134198428072304913627482023,
chandrasekhar,30,242,6.05e-1,1.205110470678183894541338267982846229151628556516237712513914260782804161823588823575695516486960969,
chandrasekhar,30,243,6.075e-1,1.205489554331136213356951940647370612154831070775994098437694385366253007461625500693721969978726081,
chandrasekhar,30,244,6.1e-1,1.205867177054730912915085453271883915500927845310565507860315529564101831981946398221081396195349212,
chandrasekhar,30,245,6.125e-1,1.206243347962219882293625182392600831414524265807242293208375571983036532208367931344141674992583902,
chandrasekhar,30,246,6.15e-1,1.20661807608425478897927873750274829509933172096721015026352074617685932879765492903020980780565434,
chandrasekhar,30,247,6.175e-1,1.206991370369907427443790489179551026029492997229266303146588161581908497075945773123015468940634806,
chandrasekhar,30,248,6.2e-1,1.20736323968767372069400806201336638962650326220527259148111415517194928471115910547379945608306272,
chandrasekhar,30,249,6.225e-1,1.207733692826461700411069954705476367617989001526787866461223826166399631815211438268374195367298362,
chandrasekhar,30,250,6.25e-1,1.208102738496563783509789583088888511224446530175003831487029995449824187873660204091903368874274659,
chandrasekhar,30,251,6.275e-1,1.208470385330613655382242522976879780267714696048280534346145884340600899293394577654951397654016072,
chandrasekhar,30,252,6.3e-1,1.208836641884528062732708205824295415252290989946463021909012370804748379763298651730992142216459166,
chandrasekhar,30,253,6.325e-1,1.209201516638433811757808497482851595925302702458087665853516591445577284418709737789227229169420752,
chandrasekhar,30,254,6.35e-1,1.209565017997580260469494454666658299021383788207840882047292446233739966162414654092487047098814232,
chandrasekhar,30,255,6.375e-1,1.209927154293237587193258015210141244807882795598382273782995071468885551956052039558483795978212177,
chandrasekhar,30,256,6.4e-1,1.210287933783581110693605320199115077477683480972185612199223756698364265861720913651619665478287871,
chandrasekhar,30,257,6.425e-1,1.210647364654561930977651079655212514649012326119169998166150154596566474660774901399176041704969552,
chandrasekhar,30,258,6.45e-1,1.211005455020764153600109379036711744625109106855446936697918562856109257620967856441553082803684301,
chandrasekhar,30,259,6.475e-1,1.211362212926248954233590442902639645999111349860248348980941997661931853074937994215576338769794239,
chandrasekhar,30,260,6.5e-1,1.211717646345385734371776833062602551965111604068119747800239156698596801552878871166001062444626126,
chandrasekhar,30,261,6.525e-1,1.212071763183670613294737720879435972263636637396101436294702727702623669053012304597797176168087255,
chandrasekhar,30,262,6.55e-1,1.212424571278532495840510355687210855755446070643972655089997574522195264275282487298535925866118493,
chandrasekhar,30,263,6.575e-1,1.212776078400126950090463929100067764045649731990576681618784017576311618449937340393366935855741125,
chandrasekhar,30,264,6.6e-1,1.213126292252118123783352815361431286204079762593184237227546378508380287380231324089958181710920261,
chandrasekhar,30,265,6.625e-1,1.21347522047244892312000752784519026249206510783501329752692228029896093912391404253646429073927276,
chandrasekhar,30,266,6.65e-1,1.213822870634099672603094508922473119755637545775354453711627226388127973338235760472875409587625114,
chandrasekhar,30,267,6.675e-1,1.214169250245835469670234293913415796492628058272972441033505454531589073264237922644872050547423017,
chandrasekhar,30,268,6.7e-1,1.214514366752942443120072941722963434692015967669838539402904397295289194721216592715513719997615762,
chandrasekhar,30,269,6.725e-1,1.214858227537953119695857120183741405457753713205169429025997280254552634587011660471766962559235488,
chandrasekhar,30,270,6.75e-1,1.215200839921361098675999111651076485777412358060907326167708810035097899909334445525599297240531924,
chandrasekhar,30,271,6.775e-1,1.215542211162325229922486816487342507128709839203205011358877662062149795770076912255050680369462627,
chandrasekhar,30,272,6.8e-1,1.215882348459363486552365927124396102515936458762050462070975326193622508638148496801295876774977457,
chandrasekhar,30,273,6.825e-1,1.216221258951036719221580632711620632190718068241010095302505886714134779434202485099333625215221904,
chandrasekhar,30,274,6.85e-1,1.216558949716622474940998604112524359864633242072249968614261792613142889690983433866580661573029688,
chandrasekhar,30,275,6.875e-1,1.216895427776779059378364019447166260768164057724922387617717809652626817633772810212228147377203385,
chandrasekhar,30,276,6.9e-1,1.217230700094200017734218914971805234338638646257373962379574579446582408216899379340993449445235881,
chandrasekhar,30,277,6.925e-1,1.217564773574259205511605873714666305844851201432949613466256137585228145801155594520378610894318502,
chandrasekhar,30,278,6.95e-1,1.217897655065646616825805945716453683844558552216993090729782365821263395106211253757661948673186128,
chandrasekhar,30,279,6.975e-1,1.218229351360995134318757548143141802009977244798229131163276533011090606109417401762017926665741178,
chandrasekhar,30,280,7.0e-1,1.218559869197498361250515349061615534512234768444617583114605144978961870937088383443468428064024008,
chandrasekhar,30,281,7.025e-1,1.218889215257519692934597701083762900293400633023602113740807202157959975513540277319598054206639834,
chandrasekhar,30,282,7.05e-1,1.219217396169192781362873435346323346122846268757686367979438119196610240168345117971572894250703875,
chandrasekhar,30,283,7.075e-1,1.219544418507013543626368705534332417421312832542151776176062314728045420818113061755039071135557392,
chandrasekhar,30,284,7.1e-1,1.219870288792423861578722838720864547881812174543343312395849329967453723079682339736663184676652238,
chandrasekhar,30,285,7.125e-1,1.220195013494387117106752686542053618119386835248494066193407082397111172541293070555510867773114089,
chandrasekhar,30,286,7.15e-1,1.220518599029955704365532220038502352519756339310196115049927270586803009131508336179213160261708422,
chandrasekhar,30,287,7.175e-1,1.220841051764830657401460610679066167141528629458452715538853713112637671811331449443724315228221902,
chandrasekhar,30,288,7.2e-1,1.221162378013913528723946044003233576742256333037829370362457804124742076934275962474600387213988135,
chandrasekhar,30,289,7.225e-1,1.221482584041850651592605712309769858452245469742398900127934327179308853238889594428408130266391902,
chandrasekhar,30,290,7.25e-1,1.221801676063569916060367760116971921126838315371369285047854898123647832282607719263887186917542013,
chandrasekhar,30,291,7.275e-1,1.222119660244810186151710469186219467058067015808416016778590654546022664300123963364426861498257112,
chandrasekhar,30,292,7.3e-1,1.222436542702643482957696821710956652826575750403486091374708901941286093076414421395448969595590037,
chandrasekhar,30,293,7.325e-1,1.222752329505990055893723062268198463409616679568217270947331314154298728018375127529200546798797687,
chandrasekhar,30,294,7.35e-1,1.223067026676126461890315538687738585258594053029954458436845847908510393486724314193671321294948895,
chandrasekhar,30,295,7.375e-1,1.223380640187186769870249930421307606775702219835360156801983185048538357108470945167734230477205225,
chandrasekhar,30,296,7.4e-1,1.223693175966657005505149661155018655812144912553626045771657665872353526905685535469068401806912778,
chandrasekhar,30,297,7.425e-1,1.224004639895862948940012551255979699966107441656766233918485298184336911821014420215668208380810468,
chandrasekhar,30,298,7.45e-1,1.224315037810451395923329709016303416725748244244885683283329157426927325390411197163047734517214355,
chandrasekhar,30,299,7.475e-1,1.224624375500864990582156246836612437390156832827026546420594975544019107400839315073927738114447651,
chandrasekhar,30,300,7.5e-1,1.224932658712810735934270944115975165402939352323119003690551433383171717109783828273122621406758912,
chandrasekhar,30,301,7.525e-1,1.225239893147722286132064667656893334168695381103196114595607603440809854485625327886017225142340965,
chandrasekhar,30,302,7.55e-1,1.225546084463216122383708915989454044250017018736436944484615735640002538585037514909661502358502565,
chandrasekhar,30,303,7.575e-1,1.225851238273541712495199156063228895581089143332301772189969032579408636308331464017615192041501255,
chandrasekhar,30,304,7.6e-1,1.226155360150025752020803423238854449962214038884830983448229890618646685365441353431170787099480194,
chandrasekhar,30,305,7.625e-1,1.226458455621510583098072340672117342190325109727210813959299205571210931579374147885145101319794043,
chandrasekhar,30,306,7.65e-1,1.226760530174786885175715091636122865341637907307690966200943054605212320821587252969911194122437664,
chandrasekhar,30,307,7.675e-1,1.227061589255020730017184027395458142868760287566779325450709039989517405447134218905546834364055553,
chandrasekhar,30,308,7.7e-1,1.227361638266175091578638746812553874389565487904498992271452396539332877962012179147491210743954062,
chandrasekhar,30,309,7.725e-1,1.227660682571425899616010952116930161296150968958350659192319284292377520690558070765390041852808024,
chandrasekhar,30,310,7.75e-1,1.227958727493572724171127517782351937349022271120175307853133076035719241060588592999113321184661954,
chandrasekhar,30,311,7.775e-1,1.228255778315444176420264394155967470037230380654434290437208133445501403122041118242836697067864598,
chandrasekhar,30,312,7.8e-1,1.228551840280298109739120665011106694552017519921915329401029116533248088283452346980446401581972031,
chandrasekhar,30,313,7.825e-1,1.228846918592216703245070890369689795942202337490953100148057070787139988300106445034887626768135227,
chandrasekhar,30,314,7.85e-1,1.229141018416496508519752636966381411712856140946891333417181133019985455949895774476621609245157347,
chandrasekhar,30,315,7.875e-1,1.2294341448800335386916790479179058493102595778741764996756056660992466585691983731807460738982048,
chandrasekhar,30,316,7.9e-1,1.229726303071703477568763187965403045240814340448333400426700118635111228002468608503400265273965478,
chandrasekhar,30,317,7.925e-1,1.230017498042737085053556208839162158430379552367696427729192676600048512888755915487586621423309471,
chandrasekhar,30,318,7.95e-1,1.23030773480709087364881354916274524646136410983273627022146192015317070987175615250580074123297251,
chandrasekhar,30,319,7.975e-1,1.230597018341813129466914050940904971936881348477472771201732610844965161909267311933231840883273937,
chandrasekhar,30,320,8.0e-1,1.230885353587405349792890147092114364643748225854756464906116921463583574670497708021067131444429089,
chandrasekhar,30,321,8.025e-1,1.231172745448179167916629027866179470333150231031795837288576823459739779290202642187171451871060673,
chandrasekhar,30,322,8.05e-1,1.231459198792608834644441895900517508266673173075488469288491811329892891601380551322581804880398899,
chandrasekhar,30,323,8.075e-1,1.231744718453679324622958474496825208879444965014749318181903386742643150052980148018529499928683226,
chandrasekhar,30,324,8.1e-1,1.232029309229230134358494050353998949370226117636824053219593539172684337033891195687106582650032318,
chandrasekhar,30,325,8.125e-1,1.232312975882294837591982913107458085805270280156997695464676769946656528733043072527436465514635876,
chandrasekhar,30,326,8.15e-1,1.232595723141436462492620105832561634116552588733846189742536562116208180206660874456519535400918269,
chandrasekhar,30,327,8.175e-1,1.23287755570107875396186596279820823978330311708637232688914378462438376978400263661626040633580188,
chandrasekhar,30,328,8.2e-1,1.233158478221833383192825505211737631505408729332170669593042999339601664329002285037128586978121932,
chandrasekhar,30,329,8.225e-1,1.233438495330823165507614864330805357331406367392632683846554178215711064388947223360658401654399367,
chandrasekhar,30,330,8.25e-1,1.233717611622001346396583411111395561249756297169855244163320120448949466787334654710168097562606428,
chandrasekhar,30,331,8.275e-1,1.233995831656467014607603037061004903431267099136975502273341086710413310308349214376831063784610965,
chandrasekhar,30,332,8.3e-1,1.234273159962776700080510353268554923696587983329677422150883417503445027819776463858565578931109882,
chandrasekhar,30,333,8.325e-1,1.234549601037252213490653746254655243773132199696991557860573506514115832315885427723713047888648827,
chandrasekhar,30,334,8.35e-1,1.234825159344284783155830084652645352170303923185625950972606561944425911658743074833525629894967639,
chandrasekhar,30,335,8.375e-1,1.235099839316635544072184350976982755415325000166331064597727827937308897701977259175214603279302209,
chandrasekhar,30,336,8.4e-1,1.235373645355732432876392205288354552595158858931648643752908654065571118119393808377276014034383529,
chandrasekhar,30,337,8.425e-1,1.235646581831963541583166379249520732257681712376493190620908103518179610094262650372397871455358014,
chandrasekhar,30,338,8.45e-1,1.235918653084966982018351642541321243745741291819518366244288577222863531501909931533965631799281934,
chandrasekhar,30,339,8.475e-1,1.236189863423917311958141176612294669209792958827071139223946297432891568780007218302000517094812426,
chandrasekhar,30,340,8.5e-1,1.23646021712780857309381296768482515609923138213142610521747692544743301655475264038389466446736229,
chandrasekhar,30,341,8.525e-1,1.236729718445733990068413506450615135057349997662899328064389232802573331651660398957811501073926229,
chandrasekhar,30,342,8.55e-1,1.236998371597162378976584305789712152023516333875707576993475074986404184686981387065273400914609193,
chandrasekhar,30,343,8.575e-1,1.237266180772211312880822271300957452787266046584856017290932217538635705817322862244972374418756887,
chandrasekhar,30,344,8.6e-1,1.237533150131917091076486311747891947312167414786357087453600037340366281303545444352746183841535169,
chandrasekhar,30,345,8.625e-1,1.237799283808501558033418752316010182095083582951865697377655235859221578673970435522769668097762193,
chandrasekhar,30,346,8.65e-1,1.238064585905635817153760269887340571341340115783047862518883492628806748134090463394821490738439134,
chandrasekhar,30,347,8.675e-1,1.238329060498700883713030232592371144957110227603755803168157749872421994326542147094889642174100666,
chandrasekhar,30,348,8.7e-1,1.238592711635045320594459107154105799425822777845431437118338598423198216490318523425183061685392318,
chandrasekhar,30,349,8.725e-1,1.238855543334239899684543918703619716984998531295085664678752828576362444662286857154619980090167733,
chandrasekhar,30,350,8.75e-1,1.239117559588329331070508574468234013464716533531409785605922707989178648735685610130327780000783446,
chandrasekhar,30,351,8.775e-1,1.239378764362081101467453946651300486830805747695654309204162476510032852759991520572676708584471262,
chandrasekhar,30,352,8.8e-1,1.239639161593231462604152238701656317642781480644443575684864461244761781654591015214600285596819063,
chandrasekhar,30,353,8.825e-1,1.239898755192728609611358914842337831757908252927242501067751108050818814468904605012205748069861238,
chandrasekhar,30,354,8.85e-1,1.240157549044973088784873996569678715448978296453735364453525758902408833952892940386318837545527146,
chandrasekhar,30,355,8.875e-1,1.240415547008055473437081295533712541998478991672077965236865296867929563683987279779803026615476005,
chandrasekhar,30,356,8.9e-1,1.24067275291399134590503524557019404371287659663859342330876687532048380939546550870840150439460596,
chandrasekhar,30,357,8.925e-1,1.240929170568953623150063902190987003062746700039013717925445421238646190335167662154178110370900318,
chandrasekhar,30,358,8.95e-1,1.241184803753502262763034071961505304690733600648097183837699736510236883746155377099969295788814007,
chandrasekhar,30,359,8.975e-1,1.241439656222811385580608084727304751247773995076188297207676052481290089684138347505999745046861186,
chandrasekhar,30,360,9.0e-1,1.241693731706893850520745893505896330554153783338660212113280735445572925830648037707791119212874649,
chandrasekhar,30,361,9.025e-1,1.241947033910823316660112053626652197375808927801915524769912801293509064096595895085726175191933647,
chandrasekhar,30,362,9.05e-1,1.242199566514953827001682193993892426115425299325469871306911298286897726712984139308967826158613993,
chandrasekhar,30,363,9.075e-1,1.242451333175136947817461597682782745392740818759809256647386551093287052113227501478728659493594433,
chandrasekhar,30,364,9.1e-1,1.242702337522936496898589282123192573759239376877135801301007521244788753619864993315007324002420863,
chandrasekhar,30,365,9.125e-1,1.242952583165840893502970247137531624187068113840478912410181657579520363711453043292573961417375824,
chandrasekhar,30,366,9.15e-1,1.243202073687473162258727827364868944316546646451640234449202192198189130403243493746850415818832892,
chandrasekhar,30,367,9.175e-1,1.243450812647798622759974421752568164437798665809118920830088397703680516056059885513092370829101472,
chandrasekhar,30,368,9.2e-1,1.243698803583330296079444794786929105282546096017174813222145091809547553744377037225352646915146325,
chandrasekhar,30,369,9.225e-1,1.2439460500073320589202094627901081392639496893047765073558527288219360996959629869766831299707112,
chandrasekhar,30,370,9.25e-1,1.244192555410019575635779354547785143550185279308519690413649778687047289833282301922145550069775343,
chandrasekhar,30,371,9.275e-1,1.244438323258759037864224940334038891239020897431075898293249915506767695977176864073675543795810063,
chandrasekhar,30,372,9.3e-1,1.244683356998263741047266204905545469078374402631300549130033025164028436530137488199829015952565824,
chandrasekhar,30,373,9.325e-1,1.24492766005078852663945179160833957130461665205606375596381460952485956328015856713068975952082494,
chandrasekhar,30,374,9.35e-1,1.245171235816322118355348578380686997521238046990094824976219954083545886909055820808201465000976199,
chandrasekhar,30,375,9.375e-1,1.24541408767277738035392356963754007773882737423071950842955450672055966665043170202196182775712686,
chandrasekhar,30,376,9.4e-1,1.245656218976179524818839384222147264345532437037940692980060775679755519871466187665698430609337355,
chandrasekhar,30,377,9.425e-1,1.245897633060852295961028132138178551946033673679232925928547239980182640332964273254943243173703685,
chandrasekhar,30,378,9.45e-1,1.246138333239602157045485592184722950312093632686118125028076591716400368891906604439561171040148271,
chandrasekhar,30,379,9.475e-1,1.246378322803900506627571857290122282746366917004630747769707609631396531735379680412732694785569819,
chandrasekhar,30,380,9.5e-1,1.246617605024063949775053464269200152976253427041254316951486947476822862937373751425498533105224218,
chandrasekhar,30,381,9.525e-1,1.246856183149432649650516758357466808126442193743650831124830645463409910063015213588317632307723135,
chandrasekhar,30,382,9.55e-1,1.247094060408546784434467876928264096247867561924024711871082008924823659908442501630341313200215146,
chandrasekhar,30,383,9.575e-1,1.247331240009321134182259918978313513155757664259324101078948559836333870216972880046346047909612442,
chandrasekhar,30,384,9.6e-1,1.247567725139217821827804781452295269621917437800966381178966003553309407467398624109269903340522168,
chandrasekhar,30,385,9.625e-1,1.247803518965417232173691419118702914475189673686334583886919287675390907695928218317379967931626393,
chandrasekhar,30,386,9.65e-1,1.248038624634987132340702905846958376840090970001557623567483612280735730903622953687096662580191207,
chandrasekhar,30,387,9.675e-1,1.248273045275050016789663894952653859955647953340709469512434523348526958335017068464980661595776631,
chandrasekhar,30,388,9.7e-1,1.248506783992948699674923332613767823713666579401766532688405059598390060901505471669886297320305641,
chandrasekhar,30,389,9.725e-1,1.248739843876410176941453111909378029487163583368247975252396600245541534725056693333897757250134203,
chandrasekhar,30,390,9.75e-1,1.248972227993707780236393329847306452839895546632310133301551035767717965827819885315971481670534151,
chandrasekhar,30,391,9.775e-1,1.249203939393821644370773435986642898000172500943897676257572260342274319433254363093865446099705387,
chandrasekhar,30,392,9.8e-1,1.249434981106597509737963220103162754631370081792529750008339173292463392467250279371321478974951162,
chandrasekhar,30,393,9.825e-1,1.249665356142903880772038457006090113237773277899778962330023816316105719688980931918449007278875513,
chandrasekhar,30,394,9.85e-1,1.249895067494787561211566015404677711174264760141741291353696521629090469608531005164105017200282985,
chandrasekhar,30,395,9.875e-1,1.250124118135627586622207909084064191378343381244918547272062668671730703665959529942934194801899,
chandrasekhar,30,396,9.9e-1,1.250352511020287574324901278105307259160531125623174683576805193902201113604635844820930619695070129,
chandrasekhar,30,397,9.925e-1,1.250580249085266510575082316710985648895497501568508981274972367086006076914768715724685698500884113,
chandrasekhar,30,398,9.95e-1,1.250807335248847994542379857019014474012334168983088339651992018078530012076137849491740562386200408,
chandrasekhar,30,399,9.975e-1,1.251033772411247958349304218216696208900926209256549677368009295852192175777943460182022895162474679,
chandrasekhar,30,400,1.0,1.251259563454760882141596925546190057099205331177174621701339176934274302757941042405730390127087244,
chandrasekhar,40,0,0.0,1.0,
chandrasekhar,40,1,2.5e-3,1.004032450171996633859664069711041127025049472761970633732900908520631425919064360288593553795481067,
chandrasekhar,40,2,5.0e-3,1.007211513288020602011753615543318812503600042805281939507126543573687768341620847968368184342288226,
chandrasekhar,40,3,7.5e-3,1.010070550996854115525574935692553054096986230861762182424944185441504199207760597378389764428509894,
chandrasekhar,40,4,1.0e-2,1.012723830130771913582395549131410215389295731949464883472726481434534161487003742038175284058903091,
chandrasekhar,40,5,1.25e-2,1.015225044198002148688407304634137657761718403461512526402150828889671383082600291818937304029310662,
chandrasekhar,40,6,1.5e-2,1.017605691402625365550721500991078611231808329958841420934187430379469774056881211169043945670123064,
chandrasekhar,40,7,1.75e-2,1.019886524204943006617469581666218582474001719618185544596957617172015425033872224707942441937586483,
chandrasekhar,40,8,2.0e-2,1.022082255188412376625804025180264611402379321239745045852544992356937055758754676487730743448504456,
chandrasekhar,40,9,2.25e-2,1.024203860054418353797543672520863905231409550043474114564768153832599534755571711146940739141698918,
chandrasekhar,40,10,2.5e-2,1.0262598405156016799346850105505084873430158671528873980646811523358712602721799629020825935877672,
chandrasekhar,40,11,2.75e-2,1.028256975406657870240453682394634257298205760045939284521791705132166771473703461107902378603347206,
chandrasekhar,40,12,3.0e-2,1.030200795626727872638566775119715488628941943489136623104686304721155193728902335543085536574142938,
chandrasekhar,40,13,3.25e-2,1.032095899224473263536047543320092823054373663292703739407212460202697458137926147696038884391169955,
chandrasekhar,40,14,3.5e-2,1.033946168683545855204534217444173996514314924838376108757440931079158931146219950634373443087335854,
chandrasekhar,40,15,3.75e-2,1.035754925626126406852366469746909040114712725435009099451039856220407809937067049905460007519424516,
chandrasekhar,40,16,4.0e-2,1.037525043951404978501835508104141679938302521721517747032073481791999244070324175343134720946949939,
chandrasekhar,40,17,4.25e-2,1.039259034487513352514084133222909380971028966220618788776341010778890880565650323955422439918971435,
chandrasekhar,40,18,4.5e-2,1.040959109589077353726152679106907623165854690304316137109614399566096847601920441862576503996174875,
chandrasekhar,40,19,4.75e-2,1.042627233284770453742640384092013527944371137968614854301621690458289608333550223749048445086711894,
chandrasekhar,40,20,5.0e-2,1.044265160799428010910457356704638214275800910124830720464330767873399051380350576419486211052384243,
chandrasekhar,40,21,5.25e-2,1.045874470121799088910892335084613750512702572609026573273272236417672975566971701417904848149639325,
chandrasekhar,40,22,5.5e-2,1.047456587521985630657999340546271967810639794104416439464145350467694240982694003602962789415257345,
chandrasekhar,40,23,5.75e-2,1.049012808400817898490389218738915799749680045409949666697583372601320927264184633447737405868977126,
chandrasekhar,40,24,6.0e-2,1.050544314491146751369819283545044625359822037221544089720694998665595107316720664741131045019553183,
chandrasekhar,40,25,6.25e-2,1.052052188174886257628238986513411269067402465997837042309373019899554395040192166312808990472585048,
chandrasekhar,40,26,6.5e-2,1.053537424495513911580512903327862432109536254108998959210091723806207379578898243344622124552625783,
chandrasekhar,40,27,6.75e-2,1.055000941311381896169224419883774190979773088936583965399584946631072673651011974451327420004037428,
chandrasekhar,40,28,7.0e-2,1.056443587935807753142571897953668119438526676927622040019965647905596118435021758446926058308816444,
chandrasekhar,40,29,7.25e-2,1.057866152535468679042925154776178936827411392845694747678461619002552971067689967484526973650170631,
chandrasekhar,40,30,7.5e-2,1.059269368502215721482566393303760047564775679651385745495371552681713576084207706847649269236479478,
chandrasekhar,40,31,7.75e-2,1.06065391997022613162173626014550640974760326374855079331350217512789807340219257732063273123541664,
chandrasekhar,40,32,8.0e-2,1.062020446617003540574730860937542016772575201197319853713792710964325647695795250645271235372317264,
chandrasekhar,40,33,8.25e-2,1.063369547860661053187630735244206173272713479539636675939132080586929158521558945853886530713284744,
chandrasekhar,40,34,8.5e-2,1.064701786545398109589609290319407870648979437681351739851152532942525910255600760599894962595724069,
chandrasekhar,40,35,8.75e-2,1.066017692190797948777859615890405561974670421126274388858313701652531184380953765447137234657452606,
chandrasekhar,40,36,9.0e-2,1.067317763867556494805461545521045506919426093262363216868175048450281972785191917402337665522026408,
chandrasekhar,40,37,9.25e-2,1.068602472751777011087952716906658888223934913614202544882822884441176365704512807667102549950057131,
chandrasekhar,40,38,9.5e-2,1.069872264401477166726031422148592358667103774438510268746877289383000667643117791677271791251690186,
chandrasekhar,40,39,9.75e-2,1.07112756079203627559646838824731168289506630994265816186339363176054919605340676765031463697970753,
chandrasekhar,40,40,1.0e-1,1.072368762141637630139153240263311556537885663710002396416908768038317373273105803617783322261982923,
chandrasekhar,40,41,1.025e-1,1.073596248553084105839094811541429075378490627933338865462381315510871159115349931038992585077372218,
chandrasekhar,40,42,1.05e-1,1.074810381494489623770312573928201810883160548188205149335642527755021569510389317921903964940735718,
chandrasekhar,40,43,1.075e-1,1.076011505138121575545935417452775251443260278537700774121120624424446991513527735954068376294558958,
chandrasekhar,40,44,1.1e-1,1.077199947573969005214096039022140811898951721109135580444386364747638847609150006167637420520212732,
chandrasekhar,40,45,1.125e-1,1.078376021912342075204380506333830715879420865697683410405348214248361376802759399310751375625861394,
chandrasekhar,40,46,1.15e-1,1.079540027287893264213662538829283549533579972124508676708418957699136486754924906608523238642025265,
chandrasekhar,40,47,1.175e-1,1.08069224977582807578780229502289126449468440394327610005909281268528645538697093855272026971709698,
chandrasekhar,40,48,1.2e-1,1.081832963229692859855478408112941773456403782910115795996177337595271144969970062946484593475935501,
chandrasekhar,40,49,1.225e-1,1.082962430048949131990099824164928827623764519199968885237180886889315206818451427374521353870025914,
chandrasekhar,40,50,1.25e-1,1.084080901883534447350222160770631862915722543262461080184452193981994697857557083634729794856005503,
chandrasekhar,40,51,1.275e-1,1.085188620281742346602176761404035626527773699884886051394105785122669860451316604657138352482654219,
chandrasekhar,40,52,1.3e-1,1.086285817287005833160409516815071234716884346143293233492980439715553223526935307473199055786300726,
chandrasekhar,40,53,1.325e-1,1.087372715988521829004870309359791973857037662860679164834443487884394124619591368517113338357439875,
chandrasekhar,40,54,1.35e-1,1.088449531030092793055659835262273611582159698911088076298577390137793092356709611876344780879364354,
chandrasekhar,40,55,1.375e-1,1.089516469081073430610949973133680905520599040572679366029782288983488693476183986211551445290228362,
chandrasekhar,40,56,1.4e-1,1.090573729272884523972701840081256283724492239862926718704859278510645012658722903577847969549777493,
chandrasekhar,40,57,1.425e-1,1.091621503604183438535125071211073840818120047670963319595350134335884565650444273440916257272008042,
chandrasekhar,40,58,1.45e-1,1.092659977317454285108095745501667794152676529769798009579558536913298019973408543468416476702773965,
chandrasekhar,40,59,1.475e-1,1.093689329249493697860684705434218632151107291663663598306797848282169726976969425974034572981400282,
chandrasekhar,40,60,1.5e-1,1.094709732158015338965299396299978233118989977278371348550109391862136355737426257255895266904571525,
chandrasekhar,40,61,1.525e-1,1.095721353026372995724554191211967881811652713703549059540703425905603662258976467138326913896042951,
chandrasekhar,40,62,1.55e-1,1.096724353348204599628794849070080027983343801194996385592380869337341339995156809434413633326886034,
chandrasekhar,40,63,1.575e-1,1.097718889393624342123758610974128673268800055498119016565463210774406932029145194798672498148503559,
chandrasekhar,40,64,1.6e-1,1.098705112458434438142236365874036245723816665681785724442823713775059262303651361126063084930515167,
chandrasekhar,40,65,1.625e-1,1.09968316909768954688544817048106876072717738156445958230408439216451654182989900883194563450948022,
chandrasekhar,40,66,1.65e-1,1.100653201344823291100827407350719033753645581455367553343083120840157284030935175440284238726483957,
chandrasekhar,40,67,1.675e-1,1.101615346917435900692984110436969757488555213910399083510413274116717668816025516156718727630110067,
chandrasekhar,40,68,1.7e-1,1.102569739410743168617369952891498120911967199537971563760848389905892686141066825585750360885822491,
chandrasekhar,40,69,1.725e-1,1.103516508479598280386479740822903222385840044585639350164681571473957683175073202509863114062343094,
chandrasekhar,40,70,1.75e-1,1.104455780009918475594070114599219129014786161103033636973583052372791728536633471673465863377006567,
chandrasekhar,40,71,1.775e-1,1.105387676280276886158327360638680461408568234082983624329437021193171549221185713927966037649479752,
chandrasekhar,40,72,1.8e-1,1.106312316114355368507562501678555564585707959848222215543832813513327078516343770324765344092821072,
chandrasekhar,40,73,1.825e-1,1.107229815024895915867454636158698632987095971708239803374027325857455765094986588296158229130324025,
chandrasekhar,40,74,1.85e-1,1.108140285349735609980285470585707819252578486549531942066829512536133838209133409353597255697847724,
chandrasekhar,40,75,1.875e-1,1.109043836380462441229130251035075801655149433101038254577942131330579136400549576930761664317360293,
chandrasekhar,40,76,1.9e-1,1.1099405744841861576188888800331085859525352452889221017252367878243991072543260165057337507749814,
chandrasekhar,40,77,1.925e-1,1.110830603218879125231424372900666501046199845664275227918335555361735335961077297025908495032416813,
chandrasekhar,40,78,1.95e-1,1.111714023442706579694215523983218582787218046590381875292438299184718778869765680559129755977915352,
chandrasekhar,40,79,1.975e-1,1.112590933417733252074796809606783157543733604887868307987918834801063063961866911907013270446975779,
chandrasekhar,40,80,2.0e-1,1.113461428908363837648199078206151903942051888667438417753769613719038094620084156028252139062164781,
chandrasekhar,40,81,2.025e-1,1.114325603274847853145464579127354044160199190467264689151665839331266796733040986548549515402594952,
chandrasekhar,40,82,2.05e-1,1.115183547562154840546074703407445308231942948634186370322566161870472828905588905194476600617503781,
chandrasekhar,40,83,2.075e-1,1.11603535058450339466103008522790153881418582375245141187185214321866014193175517631549297954102781,
chandrasekhar,40,84,2.1e-1,1.116881099005806913954831150943397037694878837425310756400406853157859129274332067154158081800264723,
chandrasekhar,40,85,2.125e-1,1.117720877416280117449468365096624131016185543375310965964919091833116524938711079317752319675421168,
chandrasekhar,40,86,2.15e-1,1.118554768405433072623467761106684478183472729625694616353651282768590673902121159734362497231653443,
chandrasekhar,40,87,2.175e-1,1.119382852631663594501337013312236291491376425698648686000531326903461316283445743797000953070272387,
chandrasekhar,40,88,2.2e-1,1.120205208888644274251020600705231409401651557938285646082023307577282997183238958288663777737623503,
chandrasekhar,40,89,2.225e-1,1.121021914168686959568054368536438980915059282703027751865347190511673898518030546943273562180490932,
chandrasekhar,40,90,2.25e-1,1.121833043723255133788997319176071752894300721362139839369635144128138088225547600912906326674207698,
chandrasekhar,40,91,2.275e-1,1.122638671120783231450897430443331772575534478436140477318970273404327561547579371597254813111327866,
chandrasekhar,40,92,2.3e-1,1.123438868301951399687480291380159164552835337498873955142842682476395640342905409577493273601256365,
chandrasekhar,40,93,2.325e-1,1.124233705632554490575535411650596581526591159118741262759577353798919918886817768260397529737887161,
chandrasekhar,40,94,2.35e-1,1.12502325195409507992421000476141912763451368073451032621110335070779003116806176321125710242576639,
chandrasekhar,40,95,2.375e-1,1.125807574632221990306235373963921264850305604373066731810461375495538285030341502885084635639655386,
chandrasekhar,40,96,2.4e-1,1.126586739603128093594029673020494665499574358295335140059071836706325935965876083559931061122768099,
chandrasekhar,40,97,2.425e-1,1.127360811418014029453161465950040194573201064682447026741215797043960560975058905243209489668366143,
chandrasekhar,40,98,2.45e-1,1.128129853285717854514679827467957768204551168358694884903685981326497154628482259501753929039121182,
chandrasekhar,40,99,2.475e-1,1.128893927113604489946421872028145219892087300874020406986396721137187316620196543104180562557462513,
chandrasekhar,40,100,2.5e-1,1.129653093546803124382872432687464715597992562654573993790226282674818959013321272681478038484286054,
chandrasekhar,40,101,2.525e-1,1.130407412005875419638813522516225105570234303188801007133458789652298452968218941890732916592017408,
chandrasekhar,40,102,2.55e-1,1.131156940722992426438419000898981647140547759992430407791508522855826332200927171646415936310871977,
chandrasekhar,40,103,2.575e-1,1.131901736776693517474818214738190056399005835276690895842316176367956024353413945665201101815399976,
chandrasekhar,40,104,2.6e-1,1.132641856125296358958654358596192130715592485783346568104771603705355318498872972430662986890392877,
chandrasekhar,40,105,2.625e-1,1.133377353639022945202433294506947809879476292578034900764015439254537030735341320696570094381971383,
chandrasekhar,40,106,2.65e-1,1.134108283130902991586828249489027148763744114917197931326406984358517423425338911411438633370735078,
chandrasekhar,40,107,2.675e-1,1.134834697386512499216707277738015779800950653057962912757483972481524781277598785063116090539241397,
chandrasekhar,40,108,2.7e-1,1.135556648192602051157807917050676748284298184834660346890086858119683233784906855165233934420872428,
chandrasekhar,40,109,2.725e-1,1.136274186364666358358634828039562772627877867731034350590529695180662572027764668084824404086749091,
chandrasekhar,40,110,2.75e-1,1.136987361773503727622314413004755038375197414386563192307064578367301115893344736545090402986877709,
chandrasekhar,40,111,2.775e-1,1.137696223370811459994642636995117972420154668380892695685031847107936287509195938733504541570270651,
chandrasekhar,40,112,2.8e-1,1.138400819213860692535557911878090863464334695543485716336365297309451913282174568436191624714497874,
chandrasekhar,40,113,2.825e-1,1.139101196489291857559081138588612383702475308367752797647280203222234074590936608191668619196816467,
chandrasekhar,40,114,2.85e-1,1.13979740153606973994390370964629517445178054962880223270275902901388158214898529330929615691214122,
chandrasekhar,40,115,2.875e-1,1.140489479867635054796088405430611271760584022904485366890971691968276257524320400625098385818522234,
chandrasekhar,40,116,2.9e-1,1.141177476193287535153147092367132243975185208568235387816921432663695023121722263203316489512448551,
chandrasekhar,40,117,2.925e-1,1.141861434438833703855539488086617608697051402045518008916648488587161558183218723948836084898072382,
chandrasekhar,40,118,2.95e-1,1.142541397766530797149052753902622866774747273564080193155302454177264842002878531310368614552268406,
chandrasekhar,40,119,2.975e-1,1.143217408594356702605381769586181369156641175243919358127429335820672188328777135835442514242294333,
chandrasekhar,40,120,3.0e-1,1.143889508614634263706752642133645701741911423051173480341876880722869927108197297053889093674714967,
chandrasekhar,40,121,3.025e-1,1.14455773881203688159725146656319760523908573359866230613177896253848782006631277070677319563767318,
chandrasekhar,40,122,3.05e-1,1.145222139481001005194976776179651495221904847048341169325919033363630240145784166341420641768227375,
chandrasekhar,40,123,3.075e-1,1.145882750242569838655423664655690717389316923987790044452354947565653305238592067774102150360210273,
chandrasekhar,40,124,3.1e-1,1.146539610060691405046315082492976913525649163507408930060363999100709667742403183972868741529084139,
chandrasekhar,40,125,3.125e-1,1.147192757257992982372372473791674024493139715532580313570313927358379755533429269759834508065532789,
chandrasekhar,40,126,3.15e-1,1.147842229531052868447101237476024709571550805390842990662731455355011918075571652544521832508506151,
chandrasekhar,40,127,3.175e-1,1.148488063965189430529471447767962636840007174241808774216804667331951701595632698760556965971776228,
chandrasekhar,40,128,3.2e-1,1.149130297048786450393912048532650014043307450689254274775973486799123766014675206143698979464834205,
chandrasekhar,40,129,3.225e-1,1.149768964687172882113042456274817507677825851663282030136953749640583496509386258714206580140666755,
chandrasekhar,40,130,3.25e-1,1.150404102216074295077538221933019022990259055363160745394228696942657534091559581654875313614394666,
chandrasekhar,40,131,3.275e-1,1.151035744414652475654005566271198075792639689160652861816255759480359865642024499351156952169603564,
chandrasekhar,40,132,3.3e-1,1.151663925518148904594152634607180671379131589455413178214985161471484682171937893038951473280881422,
chandrasekhar,40,133,3.325e-1,1.152288679230147111252497669573344733358729555721528966515618771313801609355951770867869596394724359,
chandrasekhar,40,134,3.35e-1,1.152910038734468227417712525127275355798535868790391372997878229981227822738288524195644660022458543,
chandrasekhar,40,135,3.375e-1,1.153528036706713420850365777756904244911911220588120734692578577401658902656290699511211635086992325,
chandrasekhar,40,136,3.4e-1,1.154142705325466279334593529175336803351943806281104158289126446567488764898841736029672430150134869,
chandrasekhar,40,137,3.425e-1,1.154754076283167638220605213171354070255597113901174568396494814198997847299910049533688172271171786,
chandrasekhar,40,138,3.45e-1,1.155362180796674796216407373564501515534311812174258938098321141971567060499244191803105756704003053,
chandrasekhar,40,139,3.475e-1,1.155967049617516543858702007021040399240343087017937101537940508931792584452104668602880435982728679,
chandrasekhar,40,140,3.5e-1,1.156568713041854935044415618580380519424113553637409663456082796189319834950201282688348388776125416,
chandrasekhar,40,141,3.525e-1,1.15716720092016426272938571323386464238656670819934084154677410696593538151770993692023349147771985,
chandrasekhar,40,142,3.55e-1,1.157762542666637253989452373138945986445864145712635378928422013430388040856155067321716051156048171,
chandrasekhar,40,143,3.575e-1,1.158354767268328075771277831213659383321174236184739398530412322551906477703109927498035541334113204,
chandrasekhar,40,144,3.6e-1,1.158943903294041339598690711801396637119495607092212873864470930279397243783658993170575150282663663,
chandrasekhar,40,145,3.625e-1,1.159529978902975910085804984986905702796118531664484561048819214595068875521955600256800461629936517,
chandrasekhar,40,146,3.65e-1,1.160113021853131957253352849195027665290611538983739259184058663397615811307694626052814481349584868,
chandrasekhar,40,147,3.675e-1,1.160693059509489345329570034918477775764322798512707830439404704477928389268418543251586630302692304,
chandrasekhar,40,148,3.7e-1,1.161270118851965119984188796797673219288865403151292613561836652028228430390216596433441867464856744,
chandrasekhar,40,149,3.725e-1,1.161844226483157540894625138260819505368846156506126032348836750265728471621832888433597142665882775,
chandrasekhar,40,150,3.75e-1,1.162415408635883806332749822708667782610364975149207124741216542502434112392548722861124903663023967,
chandrasekhar,40,151,3.775e-1,1.162983691180518330294984395171697480444810044198277801536420405882551752540405471863208405971127036,
chandrasekhar,40,152,3.8e-1,1.163549099632138159831585728331713353890806033403722333065171028926858768580487286013232110238746713,
chandrasekhar,40,153,3.825e-1,1.16411165915748185996091266974113054607215478900728032001203135484158818095338492212132397053861198,
chandrasekhar,40,154,3.85e-1,1.164671394581727945220654289620071551176718810585944178557786487877577077886229008555861641295694186,
chandrasekhar,40,155,3.875e-1,1.165228330395098699888603734141371842880269968452791414939121176330292921090644818250662862248486378,
chandrasekhar,40,156,3.9e-1,1.165782490759295002614957666537585271650613375451139053185903070966170785847956865396070080724513328,
chandrasekhar,40,157,3.925e-1,1.166333899513767555094564347330082840716020554397322386945685743761225609752819938498602920719112051,
chandrasekhar,40,158,3.95e-1,1.166882580181829707951007955332281336526161771686949851253865580889902460989447564916343549127149903,
chandrasekhar,40,159,3.975e-1,1.167428555976616879714583012592134017977942715940088117374560591134121684984720643511203525766065609,
chandrasekhar,40,160,4.0e-1,1.167971849806897376190593494395513054646792402475916965719157772385750215835768995542242634697481622,
chandrasekhar,40,161,4.025e-1,1.168512484282739237196607427784749825323234184727539522306600834437628469138060021447198150531166398,
chandrasekhar,40,162,4.05e-1,1.169050481721037565185374112902868613575676323485898454447035125008011439736314591627556806637940218,
chandrasekhar,40,163,4.075e-1,1.169585864150906625275081551659334278154836989209998876253841005720566824695440185705607231086098917,
chandrasekhar,40,164,4.1e-1,1.170118653318940848313047941832306189127882769800231654667765089821581310629515036327334361391707052,
chandrasekhar,40,165,4.125e-1,1.170648870694348717455575799572938548904317451164067225127988616630204143664520433997277534500120523,
chandrasekhar,40,166,4.15e-1,1.171176537473963374027315135673686737947887215935393391388589000021988829370529599527432538196154566,
chandrasekhar,40,167,4.175e-1,1.17170167458713363981769281867989752481183541865422494804803593369444308810207147397935815510814161,
chandrasekhar,40,168,4.2e-1,1.172224302700499020186152052347500427096715376466299902241346282848057034958865831384200618520319049,
chandrasekhar,40,169,4.225e-1,1.172744442222652125104264489387794753668817193038806714848301488045212810225559679932079253001553036,
chandrasekhar,40,170,4.25e-1,1.173262113308691823298220322590005910417957592662890522302618876788916968156708186663818472569469556,
chandrasekhar,40,171,4.275e-1,1.173777335864670327720722813506421731191572325695426797736417386093882988312110735707904362283638237,
chandrasekhar,40,172,4.3e-1,1.174290129551937298441010233130957591390605766044126761668522423195943383331585217256176300728574757,
chandrasekhar,40,173,4.325e-1,1.174800513791383941472074067285296327728750559122763616607317827047699996884621003864568807940643438,
chandrasekhar,40,174,4.35e-1,1.175308507767589978843271113400244312514593377786982165197995848938718112719220129312138833454360367,
chandrasekhar,40,175,4.375e-1,1.17581413043287626617356000825352779427759765657989629573019982465477156329402831415016790846493075,
chandrasekhar,40,176,4.4e-1,1.176317400511265738915009216862850350678750623876490368440323484060966436087581956032024201222429206,
chandrasekhar,40,177,4.425e-1,1.17681833650235527713727114193184269763932408975841591062377365831133468759988670903337233656103724,
chandrasekhar,40,178,4.45e-1,1.1773169566851009910398581520114866140161918643896876363271912094961305918587035795040883922527742,
chandrasekhar,40,179,4.475e-1,1.17781327912151934514744912232416468827891852684528497684977081082080588010929365478940855621940349,
chandrasekhar,40,180,4.5e-1,1.178307321660306458209466399868311283909441002733698021866873263977407014794865195583059320441525957,
chandrasekhar,40,181,4.525e-1,1.178799101940377838041911305401983270713156142831525259973228490540994179944226900600582847441764871,
chandrasekhar,40,182,4.55e-1,1.179288637394330735777371861729675253246307472184023581076398634020361499814281975607134718978994201,
chandrasekhar,40,183,4.575e-1,1.179775945251831232095578663166866437794174846849608804142145183170044841301699424090605332356602773,
chandrasekhar,40,184,4.6e-1,1.180261042542928098865782682062665863401099443941988048966990233079869985408254873245859573387460416,
chandrasekhar,40,185,4.625e-1,1.180743946101295413123644755864179350946919186449672970541365336316350486990527940390449565288429513,
chandrasekhar,40,186,4.65e-1,1.18122467256740583631519123670505474849792088311176286386103198405231111699441357539096902074041051,
chandrasekhar,40,187,4.675e-1,1.181703238391636410160167627369353335251872204899043987848830566649242817570829004192363155352142733,
chandrasekhar,40,188,4.7e-1,1.182179659837308661213512236328328597305951971289537404678427766574897775797502803845670981533328627,
chandrasekhar,40,189,4.725e-1,1.182653952983664749138332436915729762051546507851679677516073132942999518043733042168928636141568621,
chandrasekhar,40,190,4.75e-1,1.18312613372878133875304875450126821658444618712163891396672126639713442111926339714126022680119318,
chandrasekhar,40,191,4.775e-1,1.183596217792422822990075053749457172963188870375762698249844285833921093209418039487919717623705462,
chandrasekhar,40,192,4.8e-1,1.184064220718835472918538071922607409809781628598595913983853511219962919481196717889448896616991267,
chandrasekhar,40,193,4.825e-1,1.184530157879484041858111169814990073488919564258264602420768875965279185157994089995599587008284572,
chandrasekhar,40,194,4.85e-1,1.184994044475732303267835970311030674950266421434933444041076670273692157248160330075389345861163135,
chandrasekhar,40,195,4.875e-1,1.185455895541468956459212215785730755760065194377719637455436530504861597451790652855089311975577609,
chandrasekhar,40,196,4.9e-1,1.185915725945680290186636994749202505116730423388569982075867427125765489662804282366938365072982902,
chandrasekhar,40,197,4.925e-1,1.186373550394970951743487184743644838606571194774054470057768799040168694997286451260413164756491355,
chandrasekhar,40,198,4.95e-1,1.186829383436034128274848244780014830910347125060784325147141466621227919762403041139590061958412486,
chandrasekhar,40,199,4.975e-1,1.187283239458072407547094797068016876954003151244990447379565067685409534967089011946203084999765297,
chandrasekhar,40,200,5.0e-1,1.187735132695170547331985242285481795763458091518983165178718593920531489103876356331443273552996338,
chandrasekhar,40,201,5.025e-1,1.188185077228621345813031895559899501546502922781750609086529378137504655317369477139964131259262254,
chandrasekhar,40,202,5.05e-1,1.188633086989205769951533232250054255862482092575398595771101831811265614214821561904577039078412732,
chandrasekhar,40,203,5.075e-1,1.189079175759428464508060861476044148016871283826614919901144259235394524097495586203125408582494262,
chandrasekhar,40,204,5.1e-1,1.189523357175709731353890409844864350299081293981493807119877842491546012965536287488073290386722966,
chandrasekhar,40,205,5.125e-1,1.18996564473053503677950597024888518090234180525550045190454966940525479143025105758758895932474587,
chandrasekhar,40,206,5.15e-1,1.19040605177456307366958446790931866962075954030659457917518119967460927755197522075921537646875274,
chandrasekhar,40,207,5.175e-1,1.190844591518693375623411270925810957427759189817891853552931160513018292836070122707774373329456533,
chandrasekhar,40,208,5.2e-1,1.191281277036094451315969490100956031973225894057530854920833334008841068903831546398989700491152035,
chandrasekhar,40,209,5.225e-1,1.19171612126419337957921740353993295920676013087954422875357449971376630605206721364583201518657655,
chandrasekhar,40,210,5.25e-1,1.192149137006627778798228649231830707690077145082781917427997220542345817483764318405935875557678495,
chandrasekhar,40,211,5.275e-1,1.192580336935161038227418380507579433435500587883727408069680551515969904464297067068345595762178956,
chandrasekhar,40,212,5.3e-1,1.193009733591561673704032726914552999170185639025160617007889641583186623270493013818245873119042575,
chandrasekhar,40,213,5.325e-1,1.193437339389447645936901300058629961185495505381222317402227912346508979325187937253361784749163623,
chandrasekhar,40,214,5.35e-1,1.193863166616096456046983174230217562985702349668206489902897959905674364874646570510541066244787575,
chandrasekhar,40,215,5.375e-1,1.194287227434221810302628682499912823893445745857691753047702019004753719099074372444578134453596916,
chandrasekhar,40,216,5.4e-1,1.194709533883717623998137112153855149336978922149521591055644086150197686921236531354391483535384927,
chandrasekhar,40,217,5.425e-1,1.195130097883370113141712179559375209295910551997874254332413995389781140011402437454788323016593703,
chandrasekhar,40,218,5.45e-1,1.195548931232538702022039718799222981072056493435304639010104229588628843244255227528433868820429817,
chandrasekhar,40,219,5.475e-1,1.195966045612806454786258183043331208258422278261156846787421394611211442183804183061421506700642928,
chandrasekhar,40,220,5.5e-1,1.196381452589600719861921630193006324766010082173672199232791243943389705196881602531351683804399215,
chandrasekhar,40,221,5.525e-1,1.19679516361378465736851537611865999226741601159145954134740145582890523308171347519666947491563206,
chandrasekhar,40,222,5.55e-1,1.197207190023220301567969358536358039037405632490522519715267576685176967496672998827012587145431159,
chandrasekhar,40,223,5.575e-1,1.197617543044303792877118119656798349157585239567009226809262996971160709675692600519077200481669203,
chandrasekhar,40,224,5.6e-1,1.198026233793473396987735071045703424711621640376543299587980248840660444122855196206492519396359034,
chandrasekhar,40,225,5.625e-1,1.198433273278690912192000934949573326077209498753938368565163977607317247667646579340194965291273188,
chandrasekhar,40,226,5.65e-1,1.198838672400897050074216609109531068433759913260232534474157966618205829275523900924365904749433472,
chandrasekhar,40,227,5.675e-1,1.199242441955441359285155032364079208963319277203238986193580058664583829147161499299188945707120429,
chandrasekhar,40,228,5.7e-1,1.199644592633487247146298841316114354626781317462513620061197175864135837584506600984121827933371262,
chandrasekhar,40,229,5.725e-1,1.200045135023392639320651102634166618780001744318240992114922726529003704311678384516229680297248445,
chandrasekhar,40,230,5.75e-1,1.200444079612066803718812036124204832010447457831797472767510100992035410286811921015023103140105227,
chandrasekhar,40,231,5.775e-1,1.200841436786303851168190124375533829556167513805984294562474250670965605203828781987814974897009452,
chandrasekhar,40,232,5.8e-1,1.201237216834093412144766675516642783969788045512439277276858077123891066737954611964136826970669575,
chandrasekhar,40,233,5.825e-1,1.201631429945908976036538793739469701772888628317560369975594150830206316725169891585714196133536501,
chandrasekhar,40,234,5.85e-1,1.202024086215974366961956820856791815565950822387794300045454430906825201229856446869479001067595136,
chandrasekhar,40,235,5.875e-1,1.202415195643508818092205072630676268051395827174734295332897271908770784137463985534998322611161459,
chandrasekhar,40,236,5.9e-1,1.202804768133951094710409522687950304269953557194573451477007474564973276099514189545248296421887518,
chandrasekhar,40,237,5.925e-1,1.203192813500163104871635991937822140958538623172518097063050053503479319864306882250185934693930243,
chandrasekhar,40,238,5.95e-1,1.203579341463613425493172581016032825376878006121947176550875823875790031016944744253353563882982295,
chandrasekhar,40,239,5.975e-1,1.203964361655541160993818472146621958369447879549048686566550149573683682660073267927337943174886561,
chandrasekhar,40,240,6.0e-1,1.204347883618100541202899938382299530836099544193511506111889663481999978330348541218457511143184727,
chandrasekhar,40,241,6.025e-1,1.204729916805486655164082019338208700829013474725713813206325011655268689208760154935661415746619848,
chandrasekhar,40,242,6.05e-1,1.20511047058504270765570901809294501740824332557213660747065321259655620707391045669957809088439867,
chandrasekhar,40,243,6.075e-1,1.205489554238349175728730360694146205017140064973416947150566388053222149842369511098237742326926505,
chandrasekhar,40,244,6.1e-1,1.205867176962295233315950111937592784320319899212977462096447145404810367641677196769785440523766807,
chandrasekhar,40,245,6.125e-1,1.206243347870132802983421591406309048534827663363474891811987770172001575845744397482088091836697412,
chandrasekhar,40,246,6.15e-1,1.206618075992513585167665435291378708309269781265840797732592276873468789308499903870479685940004565,
chandrasekhar,40,247,6.175e-1,1.206991370278509406762708367021876569349578163845492924028525681018350806046271748982345296721886228,
chandrasekhar,40,248,6.2e-1,1.207363239596616222680712239016096606110339845639510028197582831432698125385404497026410480482594306,
chandrasekhar,40,249,6.225e-1,1.207733692735742096001470814546325867279135145672077623951257008258451009610392931247870446271277108,
chandrasekhar,40,250,6.25e-1,1.208102738406179474541856658784022405604004378818172726052096025402944243364042741464638365136281336,
chandrasekhar,40,251,6.275e-1,1.208470385240562074109231764282334164305230396610480756117871818374456464548926026660657820747345659,
chandrasekhar,40,252,6.3e-1,1.208836641794806671345979795294707590727675409558750280428227093361308164760324215122359664657174582,
chandrasekhar,40,253,6.325e-1,1.209201516549040101919008803391230567461349670103890431267485161124663068723109903486871387236200382,
chandrasekhar,40,254,6.35e-1,1.209565017908511752851881929338100193308986771125984725672647140580725102094367987515673905850498445,
chandrasekhar,40,255,6.375e-1,1.209927154204491831031958872952519380867620829267084273000547482054237589437411345756056458498685492,
chandrasekhar,40,256,6.4e-1,1.210287933695155683344590666759525040027089773316923337119586133362712653203078729424364936384458419,
chandrasekhar,40,257,6.425e-1,1.210647364566454437485232821561372663585475017689908671354123361583119121847863887535544921772174548,
chandrasekhar,40,258,6.45e-1,1.211005454932972226272757722612338119267059192618307110653975242893290700594556204506989070755296925,
chandrasekhar,40,259,6.475e-1,1.211362212838770252227881105246237049498855790603067703204090662704401683843898238412166685594328478,
chandrasekhar,40,260,6.5e-1,1.211717646258217943284281236688117463580629103585458120196924596990342152058659788667153452264520489,
chandrasekhar,40,261,6.525e-1,1.212071763096811444761674435649370457730422708952000489914864841155362945541441264646499018412132462,
chandrasekhar,40,262,6.55e-1,1.21242457119197968714498089152463181908177512438064269423537758601058329709540522031189223882891164,
chandrasekhar,40,263,6.575e-1,1.212776078313878263777100675940902212091424802006325531206213893139719853949217487341971663057931685,
chandrasekhar,40,264,6.6e-1,1.213126292166171347280211477901400634869210564788273654556011371658348500675925268834479549924019609,
chandrasekhar,40,265,6.625e-1,1.213475220386801868367540816657186830408731009137327014474375348795824967054231600907339976071306833,
chandrasekhar,40,266,6.65e-1,1.21382287054875017569004813109998240769600409473167640755225906271590270563499832155952615710819155,
chandrasekhar,40,267,6.675e-1,1.214169250160781390476310439990416738239292067944878100776145327952637105398341103053989074681791077,
chandrasekhar,40,268,6.7e-1,1.214514366668181664965210495521190271031023284637607518990138397542508019438431842603361247495977354,
chandrasekhar,40,269,6.725e-1,1.214858227453483548995981728575561991461695241870133948195854825304092635909410732691617050016891644,
chandrasekhar,40,270,6.75e-1,1.21520083983718066460510004597901535084121530585294163221132744077558275479300943915192011060203757,
chandrasekhar,40,271,6.775e-1,1.215542211078431884080881240381318216606070437462307036536382175127014655627942361332997249795225248,
chandrasekhar,40,272,6.8e-1,1.21588234837575520264101476039622316675771322412856820243503132663386662690490851441676834728974371,
chandrasekhar,40,273,6.825e-1,1.216221258867711492722323671439387969030559237151400505165459472363644841338167920316980925668274119,
chandrasekhar,40,274,6.85e-1,1.216558949633578322802579926381632196078531555391077239189498521725259399262332542768873462422917871,
chandrasekhar,40,275,6.875e-1,1.216895427694014019708121977792173337768278475887364668293102384809108070205795958772464804773393745,
chandrasekhar,40,276,6.9e-1,1.217230700011712149495318193546419604261581390312786010012159987472158319960749688503747905993328841,
chandrasekhar,40,277,6.925e-1,1.217564773492046588225692173674076527337269863480216224856106228711019309045570489176599560953143348,
chandrasekhar,40,278,6.95e-1,1.217897654983707350280966859184408343233297257638395360957001879026496640661165550425375187185553664,
chandrasekhar,40,279,6.975e-1,1.218229351279327338282676092307544896595922628062168529931100058762347337355287779488493333744373319,
chandrasekhar,40,280,7.0e-1,1.218559869116100175188705460147004368907373631698863032367496957386332719536974293526120321410155037,
chandrasekhar,40,281,7.025e-1,1.21888921517638927573361373583923228711297085477048276169197771238390051017345682615508962758198381,
chandrasekhar,40,282,7.05e-1,1.219217396088328311058388397821689393557323518500680600775289512002452999195872971026545153811187254,
chandrasekhar,40,283,7.075e-1,1.219544418426413217136018511763748085009229664939236598633979410594992417494008701092149719503954731,
chandrasekhar,40,284,7.1e-1,1.219870288712085894439616453873080203264255405236624339246657910516884439570215257600404776528096022,
chandrasekhar,40,285,7.125e-1,1.220195013414309743217550420427993466113443153211151463969764609749424084977258115035769828380051538,
chandrasekhar,40,286,7.15e-1,1.220518598950137175732996849807503679069614455042822323344135110024658278029531537497330050124693412,
chandrasekhar,40,287,7.175e-1,1.220841051685269243891388316225543894183470211365858559295290220169392177942597597451766982894133295,
chandrasekhar,40,288,7.2e-1,1.221162377934607517816386394112011819147923358647013015792430897037597051597576244448017407464034621,
chandrasekhar,40,289,7.225e-1,1.221482583962798348141282129885794048098168174181159562078005164400453680311636864707810994369860782,
chandrasekhar,40,290,7.25e-1,1.221801675984769642056212024899818632428366512076589665950620436780101663315690284719904781678168222,
chandrasekhar,40,291,7.275e-1,1.222119660166260280490426888001898983635953927614405309127789116311234310981518323867087502213341693,
chandrasekhar,40,292,7.3e-1,1.222436542624342301211273711359488967047092515700340933165677994197269315559131018602914033766375906,
chandrasekhar,40,293,7.325e-1,1.222752329427935970085811150320646350070656545951437447258665913521571900227162396378935505622072738,
chandrasekhar,40,294,7.35e-1,1.22306702659831786027539479444717541966008817487351658162454795620031522388484119321692187400505573,
chandrasekhar,40,295,7.375e-1,1.223380640109622056716508193708215815696076894066141730478496329617898526307220345916960914561917725,
chandrasekhar,40,296,7.4e-1,1.223693175889334600880998241973855718929919113661881696861556527838747647112497655308240261619031317,
chandrasekhar,40,297,7.425e-1,1.224004639818781288504165730298497751834367530821325287273786428441882256267677254103238128613167295,
chandrasekhar,40,298,7.45e-1,1.224315037733608930718376778820377542492670809263398905628979718687825801291240056375719977522598536,
chandrasekhar,40,299,7.475e-1,1.224624375424260186831556397659722088968367027902035280943034334785402538353125522482892458987750039,
chandrasekhar,40,300,7.5e-1,1.224932658636442074842702918565969344780408045828014021194830743505924281622944990233228011478284495,
chandrasekhar,40,301,7.525e-1,1.225239893071588263689064685169822548625911688888596443487046104576369759319406486414105263587609205,
chandrasekhar,40,302,7.55e-1,1.225546084387315249170531903631980740098618848518780277289489363867970828168429997449269571181437067,
chandrasekhar,40,303,7.575e-1,1.225851238197872513494839817100267361670339475338744347470833322167196021540949251959725116595523546,
chandrasekhar,40,304,7.6e-1,1.226155360074586766431115130639919968831635552563821848767102633976355207485019755134665532365958962,
chandrasekhar,40,305,7.625e-1,1.226458455546300364147923260387567128602991949965152340997221249881403011878388226628450023161411639,
chandrasekhar,40,306,7.65e-1,1.226760530099803999944122321174541734477616642952715239810422886837667307495421969393804461710485215,
chandrasekhar,40,307,7.675e-1,1.227061589180263759255367880057031576005090188393477968546691189242564638687054882410354892591762432,
chandrasekhar,40,308,7.7e-1,1.227361638191642629534940621926486220472104613759866300887256703558716416863663435033826499708553416,
chandrasekhar,40,309,7.725e-1,1.227660682497116553863619507806112518498195603982231265190929062217915045857809637696103389082870779,
chandrasekhar,40,310,7.75e-1,1.227958727419485115438559106115267399010095868308278109816675631176233961446104882093855563258929022,
chandrasekhar,40,311,7.775e-1,1.228255778241576938424544929992495370366389624888299364986545256441515140816848458773056545627872246,
chandrasekhar,40,312,7.8e-1,1.228551840206649889021617280323364019281881687094384736149383563867680295697677618634930984885891321,
chandrasekhar,40,313,7.825e-1,1.228846918518786159009922876209961092167898451856773814317704928982323844747787982598768452945922835,
chandrasekhar,40,314,7.85e-1,1.229141018343282312474852296421919032021259707179917901201911244075820647360344469037421655374070127,
chandrasekhar,40,315,7.875e-1,1.22943414480703437489215417617004287885532381274897812298172771175239228235368859879581450947571864,
chandrasekhar,40,316,7.9e-1,1.229726302998918042262913960764804430759479101335481453413994019438202252527518515556710012253617748,
chandrasekhar,40,317,7.925e-1,1.230017497970164086531200299101530118286370203671000516891372400453255526711105317752853793587426832,
chandrasekhar,40,318,7.95e-1,1.230307734734729032091994303736747553102495471530665947731692579904376589419088153789813060150822116,
chandrasekhar,40,319,7.975e-1,1.230597018269661176802927546635678310411700026390859018347181086449558647245054004112902272834929216,
chandrasekhar,40,320,8.0e-1,1.230885353515462029549587907485706526062872145826685762849466337306156296756733247121991514983883173,
chandrasekhar,40,321,8.025e-1,1.231172745376443235079954120936940920335001210172154724063653380512496972384835288647268344239270837,
chandrasekhar,40,322,8.05e-1,1.231459198721079055518157047797606204890001048805041588876480852915796543596088717670589293034630136,
chandrasekhar,40,323,8.075e-1,1.231744718382354476690525727439909439151551002356414890663283989720886828304893954298001490133541109,
chandrasekhar,40,324,8.1e-1,1.232029309158109006147066363352280885651157656058548143928831399827576029426720491200943436863907584,
chandrasekhar,40,325,8.125e-1,1.232312975811376228538468953521406691140125149834942473464343178032965754746818764533567529245415402,
chandrasekhar,40,326,8.15e-1,1.232595723070719182811784308356758180899663279554631207115671346720828337060363238794500191917490742,
chandrasekhar,40,327,8.175e-1,1.232877555630561624516426740791026012096900354810398308288392128940603916079851136752657419595499421,
chandrasekhar,40,328,8.2e-1,1.233158478151515235365515287990390256521792901344517719471219683572932266311154703773281755904336286,
chandrasekhar,40,329,8.225e-1,1.233438495260702841075166403625012244844772443096718218855127851323428578116888864886513745655793532,
chandrasekhar,40,330,8.25e-1,1.233717611552077697405607550845709102874890672325724160032449795362505395165663264891518681551828418,
chandrasekhar,40,331,8.275e-1,1.233995831586738903252323873519216230811398984032378034208363941213022219615491140342607411408971219,
chandrasekhar,40,332,8.3e-1,1.234273159893242998582324427972868865841019413744023278566600889050791649798069476764091599695465769,
chandrasekhar,40,333,8.325e-1,1.234549600967911803979480612042158597913908359773754753633216197227603648240537662231566529144587659,
chandrasekhar,40,334,8.35e-1,1.23482515927513655755322226691245823908157536341491417017321959802297799460612775488043254550097399,
chandrasekhar,40,335,8.375e-1,1.235099839247678403976165391270132951279860170537315114495914018390538163184305060574953764048656411,
chandrasekhar,40,336,8.4e-1,1.23537364528696528944799212404232982330372564703870160229298677270338291418602578453940604914530719,
chandrasekhar,40,337,8.425e-1,1.235646581763385315434624528321275735162099099604268003806044101606281877255332039866897944682543714,
chandrasekhar,40,338,8.45e-1,1.235918653016576603102957537584462982057829848231564799116420277828737369071716180569466687414386051,
chandrasekhar,40,339,8.475e-1,1.236189863355713719461684503762443829957928046517924231552825297082637912485144328502610811165133843,
chandrasekhar,40,340,8.5e-1,1.236460217059790715327614549476318843835005306920440179426259256649743680906618899404566318716506144,
chandrasekhar,40,341,8.525e-1,1.23672971837790082436390958847109195390783714391218884274631201413671897200342629560249522601989762,
chandrasekhar,40,342,8.55e-1,1.23699837152951287158143708872912074305165073776001037820272100387758476645490181588946550561858258,
chandrasekhar,40,343,8.575e-1,1.237266180704744438856530163110025832690145144239027717371124176377600689336745717727021721084580268,
chandrasekhar,40,344,8.6e-1,1.237533150064631834197467911929749333351614043113566579087850473659758638933996002430210976636264295,
chandrasekhar,40,345,8.625e-1,1.237799283741396910687545105265243116224731137576001176804959095295776250144837179129669080717325907,
chandrasekhar,40,346,8.65e-1,1.238064585838710780244310436985498208052647978631642972756677478221028894704024112280385275745419024,
chandrasekhar,40,347,8.675e-1,1.23832906043195446656204573378075005417099776818315367630194893996956782679030195984372282130026582,
chandrasekhar,40,348,8.7e-1,1.23859271156847654084747327223750694616118957034757749809323937603353165638922224209555353586561406,
chandrasekhar,40,349,8.725e-1,1.238855543267847783216662666987951132402169649997763576037528571618554093997682231299575075700761737,
chandrasekhar,40,350,8.75e-1,1.2391175595221129118938196087871838980331860089530865964434057496365418827481621527693140848673838,
chandrasekhar,40,351,8.775e-1,1.239378764296039421639741804671522495477986317141514936869128517434120101592574806860341101358242307,
chandrasekhar,40,352,8.8e-1,1.239639161527363572138897090882785053319830240855536451157372906086671897297618237678260800492952254,
chandrasekhar,40,353,8.825e-1,1.239898755127033566388997434830825532424744964462169261423717600598722242085386953136319645067986926,
chandrasekhar,40,354,8.85e-1,1.240157548979449958465301056379632635868054216427875934333356739428495771624085314624499160389024179,
chandrasekhar,40,355,8.875e-1,1.240415546942703329373371654862146455096089780016835323861053946953556568624589292324900016045438432,
chandrasekhar,40,356,8.9e-1,1.240672752848809269058364812249949224344699154275789314486792775764791779181890071823191560705441616,
chandrasekhar,40,357,8.925e-1,1.240929170503940702005810539336837715663395400001206277822475610531818143511912186565067953792345794,
chandrasekhar,40,358,8.95e-1,1.241184803688657593248038317041905163471434697184454461114895379971376359389585793808609934553614345,
chandrasekhar,40,359,8.975e-1,1.241439656158134070981574526817771835422152536030112283511712259667559095100920073492399539412028534,
chandrasekhar,40,360,9.0e-1,1.241693731642383001403766327565943187217347851220993666198327978544258560607854590821256220795091632,
chandrasekhar,40,361,9.025e-1,1.241947033846478050791291895000243667257067173864956276257074359125945579088370716201342587956566517,
chandrasekhar,40,362,9.05e-1,1.242199566450773269268851992667677603707056308852067207404761252302084261531901819841205472037868331,
chandrasekhar,40,363,9.075e-1,1.242451333111120230152955840345206545531597813605557624372734422344998214320154005954524025866631735,
chandrasekhar,40,364,9.1e-1,1.242702337459082758203075010944016944521344494511532353978236775849526377333950583329195414525328343,
chandrasekhar,40,365,9.125e-1,1.242952583102149279570308357618980122832993567806450078441416230257702597548458598451463107411576629,
chandrasekhar,40,366,9.15e-1,1.243202073623942825701850233785127267321214572266327720362332988269150734768204149405769724578286061,
chandrasekhar,40,367,9.175e-1,1.243450812584428722937760597807338907085278830853589131247505109813367003417156074223910074307991572,
chandrasekhar,40,368,9.2e-1,1.243698803520119999024581509207946808905886637890129782976931826089911321648266405879026002488941233,
chandrasekhar,40,369,9.225e-1,1.243946049944280537268017835149092867513939116269951321908967061988577356461862298106152082494084734,
chandrasekhar,40,370,9.25e-1,1.244192555347126008553993655303837426760264414285649340451671888342635128819026251951821890983143243,
chandrasekhar,40,371,9.275e-1,1.244438323196022610983707851611143831189548156113313874214397249143212829653535508345633574268394027,
chandrasekhar,40,372,9.3e-1,1.244683356935683646393645544649576866499143175751294863051793160516395688433662493775201414619288089,
chandrasekhar,40,373,9.325e-1,1.244927659988363962565663983820509425920803781720832793983389497856304159593083619978902496311910077,
chandrasekhar,40,374,9.35e-1,1.245171235754052289475074426203522166307372109972809801553763106778168782872718187020480466144737887,
chandrasekhar,40,375,9.375e-1,1.245414087610661497475902156323031824676361921253213476620129120574251007796287220018023226584952892,
chandrasekhar,40,376,9.4e-1,1.245656218914216804882046189578765537706216714825462051071280287854734393807535419287936508040019537,
chandrasekhar,40,377,9.425e-1,1.245897632999041961970703709069345228515964282682018729874641162118542427219526676196684843664971003,
chandrasekhar,40,378,9.45e-1,1.246138333177943438010001399527897559459354582365400938566088245779350911302088922603316167614975041,
chandrasekhar,40,379,9.475e-1,1.246378322742392637496120091471200400974218079596358469241444132808513864406770764834608783853049904,
chandrasekhar,40,380,9.5e-1,1.246617604962706171376147973426419516127928038252023880342461842989216522438619969376168707810326196,
chandrasekhar,40,381,9.525e-1,1.246856183088224208631292358684147360352731620104500470173598364966141681436936460033966567679364237,
chandrasekhar,40,382,9.55e-1,1.24709406034748693320076562215298525596072507175814113918013872239005021747247186101810861009348716,
chandrasekhar,40,383,9.575e-1,1.247331239948409130839486100259977028915582988009298388877099732911180139657869627334098800830664899,
chandrasekhar,40,384,9.6e-1,1.247567725078452930122551656628358162093687858592877534446143840778083637834403748436231487734782119,
chandrasekhar,40,385,9.625e-1,1.247803518904798721436107887317201549235512668885523187952336684200278854442085737487615282422306101,
chandrasekhar,40,386,9.65e-1,1.248038624574514277427603556063460362283333042971734735381396448427620347685780587242609115633104333,
chandrasekhar,40,387,9.675e-1,1.248273045214722098028365065405897488352662678736200639248005297555234775389468304102773121802754025,
chandrasekhar,40,388,9.7e-1,1.248506783932765002807795021629734880567497454641161674215506763484878656568655568127161204503213048,
chandrasekhar,40,389,9.725e-1,1.248739843816369993071175780841553570614665199281999022871849393751123057048770197948822583380295104,
chandrasekhar,40,390,9.75e-1,1.248972227933810405771908834217043170594828136467657692513554539034147948465155944465618225611452901,
chandrasekhar,40,391,9.775e-1,1.249203939334066380973919512715549425566707235744399319445103778367695794298387340471046255573477885,
chandrasekhar,40,392,9.8e-1,1.249434981046983664270781146500571739522362760686946467725770825394985245007521672554186561838987248,
chandrasekhar,40,393,9.825e-1,1.249665356083430765244743681157912387455218923525296947539303994701523200984863259636142603533836525,
chandrasekhar,40,394,9.85e-1,1.249895067435454492731171737872039458477914049392365175750970358126772528603285643241721417608443567,
chandrasekhar,40,395,9.875e-1,1.250124118076433887341791772445590160838473239633357598305952441292333102350212121944334723125752418,
chandrasekhar,40,396,9.9e-1,1.250352510961232571393505493948160472445202114623222583049568372380740738388701645909458673885230943,
chandrasekhar,40,397,9.925e-1,1.250580249026349536088237729273137450068989080082913515546746686016944157305582386679917043060663377,
chandrasekhar,40,398,9.95e-1,1.250807335190068385493244608887019139776628920266258896445656203695671341650786523642145162627166918,
chandrasekhar,40,399,9.975e-1,1.251033772352605056580407846365844266103876542390917913087226804350021794691806447657862464690877409,
chandrasekhar,40,400,1.0,1.251259563396254034297180875647771917852622422100777788371274107762193375477220431681005884100572284,
chandrasekhar,60,0,0.0,1.0,
chandrasekhar,60,1,2.5e-3,1.004033551083597275219768725481438912554139025529671199959204895948305412991588403930516817058731946,
chandrasekhar,60,2,5.0e-3,1.007211591699816566552359858845918490972286646684665346520018184905225466768580971722642675337204999,
chandrasekhar,60,3,7.5e-3,1.010070559011561581605471587638443546051665350104166340823374632712909223931828231467848601888042175,
chandrasekhar,60,4,1.0e-2,1.012723830575223847740655134792571043807817480978640580388726304516027254450312122491961941471106311,
chandrasekhar,60,5,1.25e-2,1.015225043675623090923120455296061864141457804843889813646110416367096771966286528722947092805245346,
chandrasekhar,60,6,1.5e-2,1.017605690804346748161392987542349679884864121064837791147117049529963757419538768892917140946277726,
chandrasekhar,60,7,1.75e-2,1.019886523658065634761503285278585332064842872261185313765901988398129977419640974597622856832859409,
chandrasekhar,60,8,2.0e-2,1.022082254702060727347453536860791796986365837105704410542502085370564776630648577092299345875989088,
chandrasekhar,60,9,2.25e-2,1.024203859620065350222369670823287257748729009241093942593117188070258976197782262876413305629671975,
chandrasekhar,60,10,2.5e-2,1.026259840123973139843118030273242750969016079189389253897193680324958740241733904378662582934790867,
chandrasekhar,60,11,2.75e-2,1.028256975050219362451360139446267794349346322508986521044315317446877312338126814805728505206155964,
chandrasekhar,60,12,3.0e-2,1.030200795299638887913002586297343034602804502387866900116919257318655284798089460041914796486128476,
chandrasekhar,60,13,3.25e-2,1.032095898922200205480520188485490278872190104564725283648492198267727233920735805558113952495454513,
chandrasekhar,60,14,3.5e-2,1.033946168402522265425506871001869973112140925800108585142950604998231198119689720373949330990886028,
chandrasekhar,60,15,3.75e-2,1.035754925363502642176621019107031304079094943783159900011207634069526473784538392354867079953285827,
chandrasekhar,60,16,4.0e-2,1.037525043704869941679267866680209226728269746618049451113791531962469015779704276097148217306157991,
chandrasekhar,60,17,4.25e-2,1.039259034255167213005085440333569783067179266874405553108641728052040493710053222969527358553201174,
chandrasekhar,60,18,4.5e-2,1.04095910936933942601910202687200964154534341377907303942576472464869686243668907433733372479643138,
chandrasekhar,60,19,4.75e-2,1.042627233076311410480981695112131339160018378910569349388345585551428490045396111700687358405634831,
chandrasekhar,60,20,5.0e-2,1.04426516060111917156806685428500260999414814516178365939906181426761000782145205921944356176320278,
chandrasekhar,60,21,5.25e-2,1.045874469932673889401374664086337816773505466405854679124984730742863917050770726952401937426583523,
chandrasekhar,60,22,5.5e-2,1.047456587341209928140211035027389983370003205358157052262366311332222183822926859827037668232740454,
chandrasekhar,60,23,5.75e-2,1.049012808227666786777201708153736458737486957013239636612571600908936966717845320088774593740586867,
chandrasekhar,60,24,6.0e-2,1.050544314324986244858493429002371757017505693370835183928592105553111297124890092287102128918152181,
chandrasekhar,60,25,6.25e-2,1.052052188015158665232008897850262216335082474716597013127882869715868608015934173427385759009601147,
chandrasekhar,60,26,6.5e-2,1.053537424341726042183428148063852884209981106508713766151670222001991677006852897064212369400097814,
chandrasekhar,60,27,6.75e-2,1.055000941163095461598043994169616527760722885538009912302532519530497422116728361074190551461350038,
chandrasekhar,60,28,7.0e-2,1.056443587792631494448025968226163156675292637593448972976374754078796091053678578707049743374569125,
chandrasekhar,60,29,7.25e-2,1.057866152397051857228757504726650613632760554933180824887210158799449740612252921596932516148234834,
chandrasekhar,60,30,7.5e-2,1.059269368368242698158198246579588846993064184185402623202391306126363494380801167826636664125191837,
chandrasekhar,60,31,7.75e-2,1.060653919840411827459399181980132446634308783073892758602582318775241208942810153362210460065685631,
chandrasekhar,60,32,8.0e-2,1.062020446491089606142305945945692471788297474083922763692251278149860026079751822453221488642541866,
chandrasekhar,60,33,8.25e-2,1.063369547738412622022826328388765651580110103269445966280989269282506798391959613859613505044088428,
chandrasekhar,60,34,8.5e-2,1.064701786426601030318001020625461889583995131996844800273504325995742774919959284797243159573950557,
chandrasekhar,60,35,8.75e-2,1.066017692075256413820495568235780062220429953952787217569420191280121260953444226621764345682081341,
chandrasekhar,60,36,9.0e-2,1.067317763755090999329606967630036348871014838297812284385154987986242187039439386468800551714878602,
chandrasekhar,60,37,9.25e-2,1.068602472642222588461447956940803794144805929203554873542827911678526950710137101024352203165676071,
chandrasekhar,60,38,9.5e-2,1.069872264294681856675560818002643787317884226352601703962233023581754726477327448412737727250444843,
chandrasekhar,60,39,9.75e-2,1.071127560687859789161559627305870867162095716117462635626109661216370687069876172358704216485255252,
chandrasekhar,60,40,1.0e-1,1.072368762039950181820135723718364395139687479762229036216102803021717497396151043780375296610886992,
chandrasekhar,60,41,1.025e-1,1.073596248453765388408144500000761552075781792102644781093391298242587555489342344828266961450014025,
chandrasekhar,60,42,1.05e-1,1.074810381397427905316036578188207370294088614103679959878578584573022413480362674562634025802169754,
chandrasekhar,60,43,1.075e-1,1.076011505043212901657493434921298735201710851952157503082274947476542374128606520512414701765867571,
chandrasekhar,60,44,1.1e-1,1.077199947481116491937880140200942229348908454456493247439579250106323356003034228030486118154576653,
chandrasekhar,60,45,1.125e-1,1.078376021821455280646943189445696180234575028803227516552875232453869781341941677939204786157578284,
chandrasekhar,60,46,1.15e-1,1.079540027198887628514392178542322160892223947595797623685707808294209419693489817914443698530697513,
chandrasekhar,60,47,1.175e-1,1.080692249688624420718894023527891660105713338902177112609971969200268540493388339293115798311176409,
chandrasekhar,60,48,1.2e-1,1.081832963144216940584432316339894632214869793783307572028730430526085391834280185807081208622850229,
chandrasekhar,60,49,1.225e-1,1.082962429965131234608528150116945035315323986670907744615594362540627934831011879840507330495807652,
chandrasekhar,60,50,1.25e-1,1.08408090180130902666991593263076134111866312930595603744479296315079416749868680267481288879924268,
chandrasekhar,60,51,1.275e-1,1.085188620201047699475497059315769897222525379874800702064321878067073096075104750421143261769653561,
chandrasekhar,60,52,1.3e-1,1.086285817207783803221606141130363811561556462110069998422361355974450020098048254359791396730015424,
chandrasekhar,60,53,1.325e-1,1.087372715910717539271736519318535912639255808572782401973982265577399982706089204690429422184955178,
chandrasekhar,60,54,1.35e-1,1.088449530953654403293166044601806085191183807029663810226017467855984280646759681052049977284236195,
chandrasekhar,60,55,1.375e-1,1.089516469005951916753375993219593156563483122596447884696123924111220607249156920802529396672021826,
chandrasekhar,60,56,1.4e-1,1.090573729199033477239154964566343063775114522768126467889482126513137235710790543953345225824848174,
chandrasekhar,60,57,1.425e-1,1.091621503531558882164130683347448871339928657817758801385168446594597044415716820332763061301902176,
chandrasekhar,60,58,1.45e-1,1.092659977246014506887573838645497109038257002321965879013140941579005285658603435356905231163624239,
chandrasekhar,60,59,1.475e-1,1.093689329179199096846219121053718994521363203661286855167718743970503840714817408282897656250786496,
chandrasekhar,60,60,1.5e-1,1.09470973208882828496728070036755832638837752788744590553213728262888815101621927404374052351820802,
chandrasekhar,60,61,1.525e-1,1.095721352958257700307805879716358330928837598827573898983944657165512251813828367985458833680428985,
chandrasekhar,60,62,1.55e-1,1.096724353281126997510259272553969859741907050776318835644683710859981159924120312224284436493274758,
chandrasekhar,60,63,1.575e-1,1.097718889327551981977737090312611878821191486953065218123844219906196253958820727992831739509524375,
chandrasekhar,60,64,1.6e-1,1.098705112393336381931089208093577383614758256576577416171236894006850362634947573413586112963509442,
chandrasekhar,60,65,1.625e-1,1.09968316903353627692871475346646610208018676490230409625060458967830642461603558252800985361703585,
chandrasekhar,60,66,1.65e-1,1.100653201281586624179247960405604905856312151319786263681788466070041695327984657242980608165957135,
chandrasekhar,60,67,1.675e-1,1.101615346855088908557444422126336587890661537130261043013186394076560804887161421641143762531568548,
chandrasekhar,60,68,1.7e-1,1.10256973934926010433767068876746672613010644152865991984676431061727709370531296985703608106503001,
chandrasekhar,60,69,1.725e-1,1.103516508418954510032184084381872330929483177772273492495140947663897307144858008435953007324572805,
chandrasekhar,60,70,1.75e-1,1.104455779950090414790476035518778482896021244514341624425808548908184338589987011072819066521522417,
chandrasekhar,60,71,1.775e-1,1.10538767622124194110567629200941406394605275427257439964887370888977430968516597682222372856441374,
chandrasekhar,60,72,1.8e-1,1.106312316056091881091651154950822626837035492707724769457356446125611234677845631930601564645210342,
chandrasekhar,60,73,1.825e-1,1.107229814967383112525479402564044867761328057049630392425241734636644223648123882690036450418707541,
chandrasekhar,60,74,1.85e-1,1.108140285292953554017554005001469842976982649286253405500960836609634970859600752769990068046696606,
chandrasekhar,60,75,1.875e-1,1.109043836324391988310685698055761290877818671641149622921433855506158914194514259845428398659052586,
chandrasekhar,60,76,1.9e-1,1.10994057442880891418551104933779151715794940646538081034393249857276539689494014659676648414285694,
chandrasekhar,60,77,1.925e-1,1.110830603164177409612248974489293747922270371167106939283409700826788963873093128592776456268700897,
chandrasekhar,60,78,1.95e-1,1.111714023388663385708652395311101612196540027937853810545617397866672686138257061567137564326058589,
chandrasekhar,60,79,1.975e-1,1.112590933364332214934797317541160118821388201510644890751327075717135792190342305359446899892268408,
chandrasekhar,60,80,2.0e-1,1.11346142885558920198845464036373853006647245655170283059681822905827138457258392163221999041616981,
chandrasekhar,60,81,2.025e-1,1.114325603222684443024016803698512983497351586060819414266598223359853401154656040406883570564875478,
chandrasekhar,60,82,2.05e-1,1.115183547510588031271262344232523656751757085194393486081052986264308230877805815987642512801679192,
chandrasekhar,60,83,2.075e-1,1.116035350533519086312846575304764339074406777040221745543334445229879626732401376447235673899140087,
chandrasekhar,60,84,2.1e-1,1.11688109895539150647975784818740089138974482056080767290221126040918980144913234454257543251544113,
chandrasekhar,60,85,2.125e-1,1.117720877366420487217805398172059904916721326094651838034931473105021317282082639841827483707486934,
chandrasekhar,60,86,2.15e-1,1.118554768356116550347214817143889355872846366274934853146460488653294305117593047888439893200881863,
chandrasekhar,60,87,2.175e-1,1.119382852582877944418876422240706849729693647025619881854502238639234477883326467261982401095483059,
chandrasekhar,60,88,2.2e-1,1.120205208840377674492309602401319881829502975019848355105044657637533862423583509147045207429046915,
chandrasekhar,60,89,2.225e-1,1.121021914120927983620817907449863615907805060603060556942744036425610020515522890652196752358046645,
chandrasekhar,60,90,2.25e-1,1.121833043675992732992594122020666541774058427826072523070626997677211576943622645668287805936784411,
chandrasekhar,60,91,2.275e-1,1.122638671074006718450170142403510998718454160089543099181198150636095945148880056981864487667386913,
chandrasekhar,60,92,2.3e-1,1.123438868255650432784048244261652630677524746563860626935739077169440335347400707339278930744798341,
chandrasekhar,60,93,2.325e-1,1.124233705586719058918693623129611958633177893065461620912649957645440999684596722332281568174036636,
chandrasekhar,60,94,2.35e-1,1.125023251908715489487902661172417096201345700661918200218725232926113888268044331799863060990663167,
chandrasekhar,60,95,2.375e-1,1.125807574587288850602514264945716416644732475357240509577590171451377399338764132773363004521772245,
chandrasekhar,60,96,2.4e-1,1.126586739558632305077021806931786956061485820571970464253165535798128121684587045987006536555849852,
chandrasekhar,60,97,2.425e-1,1.127360811373946771570885877970070020963704351852686612895622007077911468437090805351241834687158206,
chandrasekhar,60,98,2.45e-1,1.128129853242070574369098764543772885973955311843376608812410028431710168762986750472456108290377733,
chandrasekhar,60,99,2.475e-1,1.128893927070368891524910702083193616847663900089159269687906722668857119037285141709436097351185786,
chandrasekhar,60,100,2.5e-1,1.129653093503971158326867920760512775199172158911947029752728686826955197580757433850900470432131154,
chandrasekhar,60,101,2.525e-1,1.13040741196343927351777149209115197382267479123975784852602679732060710236402800157514778905602483,
chandrasekhar,60,102,2.55e-1,1.131156940680944515499397846848393471121854225167323866590752867642832112357606598400048880382725448,
chandrasekhar,60,103,2.575e-1,1.131901736735026475840020500148410953914945086409466146506836396590820858207402502118748603136316225,
chandrasekhar,60,104,2.6e-1,1.132641856084003031245119494112322648784218368660314580348407507865504948907431535661651985423116259,
chandrasekhar,60,105,2.625e-1,1.133377353598096378539793350030167978326514673901913039746396270315717345140053967247146390454215323,
chandrasekhar,60,106,2.65e-1,1.13410828309033642801062831499740398050929350185415608474042791693034200622305521844374611221700512,
chandrasekhar,60,107,2.675e-1,1.134834697346299368416262379124724797907468378617732049660983039335016422516016930480171373285022212,
chandrasekhar,60,108,2.7e-1,1.135556648152735963558930200692966026381796620578229000435199388487770299309867708206595566893050181,
chandrasekhar,60,109,2.725e-1,1.136274186325141098522826542859726326245813728849589283204183809582057640294239498486380713572173789,
chandrasekhar,60,110,2.75e-1,1.136987361734313247945192312429159748982589498864355014365036859604692095435335056484183837417159049,
chandrasekhar,60,111,2.775e-1,1.137696223331949874687445230660169148320043944438472151706195864784696621013930531083539930116653003,
chandrasekhar,60,112,2.8e-1,1.13840081917532227187459528952226678463964355372549059812701284353273450254421541109567766787945573,
chandrasekhar,60,113,2.825e-1,1.139101196451071022388924038438061621033882439192285080336064645569201114221664907753283226879770584,
chandrasekhar,60,114,2.85e-1,1.139797401498161056420979741487758589392986184685967971410313563644131550580642457845190740307162698,
chandrasekhar,60,115,2.875e-1,1.14048947983003322936016400561025153594067472289697569938342893155352497028438442131727002749833026,
chandrasekhar,60,116,2.9e-1,1.141177476155987409714928582131326200641468967078346965720439884190371114311264275884209694045805279,
chandrasekhar,60,117,2.925e-1,1.141861434401830251189329824467524435117852225990695278505219500009953465370241407444127238814280804,
chandrasekhar,60,118,2.95e-1,1.142541397729819116480056136157117401166038014455474983224157818390207554675431789197098243965136058,
chandrasekhar,60,119,2.975e-1,1.143217408557932015381859796019610285499124726956449073318665736503721825439988102537990456034762383,
chandrasekhar,60,120,3.0e-1,1.143889508578491909547806503855280990550693414317625232418318786766244237283372314153597575329493097,
chandrasekhar,60,121,3.025e-1,1.144557738776172314407537745365687189710526401510944033921836206512439148535938910361495834565377334,
chandrasekhar,60,122,3.05e-1,1.145222139445409789438162564110100952618190950892633695663771897705381430448037234887532131527651377,
chandrasekhar,60,123,3.075e-1,1.145882750207247645778652497713620992142634337670755258142108156291588501648672304268085751063270898,
chandrasekhar,60,124,3.1e-1,1.146539610025634010048390929026469289578998131996289872109712553005342449084858074525607674013741474,
chandrasekhar,60,125,3.125e-1,1.147192757223196260508776900483702903918771556732330165231947305843066345239949698549499286451906093,
chandrasekhar,60,126,3.15e-1,1.147842229496512792065340881774136166907360722008638549681624666478723952642904728116259364977609173,
chandrasekhar,60,127,3.175e-1,1.148488063930902066028610888057572465725655109701417046125986811422502431660266504316469825702568916,
chandrasekhar,60,128,3.2e-1,1.149130297014747955302482771980116234030587506856370033238250835989757961079969817732001741744292964,
chandrasekhar,60,129,3.225e-1,1.149768964653379502279833437816926689812225072170236325202438749065146844873335039683892286898270784,
chandrasekhar,60,130,3.25e-1,1.150404102182522361970069085242455086480820240903853779282088129718580668904698029945345491419876454,
chandrasekhar,60,131,3.275e-1,1.151035744381338403759760727756849042995700129463991568257687759870328083401260976410850513617154353,
chandrasekhar,60,132,3.3e-1,1.151663925485069188919915463032895175796702394198383545335262538690968631974179601411366079708925981,
chandrasekhar,60,133,3.325e-1,1.152288679197298324917368662786920059288786705182508779017395028908165758843355530971096553312024564,
chandrasekhar,60,134,3.35e-1,1.152910038701847019335625863018052299330109699384679909769109616162598057751470829465361456663785284,
chandrasekhar,60,135,3.375e-1,1.153528036674316513498135330392058074818395943056632393272493148321557495070003346306200031176072218,
chandrasekhar,60,136,3.4e-1,1.154142705293290466601723383035577814766496963508081594807676209272085709241116020336806157732815506,
chandrasekhar,60,137,3.425e-1,1.154754076251209783337291862641172331117038230557904590600288014791660274156510439065755244382619229,
chandrasekhar,60,138,3.45e-1,1.155362180764931829756341684890842382104085147385291838811029820138338494756589406571425401275102843,
chandrasekhar,60,139,3.475e-1,1.155967049585985461813449617625372900033672269391754298203242079029490437337205603016136169707990505,
chandrasekhar,60,140,3.5e-1,1.156568713010532796966315254289086019804816855763195199500376128372796576738203880220944572140782166,
chandrasekhar,60,141,3.525e-1,1.157167200889048189940056610694153831889489782062253749489750834204492376236091938568381889442065131,
chandrasekhar,60,142,3.55e-1,1.157762542635724427851145161711982991194598119624024041122627613752674859283728117295965634200236313,
chandrasekhar,60,143,3.575e-1,1.158354767237615736018438394931242327948000225987541903435777984041654627073629184914842172555892355,
chandrasekhar,60,144,3.6e-1,1.158943903263526782727234217215137052242534275471868163686738635262741440527802397099180034062111234,
chandrasekhar,60,145,3.625e-1,1.159529978872656487797717890163384986813850387551888264051524960438762933956366725568015906834320892,
chandrasekhar,60,146,3.65e-1,1.160113021823005074954354736101499860807734591659492201052590091665329933383741355368654555660460372,
chandrasekhar,60,147,3.675e-1,1.160693059479552460677674935919086766234418662824560936097662853550747499443446130546460227890851065,
chandrasekhar,60,148,3.7e-1,1.161270118822215741487107692580151154567387302124661685665066166752144403913949186466891489458518174,
chandrasekhar,60,149,3.725e-1,1.161844226453593226554047840614165738549309201400030525499898526088842774805032685208100623548539871,
chandrasekhar,60,150,3.75e-1,1.162415408606502162333635849137033145040338792002189721693442306970500292784195614119213608618149902,
chandrasekhar,60,151,3.775e-1,1.162983691151317009738078999614928471199408101192792023868985841244162101784294849361725914243476397,
chandrasekhar,60,152,3.8e-1,1.163549099603114861507459259388062014288768724891493848729989594323454091407439356824647306935089049,
chandrasekhar,60,153,3.825e-1,1.164111659128634327163899152182047194938425912831085840277227425369002157718583732112375116737027498,
chandrasekhar,60,154,3.85e-1,1.164671394553053964601138816724999937063949250982607290697179259456732661124322471099353361962766857,
chandrasekhar,60,155,3.875e-1,1.165228330366596100342178151412163004186560185759822835751235992454942059674125578865161254558773183,
chandrasekhar,60,156,3.9e-1,1.16578249073096165420703034064001078901666819301646660000729573054659497376386875265005282624012293,
chandrasekhar,60,157,3.925e-1,1.166333899485601368019072752678456550228892914135132091564745469203785650028564446020022427212291944,
chandrasekhar,60,158,3.95e-1,1.166882580153828631521942566638863700395887614022894714557942164476076556671675604028808208029507779,
chandrasekhar,60,159,3.975e-1,1.167428555948778901389087744931013523231879790890175443706715562488220097090260924498986458818401542,
chandrasekhar,60,160,4.0e-1,1.167971849779220520622461851624528299512101973695177777610851164997962436795967007457623731935627909,
chandrasekhar,60,161,4.025e-1,1.168512484255221565319044763798223898855338487650053266644984537532986941875687540631774012160901267,
chandrasekhar,60,162,4.05e-1,1.169050481693677173321945126658827475429178741084071256745325180798445039178260827413643897826458958,
chandrasekhar,60,163,4.075e-1,1.169585864123701644277808465639241193415598349183692979495837709478857476657154462401545098178259771,
chandrasekhar,60,164,4.1e-1,1.170118653291889442726668885456726737563578927376782248445243146641301265879669672337997884891295611,
chandrasekhar,60,165,4.125e-1,1.170648870667449084707014857092313304842975357129911941526273608962932160094219900092069231223288861,
chandrasekhar,60,166,4.15e-1,1.171176537447213743639455437755785648703393064268187786389146986502649725447907912483217927541567368,
chandrasekhar,60,167,4.175e-1,1.171701674560532272646582066985093036334626786523635042498767078180813354263836669113647324565003711,
chandrasekhar,60,168,4.2e-1,1.172224302674044207680806069017115211560908755286087869755667220795633758035549883548889059231070732,
chandrasekhar,60,169,4.225e-1,1.172744442196342188588268874724158228433322026299249813240703305059855794371775231464863032401023411,
chandrasekhar,60,170,4.25e-1,1.173262113282525113272363174782297098749270202534176814607797126822422337521495074987850103103011165,
chandrasekhar,60,171,4.275e-1,1.17377733583864522318592279926816593778250096671930496361573246371703983699147050916759165198527402,
chandrasekhar,60,172,4.3e-1,1.174290129526052206240834177826970720635682959060615049228690099154427654916914788504335964623431528,
chandrasekhar,60,173,4.325e-1,1.174800513765637295654166733165825805164033983090732706026943296697417001157006317828121817874393354,
chandrasekhar,60,174,4.35e-1,1.175308507741980240039047026212940951465072340107933446207470656941983818675689314034113720929368686,
chandrasekhar,60,175,4.375e-1,1.175814130407401920995533142984438980507161721910137820383716909560183217290799549245628958884322988,
chandrasekhar,60,176,4.4e-1,1.17631740048592529937116112606466641738850138160831776321637080453830767796218230999784202830089442,
chandrasekhar,60,177,4.425e-1,1.176818336477147280061881764851051048480691891180066509383064419891123649075352674167515209865261906,
chandrasekhar,60,178,4.45e-1,1.177316956660023997540246135987904033117046926939638962183376681930539050664529181525653182762988084,
chandrasekhar,60,179,4.475e-1,1.177813279096571940066090073016879536227484854023992413007089057639591966061464027826712324295177716,
chandrasekhar,60,180,4.5e-1,1.178307321635487249600978104112548027829671447990794470409557538111597996918117961626322488335232636,
chandrasekhar,60,181,4.525e-1,1.178799101915685456664414687493524400140613415972486954428281889263752945173182822525784553909475395,
chandrasekhar,60,182,4.55e-1,1.179288637369763834597755285627392418673434808023517630197923077182286557289949004640356773250758126,
chandrasekhar,60,183,4.575e-1,1.179775945227388485808211222005084138785981225193973312693323790597617978821672105857720921763385736,
chandrasekhar,60,184,4.6e-1,1.180261042518608203424239362670927847213223226732332871708686550030841662147461073893047731042271176,
chandrasekhar,60,185,4.625e-1,1.180743946077097085285022867729034781419614149276577028945964443747059401880254812315888180858160035,
chandrasekhar,60,186,4.65e-1,1.181224672543327813196613287960657285861264169529925070135537543908286674140452548687222371742234873,
chandrasekhar,60,187,4.675e-1,1.181703238367677448807080949032376288261006980193538536799919869416453716995683940934867607960919189,
chandrasekhar,60,188,4.7e-1,1.182179659813467538179410132349234667570605432049995643988380876517403079589852903272364587447635744,
chandrasekhar,60,189,4.725e-1,1.18265395295994026007553550224925008876343260521664435760202682665052059147662536990173442031246429,
chandrasekhar,60,190,4.75e-1,1.183126133705172298014198285244293846101679101796874562935898981003113617125505146731861724153424466,
chandrasekhar,60,191,4.775e-1,1.183596217768928063240003199880912341839390059215193140139660670501899552667386005900135702562233727,
chandrasekhar,60,192,4.8e-1,1.184064220695453844756191580306641992723177253114180916418765613946415071798271153136716089418729138,
chandrasekhar,60,193,4.825e-1,1.184530157856214413448217257549558781699508844658818795215315403189340649577695620472479574198787137,
chandrasekhar,60,194,4.85e-1,1.184994044452573559982010079602610103260693739258069464462749225379571366513497632393669766320783077,
chandrasekhar,60,195,4.875e-1,1.185455895518420000526218153493547390277788269927581603381205302649195476812681782645237354714443683,
chandrasekhar,60,196,4.9e-1,1.185915725922740040351520273624069551343017563245994011130730843314237783978904006765372397863050755,
chandrasekhar,60,197,4.925e-1,1.186373550372138342935312279174771092487746196583196522418705331442154553333537024559889146899115165,
chandrasekhar,60,198,4.95e-1,1.186829383413308111282779970536939259009467404055975967507023713492589401953830912802233534189471644,
chandrasekhar,60,199,4.975e-1,1.187283239435451948704573140110369907331662210456523930605335764376146105798544334782834920763478416,
chandrasekhar,60,200,5.0e-1,1.187735132672654628208751713336418396557548927050471392704194756053950020144737286021063581680482744,
chandrasekhar,60,201,5.025e-1,1.188185077206208962914773891074474366252461562906994550675964181371167369803021318432452807094947113,
chandrasekhar,60,202,5.05e-1,1.1886330869668959344269209541273581904208155435744692726160378540180692822470542107394519482789793,
chandrasekhar,60,203,5.075e-1,1.18907917573722020186295910207217066854251175033395950988680663370808591539241369466103031669851506,
chandrasekhar,60,204,5.1e-1,1.189523357153602081172534959531054895373517520677422799095546172971190111829642988178707383801912324,
chandrasekhar,60,205,5.125e-1,1.189965644708527052452441565232205394259812088631989319290855067294406303479557638748336484515403927,
chandrasekhar,60,206,5.15e-1,1.190406051752653822128168078953376950762430935410599083368848362582292987379843094319582800987997439,
chandrasekhar,60,207,5.175e-1,1.190844591496881937080691151026769874252600845505800678052881635606868087857965730338773831625652304,
chandrasekhar,60,208,5.2e-1,1.191281277014379919013756762561114881420184296007010231159739138011082715822638666654241861315058108,
chandrasekhar,60,209,5.225e-1,1.191716121242574859541173092160898283781875307820328258805584698024776472390194094441490195627286041,
chandrasekhar,60,210,5.25e-1,1.192149136985104389588794939925573672931679496142849616851977092387014814491905646277948949702667204,
chandrasekhar,60,211,5.275e-1,1.19258033691373191071642856840781203455055874426899972706511499411593794399794484109925057078448948,
chandrasekhar,60,212,5.3e-1,1.193009733570225950836839754507154638641875040007761812561015606678679041105512681241156666582695313,
chandrasekhar,60,213,5.325e-1,1.19343733936820448250987003893974169144144986267181174934510906299252310744975538666351961707761632,
chandrasekhar,60,214,5.35e-1,1.193863166594945018488196654425362724948810981795239473688675415923606307253948517917692292843825184,
chandrasekhar,60,215,5.375e-1,1.194287227413161276457663337019696333228520523363776639566258113733004781857943684601074951550731238,
chandrasekhar,60,216,5.4e-1,1.194709533862747182920766788425647294725679062696801181281063798806759545671425700654426185239086294,
chandrasekhar,60,217,5.425e-1,1.195130097862488964889405181004882907820018574883428207505244926644250017341272424568308454172733322,
chandrasekhar,60,218,5.45e-1,1.195548931211746057456117486228860350597991467375327706749454673156904097343769014232221977737207468,
chandrasekhar,60,219,5.475e-1,1.195966045592101535376588413489693438010221133213231658373775252497000173031559820750419759403049773,
chandrasekhar,60,220,5.5e-1,1.196381452568982757496022666779585509149090258717463074574309907586171394317481553630468034540885684,
chandrasekhar,60,221,5.525e-1,1.196795163593252894164952592735772969735602274489377989546038240182384051451740269442110217123767478,
chandrasekhar,60,222,5.55e-1,1.197207190002773989693928013375613251728386650398406866903634468531149995526632686181832512458952159,
chandrasekhar,60,223,5.575e-1,1.19761754302394219437004076767551636868341648867150862121096129972308182941687934135545016422736024,
chandrasekhar,60,224,5.6e-1,1.19802623377319578358091511257937320938823698670400476252848433964075531794049992797495499641854195,
chandrasekhar,60,225,5.625e-1,1.19843327325849656514402724111044351172163077425045938346577440058632533754612402088770773439322089,
chandrasekhar,60,226,5.65e-1,1.198838672380785260002167409222119008528543252111677869479950236271759773776483329754654789646930123,
chandrasekhar,60,227,5.675e-1,1.199242441935411426001442379196604110368240646884263612025603506759462354658956390722826702372605461,
chandrasekhar,60,228,5.7e-1,1.199644592613538479499067990767488667732261808594856799883104590435511925579998050277287148146965638,
chandrasekhar,60,229,5.725e-1,1.200045135003524355037642060129951726779373548352739015914656617373331272505709204331324429490447124,
chandrasekhar,60,230,5.75e-1,1.200444079592278329254593336375839467508991583158714778616469116341892914944817860196629639634928486,
chandrasekhar,60,231,5.775e-1,1.200841436766594521554677628301293691709436997154000177892652932093630853562183965834672971911304637,
chandrasekhar,60,232,5.8e-1,1.201237216814462570844942791776860477993759786507864775926366494396856093096136670420826466609647997,
chandrasekhar,60,233,5.825e-1,1.201631429926355974801290066107755572476021554243555343961711972505277387405670784777964908462324267,
chandrasekhar,60,234,5.85e-1,1.202024086196498565689950269984697935543225744710987798277677634526338389909791104950715725042673651,
chandrasekhar,60,235,5.875e-1,1.202415195624109584692726044970111580064501895366748962838800880626162399665713987880601157249463448,
chandrasekhar,60,236,5.9e-1,1.202804768114627804969086083578512464454504573523234562660836900123082976371887973020643112282551283,
chandrasekhar,60,237,5.925e-1,1.203192813480915142318977107176526727166750101113066949308959134710857577857215489199730619711099337,
chandrasekhar,60,238,5.95e-1,1.20357934144444018127584946450895442773403008992187870528220074230229769808851358085511351601715934,
chandrasekhar,60,239,5.975e-1,1.203964361636442033748620539278619320205145580528206087027969196370817074366729328998690135980465833,
chandrasekhar,60,240,6.0e-1,1.204347883599074936933298798199383635052110888189667095798024197660833122472651087533857839479345648,
chandrasekhar,60,241,6.025e-1,1.20472991678653398711933886607381387634254755408227471209302057662049463077851062911543183885754452,
chandrasekhar,60,242,6.05e-1,1.205110470566162396212462646435462542789155071461620170982403221328159109117528578271158642384447477,
chandrasekhar,60,243,6.075e-1,1.205489554219540648275004831838930363433987876008763163235572092851324443554622430965326718880576479,
chandrasekhar,60,244,6.1e-1,1.205867176943557924137522841146409073518947629438295919643897726848009644927966906096670527347106779,
chandrasekhar,60,245,6.125e-1,1.206243347851466153152494314673141088704673283715246098535274273841700291440506665197742208359564757,
chandrasekhar,60,246,6.15e-1,1.206618075973917042433782144860145757801564764812745327517611560090801895266952933690541590405604763,
chandrasekhar,60,247,6.175e-1,1.206991370259982425445865884909567305480250754783410700564465276677554303818530306253975250743314101,
chandrasekhar,60,248,6.2e-1,1.207363239578158263566610626274571238368071381272786726349509801212245366424819433190687407995527554,
chandrasekhar,60,249,6.225e-1,1.207733692717352626238852293581433526351916777023283854226907866814739875376856141552712146956372506,
chandrasekhar,60,250,6.25e-1,1.208102738387857967541883158402328878323030057472484556428711600897172814990047347655697448725379861,
chandrasekhar,60,251,6.275e-1,1.208470385222308009446852583944216798807911531422447875115196958093719360264797174139305752835807673,
chandrasekhar,60,252,6.3e-1,1.208836641776619534663242227941419599911952335965101646798286858660254940484085834563075245898389992,
chandrasekhar,60,253,6.325e-1,1.209201516530919384830265856742255007180520475258289731265999133928911161791375788825486611294664581,
chandrasekhar,60,254,6.35e-1,1.209565017890456952850852545221884557438929349012801276590198817105081994673676840556986011460021717,
chandrasekhar,60,255,6.375e-1,1.20992715418650245140059726447801766580607272018761883508163320999205460149067460487550686706401944,
chandrasekhar,60,256,6.4e-1,1.210287933677231233063722575341238531291736204042391527875188926298742453476032804981052767805671894,
chandrasekhar,60,257,6.425e-1,1.210647364548594431146917641306387951046607448269284930248005066673317505672274818418864048836873828,
chandrasekhar,60,258,6.45e-1,1.211005454915176183994336549642365393078246528836540235301048577404386129142928358579192694577959092,
chandrasekhar,60,259,6.475e-1,1.211362212821037699567671845389731079991376342290058901396598340335404987357566560887277255144432698,
chandrasekhar,60,260,6.5e-1,1.211717646240548411158882947818900758909764024011249818962938188484770000115893121015780684765422624,
chandrasekhar,60,261,6.525e-1,1.212071763079204469364844091905247970691740281655723014010964783109727003438029359084220935032738548,
chandrasekhar,60,262,6.55e-1,1.212424571174434809868046736805452188965298586366347665438088299219444846505204215924685468008025209,
chandrasekhar,60,263,6.575e-1,1.21277607829639503113087728451204210138635689598879248666602695415551625791497242109748452961341949,
chandrasekhar,60,264,6.6e-1,1.21312629214874931081838256162761095603940316564423866500645335428943864932871561872501306932234836,
chandrasekhar,60,265,6.625e-1,1.213475220369440584611476712336900805251693695062226209151476539710818878556418466506746212990386432,
chandrasekhar,60,266,6.65e-1,1.213822870531449206055025768498752007552028789855377517328109501982473727414516860910462226237960481,
chandrasekhar,60,267,6.675e-1,1.214169250143540301199104432386275002257967370290991146765799849648530617069420216550024725353737794,
chandrasekhar,60,268,6.7e-1,1.214514366651000027033024810742980277999003692510580843411099684701892881149383441521989305188709257,
chandrasekhar,60,269,6.725e-1,1.214858227436360938076692190473938689313281164367703231911033076800091727199353629474423153690617956,
chandrasekhar,60,270,6.75e-1,1.215200839820116660978778684824297466505188060112727101942426993215098627858061755771837514464111304,
chandrasekhar,60,271,6.775e-1,1.215542211061426072572574256608354891209354218271479888137361627778679143246817822404977138190950589,
chandrasekhar,60,272,6.8e-1,1.215882348358807172554746590161180474351428051299156481632241286369508306577031912309518646226261057,
chandrasekhar,60,273,6.825e-1,1.216221258850820837776300345336762511690773992008073378375121369414228181829380840532271671807030404,
chandrasekhar,60,274,6.85e-1,1.216558949616744641065565595085538436823155568117880939761397847761840753257316390450493573941256411,
chandrasekhar,60,275,6.875e-1,1.21689542767723691353696314100251960187695567662549317505941694564233624102805959155880270133112784,
chandrasekhar,60,276,6.9e-1,1.21723069999499122547359081208229402576689130098660807196287680276145411065327984724830028583542864,
chandrasekhar,60,277,6.925e-1,1.217564773475381457103447469484594899727748633591101814002947135742696670465943374715616277080555515,
chandrasekhar,60,278,6.95e-1,1.217897654967097626915552215040211810336419865076751039129936974011542143681402358050579661944630945,
chandrasekhar,60,279,6.975e-1,1.218229351262772641580608052571430635715900891388799737356097825182374780165003557407882919537661027,
chandrasekhar,60,280,7.0e-1,1.218559869099600128048572406856594489154654598840879348057152516609719231257027564216936686088238918,
chandrasekhar,60,281,7.025e-1,1.218889215159943504989986370905121199910286549173469554243341071208043124267334452776939995287168497,
chandrasekhar,60,282,7.05e-1,1.219217396071936447426716702969133121174782263300178349562051914556682464355106209909372795292849759,
chandrasekhar,60,283,7.075e-1,1.219544418410074895158494383424372640581659918470475795463601189489726487758456755017383397310077693,
chandrasekhar,60,284,7.1e-1,1.21987028869580075243198172104742647890884135374010651221678388546905459926163255629495673072488504,
chandrasekhar,60,285,7.125e-1,1.22019501339807742321683045005523016599726374539844493851494363614084532315410412241118173425028481,
chandrasekhar,60,286,7.15e-1,1.220518598933957323446140426844334590736033355228255039248770160055983511101748240484092743297053977,
chandrasekhar,60,287,7.175e-1,1.220841051669141508644794954885599379478132496343045829530621706350928795080386138361798675662425927,
chandrasekhar,60,288,7.2e-1,1.221162377918531552506302692968212063201972886636279785781409373479231943103029347127054633310634732,
chandrasekhar,60,289,7.225e-1,1.221482583946773809185049227195216666922620300849664235465252112245075031665250858074581378861767069,
chandrasekhar,60,290,7.25e-1,1.221801675968796189344346641963504574148419078932929303439185565613921300789405936279339821905177312,
chandrasekhar,60,291,7.275e-1,1.222119660150337577339518867997417547659506612915283900217745760508802187272259534407835443821858417,
chandrasekhar,60,292,7.3e-1,1.22243654260847001431768336924570824384268502771192164255739403789363661708397283752118012868126112,
chandrasekhar,60,293,7.325e-1,1.222752329412113769480150146463378983371714988901359007312732385741512660370011126900573960629453014,
chandrasekhar,60,294,7.35e-1,1.223067026582545419277774630890620405366196777107980992435534240977653084956244684185685240852771246,
chandrasekhar,60,295,7.375e-1,1.223380640093899051892540807848337979261139605633907087794514432753502592774910734365020015447735867,
chandrasekhar,60,296,7.4e-1,1.223693175873660711998533538092918525151129539202465614256917067190239843248895780401586845610895829,
chandrasekhar,60,297,7.425e-1,1.224004639803156198490751245301124290577541406262323416392090413062730399550696732275130567420964239,
chandrasekhar,60,298,7.45e-1,1.224315037718032325619425024866732719566185820790826079567300476346095820380106793198006763969375935,
chandrasekhar,60,299,7.475e-1,1.224624375408731755769205761506778641053242197443152755862948164811279905136333023605344445796782112,
chandrasekhar,60,300,7.5e-1,1.224932658620961509975358325579914094937177509116492629865006696287895442311111774662263807362990224,
chandrasekhar,60,301,7.525e-1,1.225239893056155260171604555428877923275548142160442414457592732966203878520474420285640623133004074,
chandrasekhar,60,302,7.55e-1,1.225546084371929505115168238557821984397104347732774681464378044000387108899340535880621552264410448,
chandrasekhar,60,303,7.575e-1,1.225851238182533729932618557887851942946134366857168138296677747024184836779756832029225120007427251,
chandrasekhar,60,304,7.6e-1,1.226155360059294647274044224641745773546276790212576452744408447860939281690780855975331201957510482,
chandrasekhar,60,305,7.625e-1,1.226458455531054616151716158783058950517015918950059774128446780347360226574348008240309547467534041,
chandrasekhar,60,306,7.65e-1,1.226760530084604332671544910944719324823376123072370521252549971660401923101442462173938787446109198,
chandrasekhar,60,307,7.675e-1,1.227061589165109885040177125707767688144019736256457988252831298296503045183810197528517053250438262,
chandrasekhar,60,308,7.7e-1,1.227361638176534263446403457772354930533780861486380730514310667782328796771576477825191388411381095,
chandrasekhar,60,309,7.725e-1,1.227660682482053413671600780146048940063047000346343909744345484929555007665681602726337728363534535,
chandrasekhar,60,310,7.75e-1,1.227958727404466921579167616499401494639625216763502261152074975488375771287136297243571727927152376,
chandrasekhar,60,311,7.775e-1,1.228255778226603413966326876188609231723388955569860942589988698849852362677857865688739811427682097,
chandrasekhar,60,312,7.8e-1,1.228551840191720759632286630727334811961562632323206768476027596666618819037544686146769768614942507,
chandrasekhar,60,313,7.825e-1,1.228846918503901152923618446487244223932226958813376424229396949482854297317123283560639855404288208,
chandrasekhar,60,314,7.85e-1,1.229141018328441160459911524290831045901732486747354930641528319802320656249016418149210968804022828,
chandrasekhar,60,315,7.875e-1,1.229434144792236810219393811611033255280770982313571138939114216740236797143565962837118557898788045,
chandrasekhar,60,316,7.9e-1,1.229726302984163800674408104726443076289454088734830489944860335159524300802248666325819381454467968,
chandrasekhar,60,317,7.925e-1,1.230017497955452906209546434131821642847543878330276340467007522920830321454552856367634297292581441,
chandrasekhar,60,318,7.95e-1,1.230307734720060653630058165050886641739364147325758145621013351531780133596925158833533794619262532,
chandrasekhar,60,319,7.975e-1,1.230597018255035343174057882086959060966877864143446445923730511163695067343341734687900521181258828,
chandrasekhar,60,320,8.0e-1,1.230885353500878486078292369878837964184420914268215594061751875560751369412755763755404856329956783,
chandrasekhar,60,321,8.025e-1,1.2311727453619017294130277262518738165283282065155918751655474926911880055668502400930804894551285,
chandrasekhar,60,322,8.05e-1,1.231459198706579337596254818312195545220641325646330660814835200134227454417197886425280823102681908,
chandrasekhar,60,323,8.075e-1,1.231744718367896298720171319582202018807029029732198634980854215444453863045087831861073647100129875,
chandrasekhar,60,324,8.1e-1,1.232029309143692122573088656504776378710992633350595401129990646683068262201488668407859347494096669,
chandrasekhar,60,325,8.125e-1,1.232312975797000396016858748063245620301635198332091137804635951989356036970951557785156891379155342,
chandrasekhar,60,326,8.15e-1,1.232595723056384160182963449084629667631877232578583741615271137362534567329999064027424164391415076,
chandrasekhar,60,327,8.175e-1,1.232877555616267172778922145621212437779015345573341087756953091931746436612601917655766700439374754,
chandrasekhar,60,328,8.2e-1,1.23315847813726111765003052162480942976948380248742425073942725698778155183162631917789859959966934,
chandrasekhar,60,329,8.225e-1,1.233438495246488822619043591772016154938916381402388295704441482127929593138445069097267085299580916,
chandrasekhar,60,330,8.25e-1,1.23371761153790354552767258272710214144127178574171466872025281101879029579707184268295113885017085,
chandrasekhar,60,331,8.275e-1,1.23399583157260438732810798887063868548739438127548956531416399025702312750118848905145528079603205,
chandrasekhar,60,332,8.3e-1,1.234273159879147890019655429654455914164273159880814190285141812456039543322586835089400685279740872,
chandrasekhar,60,333,8.325e-1,1.234549600953855876194437086816363218112678013251603845425314770620162113569422288558599017905555557,
chandrasekhar,60,334,8.35e-1,1.23482515926111958594644433500937820651637906082724053405609336960350625913361180652961619645043898,
chandrasekhar,60,335,8.375e-1,1.235099839233700165909515640138088910785691087840006704155433264032190936344590809819418685993349295,
chandrasekhar,60,336,8.4e-1,1.235373645273025564221560513260597339353714504381466065562096847361910417307622016209058918115759671,
chandrasekhar,60,337,8.425e-1,1.235646581749483884264071181117973338863655797101441499245206125957306808703272445899291357593529778,
chandrasekhar,60,338,8.45e-1,1.235918653002713249097187459838319240635822142478504211287645846330097014616232040039171380833233666,
chandrasekhar,60,339,8.475e-1,1.236189863341888227600848393852754101746371100335219710584528001603588438985996218771870384736900397,
chandrasekhar,60,340,8.5e-1,1.236460217046002872441429981958746064056191525344082845455365843223973228288699599875366706991931253,
chandrasekhar,60,341,8.525e-1,1.236729718364150419110296971373675463981235494810070892175329474793027935791915396804194191933363872,
chandrasekhar,60,342,8.55e-1,1.236998371515799694425464908356336490549179785817325654218602313221141638403225384339223738734653546,
chandrasekhar,60,343,8.575e-1,1.237266180691068282049664141684258251388849143843973250678039062280610570960589210987749003226291027,
chandrasekhar,60,344,8.6e-1,1.237533150050992491757118812258290420723472916351817043716350937219396834762797778414399109401722667,
chandrasekhar,60,345,8.625e-1,1.23779928372779417837691002296412656235012770570433187392204589765094787874706128479245293499723013,
chandrasekhar,60,346,8.65e-1,1.238064585825144455552502524684366673966224451098330201820619363340292687248026543439958445445509709,
chandrasekhar,60,347,8.675e-1,1.238329060418424348684507403238925838912284426815809140900182157281891750915006668406411836476433304,
chandrasekhar,60,348,8.7e-1,1.238592711554982430666668019482056745153163365655798939088058556843106756604022881660153059531420893,
chandrasekhar,60,349,8.725e-1,1.238855543254389483283040762499610425254472125343020649254012372748509064698243239635486056738272614,
chandrasekhar,60,350,8.75e-1,1.239117559508690226407052989467636618821813124711574759294860145914216599868758913541794210563819913,
chandrasekhar,60,351,8.775e-1,1.239378764282652156430223596882166144164511141339268644130676339968836713228598313258213064053952705,
chandrasekhar,60,352,8.8e-1,1.23963916151401153464950128430559914864290678381909310833531134011900264830353384162840945286850056,
chandrasekhar,60,353,8.825e-1,1.239898755113716565657094315319600645088061874906531073110528699436240563103495694980469885669639676,
chandrasekhar,60,354,8.85e-1,1.240157548966167805105024092396404148305116983833389043249505985253166928495960370188099414142600852,
chandrasekhar,60,355,8.875e-1,1.240415546929455835558131616579551726575842203240856467038757787636923761942417381542165992449274008,
chandrasekhar,60,356,8.9e-1,1.240672752835596248503606984994318045950409532749073910296074168769371556973025833906568921606998163,
chandrasekhar,60,357,8.925e-1,1.240929170490761969952010973796695260087460512070244161268647083550811066524704377064915743973096088,
chandrasekhar,60,358,8.95e-1,1.241184803675512966443935137618449852283987631725238816636682627183525894497373261308464486768636792,
chandrasekhar,60,359,8.975e-1,1.241439656145023367667630396692738333510851124432288354309626630343170105130897958650721126490367529,
chandrasekhar,60,360,9.0e-1,1.241693731629306041295858244551777850228705859676872317412103183323328133843382703903043602093584041,
chandrasekhar,60,361,9.025e-1,1.241947033833434655064624566060202957897475844026364728983666474183736605304845453185573209038571999,
chandrasekhar,60,362,9.05e-1,1.242199566437763260542091107190634629356485420557424648632283275064613802885888051003980494632991698,
chandrasekhar,60,363,9.075e-1,1.24245133309814343247257763287180638659433463380592800888694242172661283903021084090236541359413196,
chandrasekhar,60,364,9.1e-1,1.242702337446138997027928573106445602072914867445512621212282006283936491593469560418885438266274617,
chandrasekhar,60,365,9.125e-1,1.242952583089238381756387226614023947092377114433083156599656346950359150641843308721096456023530667,
chandrasekhar,60,366,9.15e-1,1.24320207361106461948726985078638239372174762173381728459733345760363698932086328807325350041921324,
chandrasekhar,60,367,9.175e-1,1.24345081257158303792793829437336081968723921645442337621653511057802909334618114674607848630767669,
chandrasekhar,60,368,9.2e-1,1.243698803507306666177615742993810504586194341263444417114723267199045699148623136943979452427285638,
chandrasekhar,60,369,9.225e-1,1.243946049931499388880263458113319605681014663793885920546242163716292183641855908785519170921801071,
chandrasekhar,60,370,9.25e-1,1.244192555334376878245830058154071765429536633666097625872345554669534937762566290007314780135297125,
chandrasekhar,60,371,9.275e-1,1.244438323183305333685496887482580447788116948467268707164043904878550410746597046846647960660004634,
chandrasekhar,60,372,9.3e-1,1.244683356922998058331876192991321550753491683107326755591306645525560423962890191844979875423477612,
chandrasekhar,60,373,9.325e-1,1.244927659975709901249280772207354214816593592602616929210317457213989959069609782105290022580275268,
chandrasekhar,60,374,9.35e-1,1.245171235741429593681986683323747705005709112971239948803880750194741497540530086326938382798011761,
chandrasekhar,60,375,9.375e-1,1.245414087598070007239671223745756611280256763237855823160613150117330665282686818592755432652509097,
chandrasekhar,60,376,9.4e-1,1.245656218901656361478747773105209859618552366686030185221845649262535379873409022713494109410029816,
chandrasekhar,60,377,9.425e-1,1.245897632986512407905962602548589988015765979168906833259994264925293210579773640744942938873484851,
chandrasekhar,60,378,9.45e-1,1.246138333165444617006195864995993681516162433215093909969911208149701677513982462226900624719053891,
chandrasekhar,60,379,9.475e-1,1.246378322729924394479753229378819152226618995713736377554896522137702898687157034005861138140407564,
chandrasekhar,60,380,9.5e-1,1.246617604950268352465383465579941352039388996020229844359014199955197962290521612214790075870756308,
chandrasekhar,60,381,9.525e-1,1.246856183075816661123652014362817514670252915408369129108296796180775404458520074550826882305930626,
chandrasekhar,60,382,9.55e-1,1.247094060335109505560986204704525046370028782379102539213469854863425955723056293014154518776954903,
chandrasekhar,60,383,9.575e-1,1.247331239936061672687532957342212281242824931891050719762569492850883335551210373279765194046179432,
chandrasekhar,60,384,9.6e-1,1.247567725066135292221786722177784290754893939685598695725602608630421705720957001156707278023456681,
chandrasekhar,60,385,9.625e-1,1.247803518892510755681609667309132567611445019079731754705386663611304651115903536216080472407406402,
chandrasekhar,60,386,9.65e-1,1.248038624562255836834636753204116968193270084239412810160744284061868657991881046928085086923883853,
chandrasekhar,60,387,9.675e-1,1.248273045202493036720997540085530818843603451033251987144218747139315914072230227591341865424098501,
chandrasekhar,60,388,9.7e-1,1.248506783920565176007659827788169669676913149853399551255036582488870230748779161730318031881425107,
chandrasekhar,60,389,9.725e-1,1.248739843804199257086376055873353335451882205481408445504821993177140741211323028547324262690950625,
chandrasekhar,60,390,9.75e-1,1.248972227921668617986063361692325514677931828507546867084126636464135482142396360429386067641870599,
chandrasekhar,60,391,9.775e-1,1.249203939321953399835346815533289516367794414842606933978744386710824295607439596045381057001026689,
chandrasekhar,60,392,9.8e-1,1.249434981034899349281820006142521451298483202769718365630510868646374413725284543096265609580820067,
chandrasekhar,60,393,9.825e-1,1.24966535607137497695120801599105698358244101756448204608213629244343443438333841857732706187985849,
chandrasekhar,60,394,9.85e-1,1.249895067423427092711937809973382105580028500073994550396021057107746345486000265377242435861196159,
chandrasekhar,60,395,9.875e-1,1.250124118064434738198515728212122393944379542099634570160383733992834170365728857199491692984838149,
chandrasekhar,60,396,9.9e-1,1.250352510949261536740469278823837929399304778944850359727870045633695687745923664972549579606999967,
chandrasekhar,60,397,9.925e-1,1.250580249014406480542321451289809246884008221575728814309253541688941902643223362804267586898390348,
chandrasekhar,60,398,9.95e-1,1.250807335178153174664023459393422739119037238717014822645086276500721264748235185030471743285276315,
chandrasekhar,60,399,9.975e-1,1.251033772340717557060371719323445484787615732282417580801306093245026643458985301241860317540997933,
chandrasekhar,60,400,1.0,1.251259563384394113652074859219485913121913727148097658914470758918333157746493321762638306573026475,
bratu,20,0,0.0,0.0,0.0
bratu,20,1,2.5e-3,3.124359873068935361784875399133562719178897869126243319885830763235401064794077599451570829254246827e-3,3.114287294714349125045205906625893906647230651226174078172561975173562957753037335688002711052736977e-3
bratu,20,2,5.0e-3,6.221047599504353458403008728999974697438668256473673610763244143224394421708224278278131186922307523e-3,6.216035603165645988987857132905743758438648948076738472582266436861272450162135745780250912207176603e-3
bratu,20,3,7.5e-3,9.301182973050705097250821669179596225430273129484980010715017978207307044545511897865497739086530331e-3,9.305205972316728492387188956575541074240086413939040843869646803247054254437660255971963555212592372e-3
bratu,20,4,1.0e-2,1.238131834659705673609863460935921775342187800249628641066679181319021966738279951745286429125075314e-2,1.238175948681563465014282155411398702522197115022906185272019766905127910133776663518662014156929235e-2
bratu,20,5,1.25e-2,1.546145372014340837494644754953883928141348287550759281061856564817313229022008713704023084341497595e-2,1.5445657270585152796821761229602311397123736144782037850425636894393704364420521937868824995732596e-2
bratu,20,6,1.5e-2,1.854158909368976001379426048971846080940508774851889921057033948315604491305737475662759739557919876e-2,1.849686048841984002169755877348461764702645689663386271525340821695577017178752385514111861606152776e-2
bratu,20,7,1.75e-2,2.162172446723611165264207342989808233739669262153020561052211331813895753589466237621496394774342156e-2,2.153533034759041518621047572356153943431805920465826618327824008908728700750729978054788711621357204e-2
bratu,20,8,2.0e-2,2.461941227008545318567911709159424667785641196952449072783877533143422305556665968701063117814059117e-2,2.456102809945543111016785054801048305047282357193679747852962841778927658198691101981578057977658576e-2
bratu,20,9,2.25e-2,2.759575977828559594830364754422779794836499785016990794885656149532183162432362819020594030408690275e-2,2.757391504108012874603234962138707279788892801292047937612797115775213257397198188114511439825912913e-2
bratu,20,10,2.5e-2,3.057210728648573871092817799686134921887358373081532516987434765920944019308059669340124943003321433e-2,3.057395251686237439348315183136330625027663722001144313456758193275104652664997572730366507091809186e-2
bratu,20,11,2.75e-2,3.354845479468588147355270844949490048938216961146074239089213382309704876183756519659655855597952591e-2,3.356110192016557923947687377520173377443506643192435688965480438899197938007710441658551325552744975e-2
bratu,20,12,3.0e-2,3.652480230288602423617723890212845175989075549210615961190991998698465733059453369979186768192583749e-2,3.653532469495849874268144937312721082589615165358393824803713767036070624988150336389976528390852061e-2
bratu,20,13,3.25e-2,3.950114981108616699880176935476200303039934137275157683292770615087226589935150220298717680787214907e-2,3.949658233746180761581214451068878863289463134552139831138334582570724875309610680031704004573747088e-2
bratu,20,14,3.5e-2,4.247749731928630976142629980739555430090792725339699405394549231475987446810847070618248593381846065e-2,4.244483639780134439547390378114959960865129287618171561349224754656632439212728047047555185062034242e-2
bratu,20,15,3.75e-2,4.545384482748645252405083026002910557141651313404241127496327847864748303686543920937779505976477223e-2,4.538004848166791782702227986384594020418799451297106446813620477647145540571125832573628116898517259e-2
bratu,20,16,4.0e-2,4.843019233568659528667536071266265684192509901468782849598106464253509160562240771257310418571108381e-2,4.830218025198356553211468740908840244791228454245136734430341766385331943941905709413151582277607447e-2
bratu,20,17,4.25e-2,5.140653984388673804929989116529620811243368489533324571699885080642270017437937621576841331165739539e-2,5.121119343057415366945737982124011800798439737823127326623484699683012312738386416129576326481332326e-2
bratu,20,18,4.5e-2,5.430905429588589438444954952959765654614442767734456316595198514857422716357776055148680808495524061e-2,5.410704979984820454518833268961252124660745699154705301201042475302442262666336383494205474613508714e-2
bratu,20,19,4.75e-2,5.712018491659552582866459577340823725787529519654162639327990738987325533429704390352543348321460034e-2,5.698971120448183737880323863421193196522400173023218677575670717073210548865442378230787575016358803e-2
bratu,20,20,5.0e-2,5.993131553730515727287964201721881796960616271573868962060782963117228350501632725556405888147396008e-2,5.985913955310970568396622879906899513851802742340701464377868159651394827871700506333570653543515541e-2
bratu,20,21,5.25e-2,6.274244615801478871709468826102939868133703023493575284793575187247131167573561060760268427973331981e-2,6.271529682002181298138783764715691609699729640580022575588172824092829491925609102764740203995592498e-2
bratu,20,22,5.5e-2,6.555357677872442016130973450483997939306789775413281607526367411377033984645489395964130967799267954e-2,6.5558145046866086823643067025268407743223382844983453454116620534110313077337880573253649719143281e-2
bratu,20,23,5.75e-2,6.836470739943405160552478074865056010479876527332987930259159635506936801717417731167993507625203928e-2,6.838764634435658937978886971882688543990528179799120564274610960121439653335195300545374848532327973e-2
bratu,20,24,6.0e-2,7.117583802014368304973982699246114081652963279252694252991951859636839618789346066371856047451139901e-2,7.120376289398724110137328070343492565063718483735337470204980571500212847421179102277609350883440912e-2
bratu,20,25,6.25e-2,7.398696864085331449395487323627172152826050031172400575724744083766742435861274401575718587277075875e-2,7.400645694975093227136161519997156468241016295496574909438807148585780307676600000477933050148946331e-2
bratu,20,26,6.5e-2,7.679809926156294593816991948008230223999136783092106898457536307896645252933202736779581127103011848e-2,7.679569083986389552409587162632360929582331784434808724984219128129022066665631554042679543415887666e-2
bratu,20,27,6.75e-2,7.960922988227257738238496572389288295172223535011813221190328532026548070005131071983443666928947822e-2,7.957142696849521071811225839566709296672834661756357108822690922416395219225428854851553523146752031e-2
bratu,20,28,7.0e-2,8.242036050298220882660001196770346366345310286931519543923120756156450887077059407187306206754883795e-2,8.23336278175013118449323082649983236876194520741225292953948183756433481942999968567042291076919462e-2
bratu,20,29,7.25e-2,8.523149112369184027081505821151404437518397038851225866655912980286353704148987742391168746580819769e-2,8.50822559481653639662820995183789172902748846305534073117845848188065233830145571936272967875134451e-2
bratu,20,30,7.5e-2,8.804262174440147171503010445532462508691483790770932189388705204416256521220916077595031286406755742e-2,8.781727400294137649005133522074185102356858639934247401821529307805403035474471992791092993878072771e-2
bratu,20,31,7.75e-2,9.085375236511110315924515069913520579864570542690638512121497428546159338292844412798893826232691716e-2,9.05386447072029174221518950355637684266022046451894985271830101127249144561303654014084666561004388e-2
bratu,20,32,8.0e-2,9.366488298582073460346019694294578651037657294610344834854289652676062155364772748002756366058627689e-2,9.324633087099629156774908085880030055293372706942166928902316880609686286100663509785955867511460263e-2
bratu,20,33,8.25e-2,9.628766371469368903747912777392352673652402312105718652275011842570296647238009263373196857306994033e-2,9.594029539079804400159576222006347586517217307313587571147370350013741262798314432516229317749651611e-2
bratu,20,34,8.5e-2,9.887004624096631910635082389072746983132571367156244387427113365017404085781141111816422303429800773e-2,9.862050125127664848388000884228644053714375216398483836100112734524421732914521723740080625135863164e-2
bratu,20,35,8.75e-2,1.014524287672389491752225200075314129261274042220677012257921488746451152432427296025964774955260751e-1,1.012869115270582388655828383894591224805075990649937829784752955548567674291643253316556166654019947e-1
bratu,20,36,9.0e-2,1.040348112935115792440942161243353560209290947725729585773131640991161896286740480870287319567541425e-1,1.039394893844962399063187698667722166076372757251484585958861118245385544410837832063018486479928896e-1
bratu,20,37,9.25e-2,1.066171938197842093129659122411392991157307853230782159288341793235872640141053665714609864179822099e-1,1.065781980834447523184842738268108892541799914224209869096041464610611891472554246725893691471850147e-1
bratu,20,38,9.5e-2,1.091995763460568393818376083579432422105324758735834732803551945480583383995366850558932408792102773e-1,1.092030009790355452547560707794294681975131095585287579260089978609703970575601277484849958491158059e-1
bratu,20,39,9.75e-2,1.117819588723294694507093044747471853053341664240887306318762097725294127849680035403254953404383447e-1,1.118138615234585078720523234267508216427998038953175508198994223014768485838865001665545330839666289e-1
bratu,20,40,1.0e-1,1.143643413986020995195810005915511284001358569745939879833972249970004871703993220247577498016664121e-1,1.144107432677454100344863697208560516442812140600679538147164974283533528364632042718765695915887738e-1
bratu,20,41,1.025e-1,1.169467239248747295884526967083550714949375475250992453349182402214715615558306405091900042628944795e-1,1.169936098635568206610973671923979384822022487251871172565630471577317123623369270108898262416044803e-1
bratu,20,42,1.05e-1,1.195291064511473596573243928251590145897392380756045026864392554459426359412619589936222587241225469e-1,1.195624250649720306817288616208742657807069588942328322049775978562424052514121862979420362865332689e-1
bratu,20,43,1.075e-1,1.221114889774199897261960889419629576845409286261097600379602706704137103266932774780545131853506143e-1,1.221171527302818260368396720771940006643660257008450073562535046638677578093978870825600278874386019e-1
bratu,20,44,1.1e-1,1.246938715036926197950677850587669007793426191766150173894812858948847847121245959624867676465786817e-1,1.246577568237839546447672723085938517343072565108670478169813002503933217686228188033150525112607236e-1
bratu,20,45,1.125e-1,1.272762540299652498639394811755708438741443097271202747410023011193558590975559144469190221078067491e-1,1.271842014175811297635184064463479932348016613359895374171246881843450855170761099115034939408105006e-1
bratu,20,46,1.15e-1,1.298586365562378799328111772923747869689460002776255320925233163438269334829872329313512765690348165e-1,1.29696450693381410694031885227436997010015427565505804244526659927247856450642338446651349625894988e-1
bratu,20,47,1.175e-1,1.324410190825105100016828734091787300637476908281307894440443315682980078684185514157835310302628839e-1,1.321944689443008003085415947579500708559923739549886411071379345464290811653970652793479237119996148e-1
bratu,20,48,1.2e-1,1.350234016087831400705545695259826731585493813786360467955653467927690822538498699002157854914909513e-1,1.346782205766678974416611140138301013852544813065000835068079416914891509525105068491699197747029535e-1
bratu,20,49,1.225e-1,1.376057841350557701394262656427866162533510719291413041470863620172401566392811883846480399527190187e-1,1.371476701118304407536123775257743639392290415742623883897262644618294810720568073331636705063031149e-1
bratu,20,50,1.25e-1,1.401881666613284002082979617595905593481527624796465614986073772417112310247125068690802944139470861e-1,1.396027821879635792651267524391161444472120322000293498438685941859632165179772195200178530103318225e-1
bratu,20,51,1.275e-1,1.426923050198241876386591195472670314761069552002160130237013489022729391937947831879273236610019309e-1,1.420435215618797033724545789593418644339104012184322001846619867098188033459813527986500655206839055e-1
bratu,20,52,1.3e-1,1.449809575803754104526085578766856341819454604325728897478626473100113648595826825345429464026505925e-1,1.444698531108396687791249603325444938880104901395197394715856890727043958110012022856035276237650874e-1
bratu,20,53,1.325e-1,1.47269610140926633266557996206104236887783965664929766472023945717749790525370581881158569144299254e-1,1.468817418343652444290969643936655037275982975310827850908801419688243010994535918609237626677471133e-1
bratu,20,54,1.35e-1,1.495582627014778560805074345355228395936224708972866431961852441254882161911584812277741918859479156e-1,1.492791528560526141942310795813972992864900969195177779671639340753204800497002044524224265313349838e-1
bratu,20,55,1.375e-1,1.518469152620290788944568728649414422994609761296435199203465425332266418569463805743898146275965771e-1,1.51662051425386760758079317020525905791231161223898278621324939797448611167935167678549959263052406e-1
bratu,20,56,1.4e-1,1.541355678225803017084063111943600450052994813620003966445078409409650675227342799210054373692452387e-1,1.540304029195565588483360363327243648145806420068646309340918171967361230387325614989109373747201328e-1
bratu,20,57,1.425e-1,1.564242203831315245223557495237786477111379865943572733686691393487034931885221792676210601108939002e-1,1.563841728452704037024001808235749863023715040914941952194227176121194927188979746561940381396268682e-1
bratu,20,58,1.45e-1,1.587128729436827473363051878531972504169764918267141500928304377564419188543100786142366828525425618e-1,1.587233268405721994048622439981308396219533250465826467211137338454074323163253914549027445075874542e-1
bratu,20,59,1.475e-1,1.610015255042339701502546261826158531228149970590710268169917361641803445200979779608523055941912234e-1,1.610478306766575305128331874504385705308740790943042008003262004956555340539230781413967977174214802e-1
bratu,20,60,1.5e-1,1.632901780647851929642040645120344558286535022914279035411530345719187701858858773074679283358398849e-1,1.633576502596898391853628544213053220906839530341823768306046977788467853852630433795091424379395384e-1
bratu,20,61,1.525e-1,1.655788306253364157781535028414530585344920075237847802653143329796571958516737766540835510774885465e-1,1.656527516326164288572350714464959784058692099564666353689797111339479468188180405443288548695212071e-1
bratu,20,62,1.55e-1,1.67867483185887638592102941170871661240330512756141656989475631387395621517461676000699173819137208e-1,1.679331009769841143456560347914187821179025574356397643640261314760754541692876554568968035307865371e-1
bratu,20,63,1.575e-1,1.701561357464388614060523795002902639461690179884985337136369297951340471832495753473147965607858696e-1,1.701986646147543371512495056006319374896567558765167725480252118884763149326191274166864603568524471e-1
bratu,20,64,1.6e-1,1.724447883069900842200018178297088666520075232208554104377982282028724728490374746939304193024345312e-1,1.724494090101175636128116881438637687211551582467074832180769458760519931940341094464891871880493004e-1
bratu,20,65,1.625e-1,1.747334408675413070339512561591274693578460284532122871619595266106108985148253740405460420440831927e-1,1.74685300771306782498932270825538904081265394936527806404457726571666242571327869739469730294963146e-1
bratu,20,66,1.65e-1,1.770220934280925298479006944885460720636845336855691638861208250183493241806132733871616647857318543e-1,1.769063066524099175693245296842882352542394978078454021338793697149785011796749329499533037766851007e-1
bratu,20,67,1.675e-1,1.793107459886437526618501328179646747695230389179260406102821234260877498464011727337772875273805158e-1,1.791123935551809696149917133786048750374219626086798889949149104038293484372663969957344092132123025e-1
bratu,20,68,1.7e-1,1.815993985491949754757995711473832774753615441502829173344434218338261755121890720803929102690291774e-1,1.813035285308497014896505515015837202211336996423710729962153485445867110045123096649445387999951637e-1
bratu,20,69,1.725e-1,1.838880511097461982897490094768018801812000493826397940586047202415646011779769714270085330106778389e-1,1.834796787819296786755931735984008028440007675652640201431158433606280812282869992493355604112367324e-1
bratu,20,70,1.75e-1,1.861767036702974211036984478062204828870385546149966707827660186493030268437648707736241557523265005e-1,1.856408116640244769858494226015828981423587659097546780160153466181103946755630323929984248459048774e-1
bratu,20,71,1.775e-1,1.884653562308486439176478861356390855928770598473535475069273170570414525095527701202397784939751621e-1,1.87786894687631868091561624548996979604377580886142397394744529467014331105513928442116809769348257e-1
bratu,20,72,1.8e-1,1.907540087913998667315973244650576882987155650797104242310886154647798781753406694668554012356238236e-1,1.899178955199457926793479638011787213639103565591264731207426717779503619209186539432622900457125081e-1
bratu,20,73,1.825e-1,1.92967168761615716552107476127187010426666527994768043505823912649104016550240251019920345726739862e-1,1.920337819866559301885486266180881841721725360882631581818271271697799224283323405912320455997589169e-1
bratu,20,74,1.85e-1,1.948975885651483147515909400395759439933022595359920388138543701649507715885293727637372433292185829e-1,1.941345220737446732530558158599215512377124694076725145183457308180811647876897996226480323981472126e-1
bratu,20,75,1.875e-1,1.968280083686809129510744039519648775599379910772160341218848276807975266268184945075541409316973037e-1,1.962200839292813141773544817613069468358646004589151380411435622344760183890776090106999298448301893e-1
bratu,20,76,1.9e-1,1.987584281722135111505578678643538111265737226184400294299152851966442816651076162513710385341760246e-1,1.982904358652132500118697035277607091906439321846608438576808998446916183288010878351892222280859373e-1
bratu,20,77,1.925e-1,2.006888479757461093500413317767427446932094541596640247379457427124910367033967379951879361366547454e-1,2.003455463591540120591481020379261248701364044568069082876034839097923847016262361253289125797826231e-1
bratu,20,78,1.95e-1,2.026192677792787075495247956891316782598451857008880200459762002283377917416858597390048337391334663e-1,2.023853840561679249402077298947604699849266092293705446327961486480770375700951646129527056012503437e-1
bratu,20,79,1.975e-1,2.045496875828113057490082596015206118264809172421120153540066577441845467799749814828217313416121871e-1,2.04409917770551199679980886922401019647123677474817337024628810695002518699907143047359262858528341e-1
bratu,20,80,2.0e-1,2.06480107386343903948491723513909545393116648783336010662037115260031301818264103226638628944090908e-1,2.064191164876092646325484079477148378171552134678193383050848739312013483311508987539549125063129674e-1
bratu,20,81,2.025e-1,2.084105271898765021479751874262984789597523803245600059700675727758780568565532249704555265465696288e-1,2.084129493654301374612169672546978335683471733819252683788417208262178566407846199491015342026339965e-1
bratu,20,82,2.05e-1,2.103409469934091003474586513386874125263881118657840012780980302917248118948423467142724241490483497e-1,2.103913857366536408158110794598465039765477577915167430810584988763673945550754734057768296139610309e-1
bratu,20,83,2.075e-1,2.122713667969416985469421152510763460930238434070079965861284878075715669331314684580893217515270706e-1,2.123543951102362638102202228592017043260952725455955757490477619108942938843814795899878963298459163e-1
bratu,20,84,2.1e-1,2.142017866004742967464255791634652796596595749482319918941589453234183219714205902019062193540057914e-1,2.143019471732114708976333738405048916828209535992484898461162667484850186493254134602674504594726669e-1
bratu,20,85,2.125e-1,2.161322064040068949459090430758542132262953064894559872021894028392650770097097119457231169564845123e-1,2.162340117924452592693755563500782931553742884084306495701468308470761567919450775490081530872940951e-1
bratu,20,86,2.15e-1,2.180626262075394931453925069882431467929310380306799825102198603551118320479988336895400145589632331e-1,2.18150559016386765466193746961976515785156346103161581574661842505262687920640010759627746483825666e-1
bratu,20,87,2.175e-1,2.19993046011072091344875970900632080359566769571903977818250317870958587086287955433356912161441954e-1,2.200515590768137214885750355465439118908137076000498239243264244672701274314136205217962973943335928e-1
bratu,20,88,2.2e-1,2.219234658146046895443594348130210139262025011131279731262807753868053421245770771771738097639206748e-1,2.21936982390572560325562962220059781292020733611973586214185282921706564306609186648216978935632184e-1
bratu,20,89,2.225e-1,2.238538856181372877438428987254099474928382326543519684343112329026520971628661989209907073663993957e-1,2.238067995613129704899051129093558406976264274899923294403738396832333904978439967422358556475586701e-1
bratu,20,90,2.25e-1,2.257843054216698859433263626377988810594739641955759637423416904184988522011553206648076049688781165e-1,2.256609813812166988515448860863034470293113859791207260556175982503589331946356569655943862076649641e-1
bratu,20,91,2.275e-1,2.277147252252024841428098265501878146261096957367999590503721479343456072394444424086245025713568374e-1,2.274994988327204008017830257880100663239698388938580625944304747541731432757505569074460844629242348e-1
bratu,20,92,2.3e-1,2.296451450287350823422932904625767481927454272780239543584026054501923622777335641524414001738355582e-1,2.293223230902323365571917011239189079586893443121154920838102009445871241179146337232502110255170327e-1
bratu,20,93,2.325e-1,2.315755648322676805417767543749656817593811588192479496664330629660391173160226858962582977763142791e-1,2.311294255218427122258685289835111411403747520160383776344559152266853439796129150919713125559419305e-1
bratu,20,94,2.35e-1,2.33505984635800278741260218287354615326016890360471944974463520481885872354311807640075195378793e-1,2.329207776910274641091640067049369391655915907017736759666553403469257395499352462258027845007665637e-1
bratu,20,95,2.375e-1,2.354364044393328769407436821997435488926526219016959402824939779977326273926009293838920929812717208e-1,2.346963513583452845998882771434457970474791966321265742504419584212256531002602227549562347069388276e-1
bratu,20,96,2.4e-1,2.373668242428654751402271461121324824592883534429199355905244355135793824308900511277089905837504417e-1,2.364561184831276879634776511841587011724786875024719055383426675947152863129290508389254226169253097e-1
bratu,20,97,2.425e-1,2.392972440463980733397106100245214160259240849841439308985548930294261374691791728715258881862291625e-1,2.382000512251619142519440745148689557065277243221208955628178365371046214759563884137270749356383592e-1
bratu,20,98,2.45e-1,2.411550270243787106029241138646651947887469016253688598485233952481388895651630404954451910846785692e-1,2.399281219463664696018983339963089806759270454859819925593022980803494756355869620806358923866339614e-1
bratu,20,99,2.475e-1,2.4266655027593315445203537047517896175716595258057558234365719800146804590185787986400835470626593e-1,2.416403032124591012077770443515851003216717944927485732167201858247840988937018468497200098511229296e-1
bratu,20,100,2.5e-1,2.441780735274875983011466270856927287255850035357823048387910007547972022385527192325715183278532908e-1,2.433365677946170053398511608561374889062111708896558945320907947045738465545036484099146541229776955e-1
bratu,20,101,2.525e-1,2.456895967790420421502578836962064956940040544909890273339248035081263585752475586011346819494406517e-1,2.450168886711290668938766166441659312799565350812630309862560588354835299282066232078889279882136071e-1
bratu,20,102,2.55e-1,2.472011200305964859993691403067202626624231054461957498290586062614555149119423979696978455710280125e-1,2.466812390290399291155820744569669356027350335446854867607712345733869595565579118910148032280113249e-1
bratu,20,103,2.575e-1,2.487126432821509298484803969172340296308421564014024723241924090147846712486372373382610091926153733e-1,2.483295922657856923387806438012204678008106537580468766811058992622360770829814659983995762685487444e-1
bratu,20,104,2.6e-1,2.502241665337053736975916535277477965992612073566091948193262117681138275853320767068241728142027341e-1,2.4996192199082104081093706139388448091933031650089716449269465570878366943334485503958817338425872e-1
bratu,20,105,2.625e-1,2.517356897852598175467029101382615635676802583118159173144600145214429839220269160753873364357900949e-1,2.515782020272375969547038117421921167338851826490763233487804883252726343103294829104189750105927924e-1
bratu,20,106,2.65e-1,2.532472130368142613958141667487753305360993092670226398095938172747721402587217554439505000573774558e-1,2.53178406413373302728432602379040882437864369412295691606613805269274269696288799606445874852255073e-1
bratu,20,107,2.675e-1,2.547587362883687052449254233592890975045183602222293623047276200281012965954165948125136636789648166e-1,2.547625094044126281031340651950343190063142049723735255405029212275521815932885664737602881628162469e-1
bratu,20,108,2.7e-1,2.562702595399231490940366799698028644729374111774360847998614227814304529321114341810768273005521774e-1,2.563304854739774070679498833214018547624500695329358274366905044000576627032019146741500690654530404e-1
bratu,20,109,2.725e-1,2.577817827914775929431479365803166314413564621326428072949952255347596092688062735496399909221395382e-1,2.578823093157081020110577465579502227843241689122545212855842204009931332258903414752274271854883372e-1
bratu,20,110,2.75e-1,2.592933060430320367922591931908303984097755130878495297901290282880887656055011129182031545437268991e-1,2.594179558448352977981791397580178236251889388087472575466883945141788355534933649683496316229483411e-1
bratu,20,111,2.775e-1,2.608048292945864806413704498013441653781945640430562522852628310414179219421959522867663181653142599e-1,2.609374001997412273866198776003721594582177393801547676851190320859453734172264065822983055106013991e-1
bratu,20,112,2.8e-1,2.623163525461409244904817064118579323466136149982629747803966337947470782788907916553294817869016207e-1,2.624406177435111313691486865813507446062634139884941632343949460273206710921772361790813799109763042e-1
bratu,20,113,2.825e-1,2.638278757976953683395929630223716993150326659534696972755304365480762346155856310238926454084889815e-1,2.639275840654742544391033107284570917653630951549046242503536112196092154208070548288352099591869626e-1
bratu,20,114,2.85e-1,2.653393990492498121887042196328854662834517169086764197706642393014053909522804703924558090300763423e-1,2.653982749827342824059879129136247591125659587466670736319872736580323345562178043044883249816973288e-1
bratu,20,115,2.875e-1,2.668509223008042560378154762433992332518707678638831422657980420547345472889753097610189726516637032e-1,2.668526665416890240695591987517167366969682624373143932288468071445922495415431181501192913641240777e-1
bratu,20,116,2.9e-1,2.68362445552358699886926732853913000220289818819089864760931844808063703625670149129582136273251064e-1,2.682907350195391429800487451541428881828000456081559601267977446900829416142288873570288902448092705e-1
bratu,20,117,2.925e-1,2.698739688039131437360379894644267671887088697742965872560656475613928599623649884981452998948384248e-1,2.697124569257857448727802075219538915567332468895242554715115151980582086164711215569649826322184347e-1
bratu,20,118,2.95e-1,2.713854920554675875851492460749405341571279207295033097511994503147220162990598278667084635164257856e-1,2.711178090037166273670447429742702632736035974911014657150055675573342137425435285847726812979277342e-1
bratu,20,119,2.975e-1,2.728970153070220314342605026854543011255469716847100322463332530680511726357546672352716271380131465e-1,2.725067682318809993617159605208404825763908010640688684665088340208579333015090175087868283659295273e-1
bratu,20,120,3.0e-1,2.744085385585764752833717592959680680939660226399167547414670558213803289724495066038347907596005073e-1,2.738793118255524784437242463732067721804083526719647621338568149027356587025450076659914819056647574e-1
bratu,20,121,3.025e-1,2.759200618101309191324830159064818350623850735951234772366008585747094853091443459723979543811878681e-1,2.752354172381801755501639986067075674578204304991484201758684047736428199278958063345475833198985582e-1
bratu,20,122,3.05e-1,2.774315850616853629815942725169956020308041245503301997317346613280386416458391853409611180027752289e-1,2.765750621628276770904579777793144863961317778265620063048491574108375826244935154322467868444062328e-1
bratu,20,123,3.075e-1,2.789431083132398068307055291275093689992231755055369222268684640813677979825340247095242816243625897e-1,2.77898224533599735741619655865066749874450991365166633758740814751260039681482001262920079013973254e-1
bratu,20,124,3.1e-1,2.804546315647942506798167857380231359676422264607436447220022668346969543192288640780874452459499506e-1,2.792048825270564821771932532783596915842514860855915223174947956943376519448988804880302208706885287e-1
bratu,20,125,3.125e-1,2.819661548163486945289280423485369029360612774159503672171360695880261106559237034466506088675373114e-1,2.804950145636149710788552698859758898191762591284135825467805121865864457500785868650436086185518705e-1
bratu,20,126,3.15e-1,2.831284619951035310145996501127179099168663984587790601964097987947856306625222655005344961923594615e-1,2.817685993089378759088609093727770979339454690718202406440989414700293833899326019832836246242335912e-1
bratu,20,127,3.175e-1,2.841688469393818184395562705984036543208567172188441235039901364659314679841873256319241815593308884e-1,2.830256156753091480914309758401090607442844287293730837472230806033867108046131769444042030853688156e-1
bratu,20,128,3.2e-1,2.852092318836601058645128910840893987248470359789091868115704741370773053058523857633138669263023153e-1,2.842660428229964574617035898786065666665793974389151099993116503992571080811081216597039052160752436e-1
bratu,20,129,3.225e-1,2.862496168279383932894695115697751431288373547389742501191508118082231426275174458947035522932737422e-1,2.854898601616002320919112852303958261125270198729224352782504032957316976219336083725133472747353694e-1
bratu,20,130,3.25e-1,2.872900017722166807144261320554608875328276734990393134267311494793689799491825060260932376602451691e-1,2.866970473513891168958653825496495833049531632036924675679333620732718811021809420963349995893321163e-1
bratu,20,131,3.275e-1,2.883303867164949681393827525411466319368179922591043767343114871505148172708475661574829230272165961e-1,2.878875843046216717445004603417274379759118125272038460930178599935923428581642393772218414008102394e-1
bratu,20,132,3.3e-1,2.89370771660773255564339373026832376340808311019169440041891824821660654592512626288872608394188023e-1,2.890614511868541311970034893705579134803858116718618272593499670041566780482807823159945973576039781e-1
bratu,20,133,3.325e-1,2.904111566050515429892959935125181207447986297792345033494721624928064919141776864202622937611594499e-1,2.902186284182340493637627510049027063742050489068263580260146426356679660947416828878839181300664557e-1
bratu,20,134,3.35e-1,2.914515415493298304142526139982038651487889485392995666570525001639523292358427465516519791281308768e-1,2.913590966747796548688457473601117530430313206471349444796030180000721090933560666160594801986044763e-1
bratu,20,135,3.375e-1,2.924919264936081178392092344838896095527792672993646299646328378350981665575078066830416644951023037e-1,2.92482836889644742370764391847407386752364400506442215082142561951230478356274169585269577422554019e-1
bratu,20,136,3.4e-1,2.935323114378864052641658549695753539567695860594296932722131755062440038791728668144313498620737306e-1,2.935898302543689286307080390389449935908551122120412451627028493468112007268825571916778685710416983e-1
bratu,20,137,3.425e-1,2.945726963821646926891224754552610983607599048194947565797935131773898412008379269458210352290451576e-1,2.946800582201131026870053119301776448106538425632961225196768596084812698579113979546073080870811035e-1
bratu,20,138,3.45e-1,2.956130813264429801140790959409468427647502235795598198873738508485356785225029870772107205960165845e-1,2.9575350249887990130308590850715230918245479111627821521063670482136341918977280255421700346188918e-1
bratu,20,139,3.475e-1,2.966534662707212675390357164266325871687405423396248831949541885196815158441680472086004059629880114e-1,2.968101450647190425034120896416961161508100081239941987443048217109782850058842269359023605094087333e-1
bratu,20,140,3.5e-1,2.976938512149995549639923369123183315727308610996899465025345261908273531658331073399900913299594383e-1,2.978499681549173516974816398336882214883005508094131589041883344898413711048012980292969246523248097e-1
bratu,20,141,3.525e-1,2.987342361592778423889489573980040759767211798597550098101148638619731904874981674713797766969308652e-1,2.988729542711733166158018575346455916034062046234205533944314704239164445836991079812386458563981431e-1
bratu,20,142,3.55e-1,2.997746211035561298139055778836898203807114986198200731176952015331190278091632276027694620639022921e-1,2.998790861807560090434165503112491259477745726042850988259431802249369585737420613072635311774932906e-1
bratu,20,143,3.575e-1,3.008150060478344172388621983693755647847018173798851364252755392042648651308282877341591474308737191e-1,3.008683469176482131358409750217887385584762001238339414706621493046805744496838185148110324082846758e-1
bratu,20,144,3.6e-1,3.01855390992112704663818818855061309188692136139950199732855876875410702452493347865548832797845146e-1,3.018407197836736019388160335331356138265338037072123307484293713742303675169261733541172973982775069e-1
bratu,20,145,3.625e-1,3.028957759363909920887754393407470535926824549000152630404362145465565397741584079969385181648165729e-1,3.027961883496078056068126920505246617654297642487639488412236185601508155674551155758575939884905306e-1
bratu,20,146,3.65e-1,3.039361608806692795137320598264327979966727736600803263480165522177023770958234681283282035317879998e-1,3.037347364562732167253675042997687126187134826426506798208749306257798467951812698138184157354124539e-1
bratu,20,147,3.675e-1,3.049765458249475669386886803121185424006630924201453896555968898888482144174885282597178888987594267e-1,3.046563482156173800887644079438570547708941678514573449810726320058135871289754395258489910425185756e-1
bratu,20,148,3.7e-1,3.060169307692258543636453007978042868046534111802104529631772275599940517391535883911075742657308536e-1,3.055610080117748162669379824913556731280859260230116032070383048474263675763757275455255748856208314e-1
bratu,20,149,3.725e-1,3.070573157135041417886019212834900312086437299402755162707575652311398890608186485224972596327022806e-1,3.06448700502112130313387770453721151015097643658466049323433928896137907512188467400454468099510567e-1
bratu,20,150,3.75e-1,3.080977006577824292135585417691757756126340487003405795783379029022857263824837086538869449996737075e-1,3.073194106182562590189781366125895626402656589445284744118801271303357684481221617122854380355325042e-1
bratu,20,151,3.775e-1,3.091380856020607166385151622548615200166243674604056428859182405734315637041487687852766303666451344e-1,3.081731235671057122043570322038310317052640994963579735463852021731166394901759691917370173408115874e-1
bratu,20,152,3.8e-1,3.101784705463390040634717827405472644206146862204707061934985782445774010258138289166663157336165613e-1,3.090098248318246656659510954685968088404887882939969082546310333318596741223432809208590114395082723e-1
bratu,20,153,3.825e-1,3.112188554906172914884284032262330088246050049805357695010789159157232383474788890480560011005879882e-1,3.098295001728197655466626123659766558276783294153919617673888922708774378731917641483059938493278215e-1
bratu,20,154,3.85e-1,3.122592404348955789133850237119187532285953237406008328086592535868690756691439491794456864675594151e-1,3.106321356286995060920726501063766761282360665274818079508251279112215436520395621719766005888823982e-1
bratu,20,155,3.875e-1,3.130155519290432614116889977808651867260673366955291835598892611147393324902996441581373872827594881e-1,3.114177175172160449756987629601925757581196554783357237137417396416369652618046099609755457323993607e-1
bratu,20,156,3.9e-1,3.135460864978222028966480835711110282759545549692930465564501955300721002833083101365814450951668578e-1,3.121862324361893226322077133720013543116957713244856819800982681349797732905955324596828431415449652e-1
bratu,20,157,3.925e-1,3.140766210666011443816071693613568698258417732430569095530111299454048680763169761150255029075742274e-1,3.12937667264413354324974498930778700595252758483818634153319098344550351105280486441879972524368257e-1
bratu,20,158,3.95e-1,3.146071556353800858665662551516027113757289915168207725495720643607376358693256420934695607199815971e-1,3.136720091625445659935277995539191838316438576192583320374714693002145403250470008296501062983519098e-1
bratu,20,159,3.975e-1,3.151376902041590273515253409418485529256162097905846355461329987760704036623343080719136185323889668e-1,3.143892455739720472767363996571824768867961797898114560449989882454169220986969249203132389054722436e-1
bratu,20,160,4.0e-1,3.156682247729379688364844267320943944755034280643484985426939331914031714553429740503576763447963364e-1,3.150893642256695974885674540864135960818303117864881274064174060562523977161570891812168844560391886e-1
bratu,20,161,4.025e-1,3.161987593417169103214435125223402360253906463381123615392548676067359392483516400288017341572037061e-1,3.157723531290294427343706823370415269926469380416661394733979274315045760180044984244489134107239552e-1
bratu,20,162,4.05e-1,3.167292939104958518064025983125860775752778646118762245358158020220687070413603060072457919696110758e-1,3.164382005806775047963866526958393861223838732031456534275016919983846637864851020063687474989726348e-1
bratu,20,163,4.075e-1,3.172598284792747932913616841028319191251650828856400875323767364374014748343689719856898497820184454e-1,3.170868951632701048870053134561315220276006861342550101721956267398000520995070062328102146081502583e-1
bratu,20,164,4.1e-1,3.177903630480537347763207698930777606750523011594039505289376708527342426273776379641339075944258151e-1,3.177184257462719878666651683883549869721657970873461186962474336350516875341716907292306940930237164e-1
bratu,20,165,4.125e-1,3.183208976168326762612798556833236022249395194331678135254986052680670104203863039425779654068331848e-1,3.1833278148671555504962575053466140634574314813294727082991961853955967303460917788641124872487473e-1
bratu,20,166,4.15e-1,3.188514321856116177462389414735694437748267377069316765220595396833997782133949699210220232192405544e-1,3.189299518299411962745977233840688483762681797340058105000310638366616825975657260956647030772743624e-1
bratu,20,167,4.175e-1,3.193819667543905592311980272638152853247139559806955395186204740987325460064036358994660810316479241e-1,3.195099265103186144977972497946612108669227622709350232980604608492869193122675971178530014037499096e-1
bratu,20,168,4.2e-1,3.199125013231695007161571130540611268746011742544594025151814085140653137994123018779101388440552938e-1,3.200726955519490387728154452547248241172139035485601005844721152291430962547871391369911831297829377e-1
bratu,20,169,4.225e-1,3.204430358919484422011161988443069684244883925282232655117423429293980815924209678563541966564626634e-1,3.206182492693482241141612108122967987454604308361642391523417942346879046392293671572492204388996823e-1
bratu,20,170,4.25e-1,3.209735704607273836860752846345528099743756108019871285083032773447308493854296338347982544688700331e-1,3.211465782681101393988383726285434791079287483658065697087766277097579162214449146694531200417854198e-1
bratu,20,171,4.275e-1,3.215041050295063251710343704247986515242628290757509915048642117600636171784382998132423122812774028e-1,3.216576734455512471422383116058173121437771793553540464320638672817514052256895333351514800041634197e-1
bratu,20,172,4.3e-1,3.220346395982852666559934562150444930741500473495148545014251461753963849714469657916863700936847724e-1,3.221515259913352816903404552693763208446972081822138140261221995429811301031153716870196864756246276e-1
bratu,20,173,4.325e-1,3.225651741670642081409525420052903346240372656232787174979860805907291527644556317701304279060921421e-1,3.226281273880784350990794864148852638226789453428679102690721136686390373562641470119406062830021538e-1
bratu,20,174,4.35e-1,3.230957087358431496259116277955361761739244838970425804945470150060619205574642977485744857184995118e-1,3.230874694119348627231155377250125396309459105553634044944859866536984891839202588333961378502227054e-1
bratu,20,175,4.375e-1,3.236262433046220911108707135857820177238117021708064434911079494213946883504729637270185435309068814e-1,3.235295441331624233094791327494270339568220090625699878377609872232897175887304493497015825982440194e-1
bratu,20,176,4.4e-1,3.241567778734010325958297993760278592736989204445703064876688838367274561434816297054626013433142511e-1,3.239543439166685711859950833960082549550883905230215784215385219166610251016908860633690765543311426e-1
bratu,20,177,4.425e-1,3.246873124421799740807888851662737008235861387183341694842298182520602239364902956839066591557216208e-1,3.243618614225363209493498193225168283098855655567536755438249496761287769159470117969216034673071705e-1
bratu,20,178,4.45e-1,3.252178470109589155657479709565195423734733569920980324807907526673929917294989616623507169681289904e-1,3.247520896065302078924777783683052910121393594903182210376070751412454347533303050277913564157751268e-1
bratu,20,179,4.475e-1,3.257483815797378570507070567467653839233605752658618954773516870827257595225076276407947747805363601e-1,3.251250217205821702649200639442465979976235477625801828496503002825959541507703607036746489290324342e-1
bratu,20,180,4.5e-1,3.262789161485167985356661425370112254732477935396257584739126214980585273155162936192388325929437298e-1,3.254806513132572823322608205721777646101324571350984066662787951764390468878046744198700397146880633e-1
bratu,20,181,4.525e-1,3.268094507172957400206252283272570670231350118133896214704735559133912951085249595976828904053510994e-1,3.258189722301992700909749023129630157114911437900888403154454677542369634904045270508673245591273969e-1
bratu,20,182,4.55e-1,3.273399852860746815055843141175029085730222300871534844670344903287240629015336255761269482177584691e-1,3.261399786145557444023188418943786254816447244156619918012278075919490699970662176210047602503871642e-1
bratu,20,183,4.575e-1,3.278705198548536229905433999077487501229094483609173474635954247440568306945422915545710060301658388e-1,3.264436649073830892325537844767746310552171246921165971182743275576538415246268758463804705758227382e-1
bratu,20,184,4.6e-1,3.284010544236325644755024856979945916727966666346812104601563591593895984875509575330150638425732084e-1,3.267300258480309456260855893187323533359728137139524790594993414861022022602326212300210976623438912e-1
bratu,20,185,4.625e-1,3.287696145461531161742180099705832471248481732535176168312198545593404744856851800159556387650632136e-1,3.269990564745062349923193995962678322052107765437452107157461176356751796453315396479005784376613095e-1
bratu,20,186,4.65e-1,3.287696145461531161742180099705832471248481732535176168312198545593404744856851800159556387650632136e-1,3.272507521238166682554235950400884065098630064320166715220021013650138918534329172951232144765484119e-1
bratu,20,187,4.675e-1,3.287696145461531161742180099705832471248481732535176168312198545593404744856851800159556387650632136e-1,3.274851084322936903980456929771977084743001000340549292208696750242081673301747257020824744811262595e-1
bratu,20,188,4.7e-1,3.287696145461531161742180099705832471248481732535176168312198545593404744856851800159556387650632136e-1,3.277021213358948129245798062355976555564349367011588352853881310565838995874589029554252090215128792e-1
bratu,20,189,4.725e-1,3.287696145461531161742180099705832471248481732535176168312198545593404744856851800159556387650632136e-1,3.279017870704852897761061727995783493147879254000132103624993461601630028450781563027302380995552277e-1
bratu,20,190,4.75e-1,3.287696145461531161742180099705832471248481732535176168312198545593404744856851800159556387650632136e-1,3.280841021720990952468579123346557489623459912266569056357747452767993157794658253122003665950251666e-1
bratu,20,191,4.775e-1,3.287696145461531161742180099705832471248481732535176168312198545593404744856851800159556387650632136e-1,3.282490634771791654802640926049959122379173199187272373697412100382204306166841802617834658019180899e-1
bratu,20,192,4.8e-1,3.287696145461531161742180099705832471248481732535176168312198545593404744856851800159556387650632136e-1,3.283966681227968681605129292101283206627871711074366590641131734740226932992735490795433964992802103e-1
bratu,20,193,4.825e-1,3.287696145461531161742180099705832471248481732535176168312198545593404744856851800159556387650632136e-1,3.285269135468506680624122802933059113657691978188366107406956939547170416349327701116179226424427385e-1
bratu,20,194,4.85e-1,3.287696145461531161742180099705832471248481732535176168312198545593404744856851800159556387650632136e-1,3.286397974882439591773308713134552159150369136332974329619884890895770215199642731722975187372981672e-1
bratu,20,195,4.875e-1,3.287696145461531161742180099705832471248481732535176168312198545593404744856851800159556387650632136e-1,3.287353179870420371954140765522754118528031912303151084720331098653504442664739442325920580782407827e-1
bratu,20,196,4.9e-1,3.287696145461531161742180099705832471248481732535176168312198545593404744856851800159556387650632136e-1,3.288134733846081891933109173954807383622288522857825698378189219080107689580969875884793411816258056e-1
bratu,20,197,4.925e-1,3.287696145461531161742180099705832471248481732535176168312198545593404744856851800159556387650632136e-1,3.288742623237188804515499737054648475192042784950182336972143445613902992434627373881483766178703221e-1
bratu,20,198,4.95e-1,3.287696145461531161742180099705832471248481732535176168312198545593404744856851800159556387650632136e-1,3.289176837486580214056846405470800817649171248054182159881064844353640994894092975233889441649575972e-1
bratu,20,199,4.975e-1,3.287696145461531161742180099705832471248481732535176168312198545593404744856851800159556387650632136e-1,3.289437369052903008196141299242123422291096812090458240099708767358840454727382389260985195685017171e-1
bratu,20,200,5.0e-1,3.287696145461531161742180099705832471248481732535176168312198545593404744856851800159556387650632136e-1,3.289524213411135743572956833232027728076792986098885679827680373130425117122306548306772742847397669e-1
bratu,20,201,5.025e-1,3.287696145461531161742180099705832471248481732535176168312198545593404744856851800159556387650632136e-1,3.289437369052903008196141299242123422291096812090458240099708767358840454727382389260985195685017171e-1
bratu,20,202,5.05e-1,3.287696145461531161742180099705832471248481732535176168312198545593404744856851800159556387650632136e-1,3.289176837486580214056846405470800817649171248054182159881064844353640994894092975233889441649575972e-1
bratu,20,203,5.075e-1,3.287696145461531161742180099705832471248481732535176168312198545593404744856851800159556387650632136e-1,3.288742623237188804515499737054648475192042784950182336972143445613902992434627373881483766178703221e-1
bratu,20,204,5.1e-1,3.287696145461531161742180099705832471248481732535176168312198545593404744856851800159556387650632136e-1,3.288134733846081891933109173954807383622288522857825698378189219080107689580969875884793411816258056e-1
bratu,20,205,5.125e-1,3.287696145461531161742180099705832471248481732535176168312198545593404744856851800159556387650632136e-1,3.287353179870420371954140765522754118528031912303151084720331098653504442664739442325920580782407827e-1
bratu,20,206,5.15e-1,3.287696145461531161742180099705832471248481732535176168312198545593404744856851800159556387650632136e-1,3.286397974882439591773308713134552159150369136332974329619884890895770215199642731722975187372981672e-1
bratu,20,207,5.175e-1,3.287696145461531161742180099705832471248481732535176168312198545593404744856851800159556387650632136e-1,3.285269135468506680624122802933059113657691978188366107406956939547170416349327701116179226424427385e-1
bratu,20,208,5.2e-1,3.287696145461531161742180099705832471248481732535176168312198545593404744856851800159556387650632136e-1,3.283966681227968681605129292101283206627871711074366590641131734740226932992735490795433964992802103e-1
bratu,20,209,5.225e-1,3.287696145461531161742180099705832471248481732535176168312198545593404744856851800159556387650632136e-1,3.282490634771791654802640926049959122379173199187272373697412100382204306166841802617834658019180899e-1
bratu,20,210,5.25e-1,3.287696145461531161742180099705832471248481732535176168312198545593404744856851800159556387650632136e-1,3.280841021720990952468579123346557489623459912266569056357747452767993157794658253122003665950251666e-1
bratu,20,211,5.275e-1,3.287696145461531161742180099705832471248481732535176168312198545593404744856851800159556387650632136e-1,3.279017870704852897761061727995783493147879254000132103624993461601630028450781563027302380995552277e-1
bratu,20,212,5.3e-1,3.287696145461531161742180099705832471248481732535176168312198545593404744856851800159556387650632136e-1,3.277021213358948129245798062355976555564349367011588352853881310565838995874589029554252090215128792e-1
bratu,20,213,5.325e-1,3.287696145461531161742180099705832471248481732535176168312198545593404744856851800159556387650632136e-1,3.274851084322936903980456929771977084743001000340549292208696750242081673301747257020824744811262595e-1
bratu,20,214,5.35e-1,3.287696145461531161742180099705832471248481732535176168312198545593404744856851800159556387650632136e-1,3.272507521238166682554235950400884065098630064320166715220021013650138918534329172951232144765484119e-1
bratu,20,215,5.375e-1,3.287696145461531161742180099705832471248481732535176168312198545593404744856851800159556387650632136e-1,3.269990564745062349923193995962678322052107765437452107157461176356751796453315396479005784376613095e-1
bratu,20,216,5.4e-1,3.284010544236325644755024856979945916727966666346812104601563591593895984875509575330150638425732084e-1,3.267300258480309456260855893187323533359728137139524790594993414861022022602326212300210976623438912e-1
bratu,20,217,5.425e-1,3.278705198548536229905433999077487501229094483609173474635954247440568306945422915545710060301658388e-1,3.264436649073830892325537844767746310552171246921165971182743275576538415246268758463804705758227382e-1
bratu,20,218,5.45e-1,3.273399852860746815055843141175029085730222300871534844670344903287240629015336255761269482177584691e-1,3.261399786145557444023188418943786254816447244156619918012278075919490699970662176210047602503871642e-1
bratu,20,219,5.475e-1,3.268094507172957400206252283272570670231350118133896214704735559133912951085249595976828904053510994e-1,3.258189722301992700909749023129630157114911437900888403154454677542369634904045270508673245591273969e-1
bratu,20,220,5.5e-1,3.262789161485167985356661425370112254732477935396257584739126214980585273155162936192388325929437298e-1,3.254806513132572823322608205721777646101324571350984066662787951764390468878046744198700397146880633e-1
bratu,20,221,5.525e-1,3.257483815797378570507070567467653839233605752658618954773516870827257595225076276407947747805363601e-1,3.251250217205821702649200639442465979976235477625801828496503002825959541507703607036746489290324342e-1
bratu,20,222,5.55e-1,3.252178470109589155657479709565195423734733569920980324807907526673929917294989616623507169681289904e-1,3.247520896065302078924777783683052910121393594903182210376070751412454347533303050277913564157751268e-1
bratu,20,223,5.575e-1,3.246873124421799740807888851662737008235861387183341694842298182520602239364902956839066591557216208e-1,3.243618614225363209493498193225168283098855655567536755438249496761287769159470117969216034673071705e-1
bratu,20,224,5.6e-1,3.241567778734010325958297993760278592736989204445703064876688838367274561434816297054626013433142511e-1,3.239543439166685711859950833960082549550883905230215784215385219166610251016908860633690765543311426e-1
bratu,20,225,5.625e-1,3.236262433046220911108707135857820177238117021708064434911079494213946883504729637270185435309068814e-1,3.235295441331624233094791327494270339568220090625699878377609872232897175887304493497015825982440194e-1
bratu,20,226,5.65e-1,3.230957087358431496259116277955361761739244838970425804945470150060619205574642977485744857184995118e-1,3.230874694119348627231155377250125396309459105553634044944859866536984891839202588333961378502227054e-1
bratu,20,227,5.675e-1,3.225651741670642081409525420052903346240372656232787174979860805907291527644556317701304279060921421e-1,3.226281273880784350990794864148852638226789453428679102690721136686390373562641470119406062830021538e-1
bratu,20,228,5.7e-1,3.220346395982852666559934562150444930741500473495148545014251461753963849714469657916863700936847724e-1,3.221515259913352816903404552693763208446972081822138140261221995429811301031153716870196864756246276e-1
bratu,20,229,5.725e-1,3.215041050295063251710343704247986515242628290757509915048642117600636171784382998132423122812774028e-1,3.216576734455512471422383116058173121437771793553540464320638672817514052256895333351514800041634197e-1
bratu,20,230,5.75e-1,3.209735704607273836860752846345528099743756108019871285083032773447308493854296338347982544688700331e-1,3.211465782681101393988383726285434791079287483658065697087766277097579162214449146694531200417854198e-1
bratu,20,231,5.775e-1,3.204430358919484422011161988443069684244883925282232655117423429293980815924209678563541966564626634e-1,3.206182492693482241141612108122967987454604308361642391523417942346879046392293671572492204388996823e-1
bratu,20,232,5.8e-1,3.199125013231695007161571130540611268746011742544594025151814085140653137994123018779101388440552938e-1,3.200726955519490387728154452547248241172139035485601005844721152291430962547871391369911831297829377e-1
bratu,20,233,5.825e-1,3.193819667543905592311980272638152853247139559806955395186204740987325460064036358994660810316479241e-1,3.195099265103186144977972497946612108669227622709350232980604608492869193122675971178530014037499096e-1
bratu,20,234,5.85e-1,3.188514321856116177462389414735694437748267377069316765220595396833997782133949699210220232192405544e-1,3.189299518299411962745977233840688483762681797340058105000310638366616825975657260956647030772743624e-1
bratu,20,235,5.875e-1,3.183208976168326762612798556833236022249395194331678135254986052680670104203863039425779654068331848e-1,3.1833278148671555504962575053466140634574314813294727082991961853955967303460917788641124872487473e-1
bratu,20,236,5.9e-1,3.177903630480537347763207698930777606750523011594039505289376708527342426273776379641339075944258151e-1,3.177184257462719878666651683883549869721657970873461186962474336350516875341716907292306940930237164e-1
bratu,20,237,5.925e-1,3.172598284792747932913616841028319191251650828856400875323767364374014748343689719856898497820184454e-1,3.170868951632701048870053134561315220276006861342550101721956267398000520995070062328102146081502583e-1
bratu,20,238,5.95e-1,3.167292939104958518064025983125860775752778646118762245358158020220687070413603060072457919696110758e-1,3.164382005806775047963866526958393861223838732031456534275016919983846637864851020063687474989726348e-1
bratu,20,239,5.975e-1,3.161987593417169103214435125223402360253906463381123615392548676067359392483516400288017341572037061e-1,3.157723531290294427343706823370415269926469380416661394733979274315045760180044984244489134107239552e-1
bratu,20,240,6.0e-1,3.156682247729379688364844267320943944755034280643484985426939331914031714553429740503576763447963364e-1,3.150893642256695974885674540864135960818303117864881274064174060562523977161570891812168844560391886e-1
bratu,20,241,6.025e-1,3.151376902041590273515253409418485529256162097905846355461329987760704036623343080719136185323889668e-1,3.143892455739720472767363996571824768867961797898114560449989882454169220986969249203132389054722436e-1
bratu,20,242,6.05e-1,3.146071556353800858665662551516027113757289915168207725495720643607376358693256420934695607199815971e-1,3.136720091625445659935277995539191838316438576192583320374714693002145403250470008296501062983519098e-1
bratu,20,243,6.075e-1,3.140766210666011443816071693613568698258417732430569095530111299454048680763169761150255029075742274e-1,3.12937667264413354324974498930778700595252758483818634153319098344550351105280486441879972524368257e-1
bratu,20,244,6.1e-1,3.135460864978222028966480835711110282759545549692930465564501955300721002833083101365814450951668578e-1,3.121862324361893226322077133720013543116957713244856819800982681349797732905955324596828431415449652e-1
bratu,20,245,6.125e-1,3.130155519290432614116889977808651867260673366955291835598892611147393324902996441581373872827594881e-1,3.114177175172160449756987629601925757581196554783357237137417396416369652618046099609755457323993607e-1
bratu,20,246,6.15e-1,3.122592404348955789133850237119187532285953237406008328086592535868690756691439491794456864675594151e-1,3.106321356286995060920726501063766761282360665274818079508251279112215436520395621719766005888823982e-1
bratu,20,247,6.175e-1,3.112188554906172914884284032262330088246050049805357695010789159157232383474788890480560011005879882e-1,3.098295001728197655466626123659766558276783294153919617673888922708774378731917641483059938493278215e-1
bratu,20,248,6.2e-1,3.101784705463390040634717827405472644206146862204707061934985782445774010258138289166663157336165613e-1,3.090098248318246656659510954685968088404887882939969082546310333318596741223432809208590114395082723e-1
bratu,20,249,6.225e-1,3.091380856020607166385151622548615200166243674604056428859182405734315637041487687852766303666451344e-1,3.081731235671057122043570322038310317052640994963579735463852021731166394901759691917370173408115874e-1
bratu,20,250,6.25e-1,3.080977006577824292135585417691757756126340487003405795783379029022857263824837086538869449996737075e-1,3.073194106182562590189781366125895626402656589445284744118801271303357684481221617122854380355325042e-1
bratu,20,251,6.275e-1,3.070573157135041417886019212834900312086437299402755162707575652311398890608186485224972596327022806e-1,3.06448700502112130313387770453721151015097643658466049323433928896137907512188467400454468099510567e-1
bratu,20,252,6.3e-1,3.060169307692258543636453007978042868046534111802104529631772275599940517391535883911075742657308536e-1,3.055610080117748162669379824913556731280859260230116032070383048474263675763757275455255748856208314e-1
bratu,20,253,6.325e-1,3.049765458249475669386886803121185424006630924201453896555968898888482144174885282597178888987594267e-1,3.046563482156173800887644079438570547708941678514573449810726320058135871289754395258489910425185756e-1
bratu,20,254,6.35e-1,3.039361608806692795137320598264327979966727736600803263480165522177023770958234681283282035317879998e-1,3.037347364562732167253675042997687126187134826426506798208749306257798467951812698138184157354124539e-1
bratu,20,255,6.375e-1,3.028957759363909920887754393407470535926824549000152630404362145465565397741584079969385181648165729e-1,3.027961883496078056068126920505246617654297642487639488412236185601508155674551155758575939884905306e-1
bratu,20,256,6.4e-1,3.01855390992112704663818818855061309188692136139950199732855876875410702452493347865548832797845146e-1,3.018407197836736019388160335331356138265338037072123307484293713742303675169261733541172973982775069e-1
bratu,20,257,6.425e-1,3.008150060478344172388621983693755647847018173798851364252755392042648651308282877341591474308737191e-1,3.008683469176482131358409750217887385584762001238339414706621493046805744496838185148110324082846758e-1
bratu,20,258,6.45e-1,2.997746211035561298139055778836898203807114986198200731176952015331190278091632276027694620639022921e-1,2.998790861807560090434165503112491259477745726042850988259431802249369585737420613072635311774932906e-1
bratu,20,259,6.475e-1,2.987342361592778423889489573980040759767211798597550098101148638619731904874981674713797766969308652e-1,2.988729542711733166158018575346455916034062046234205533944314704239164445836991079812386458563981431e-1
bratu,20,260,6.5e-1,2.976938512149995549639923369123183315727308610996899465025345261908273531658331073399900913299594383e-1,2.978499681549173516974816398336882214883005508094131589041883344898413711048012980292969246523248097e-1
bratu,20,261,6.525e-1,2.966534662707212675390357164266325871687405423396248831949541885196815158441680472086004059629880114e-1,2.968101450647190425034120896416961161508100081239941987443048217109782850058842269359023605094087333e-1
bratu,20,262,6.55e-1,2.956130813264429801140790959409468427647502235795598198873738508485356785225029870772107205960165845e-1,2.9575350249887990130308590850715230918245479111627821521063670482136341918977280255421700346188918e-1
bratu,20,263,6.575e-1,2.945726963821646926891224754552610983607599048194947565797935131773898412008379269458210352290451576e-1,2.946800582201131026870053119301776448106538425632961225196768596084812698579113979546073080870811035e-1
bratu,20,264,6.6e-1,2.935323114378864052641658549695753539567695860594296932722131755062440038791728668144313498620737306e-1,2.935898302543689286307080390389449935908551122120412451627028493468112007268825571916778685710416983e-1
bratu,20,265,6.625e-1,2.924919264936081178392092344838896095527792672993646299646328378350981665575078066830416644951023037e-1,2.92482836889644742370764391847407386752364400506442215082142561951230478356274169585269577422554019e-1
bratu,20,266,6.65e-1,2.914515415493298304142526139982038651487889485392995666570525001639523292358427465516519791281308768e-1,2.913590966747796548688457473601117530430313206471349444796030180000721090933560666160594801986044763e-1
bratu,20,267,6.675e-1,2.904111566050515429892959935125181207447986297792345033494721624928064919141776864202622937611594499e-1,2.902186284182340493637627510049027063742050489068263580260146426356679660947416828878839181300664557e-1
bratu,20,268,6.7e-1,2.89370771660773255564339373026832376340808311019169440041891824821660654592512626288872608394188023e-1,2.890614511868541311970034893705579134803858116718618272593499670041566780482807823159945973576039781e-1
bratu,20,269,6.725e-1,2.883303867164949681393827525411466319368179922591043767343114871505148172708475661574829230272165961e-1,2.878875843046216717445004603417274379759118125272038460930178599935923428581642393772218414008102394e-1
bratu,20,270,6.75e-1,2.872900017722166807144261320554608875328276734990393134267311494793689799491825060260932376602451691e-1,2.866970473513891168958653825496495833049531632036924675679333620732718811021809420963349995893321163e-1
bratu,20,271,6.775e-1,2.862496168279383932894695115697751431288373547389742501191508118082231426275174458947035522932737422e-1,2.854898601616002320919112852303958261125270198729224352782504032957316976219336083725133472747353694e-1
bratu,20,272,6.8e-1,2.852092318836601058645128910840893987248470359789091868115704741370773053058523857633138669263023153e-1,2.842660428229964574617035898786065666665793974389151099993116503992571080811081216597039052160752437e-1
bratu,20,273,6.825e-1,2.841688469393818184395562705984036543208567172188441235039901364659314679841873256319241815593308884e-1,2.830256156753091480914309758401090607442844287293730837472230806033867108046131769444042030853688156e-1
bratu,20,274,6.85e-1,2.831284619951035310145996501127179099168663984587790601964097987947856306625222655005344961923594615e-1,2.817685993089378759088609093727770979339454690718202406440989414700293833899326019832836246242335912e-1
bratu,20,275,6.875e-1,2.819661548163486945289280423485369029360612774159503672171360695880261106559237034466506088675373114e-1,2.804950145636149710788552698859758898191762591284135825467805121865864457500785868650436086185518705e-1
bratu,20,276,6.9e-1,2.804546315647942506798167857380231359676422264607436447220022668346969543192288640780874452459499506e-1,2.792048825270564821771932532783596915842514860855915223174947956943376519448988804880302208706885287e-1
bratu,20,277,6.925e-1,2.789431083132398068307055291275093689992231755055369222268684640813677979825340247095242816243625897e-1,2.77898224533599735741619655865066749874450991365166633758740814751260039681482001262920079013973254e-1
bratu,20,278,6.95e-1,2.774315850616853629815942725169956020308041245503301997317346613280386416458391853409611180027752289e-1,2.765750621628276770904579777793144863961317778265620063048491574108375826244935154322467868444062328e-1
bratu,20,279,6.975e-1,2.759200618101309191324830159064818350623850735951234772366008585747094853091443459723979543811878681e-1,2.752354172381801755501639986067075674578204304991484201758684047736428199278958063345475833198985582e-1
bratu,20,280,7.0e-1,2.744085385585764752833717592959680680939660226399167547414670558213803289724495066038347907596005073e-1,2.738793118255524784437242463732067721804083526719647621338568149027356587025450076659914819056647574e-1
bratu,20,281,7.025e-1,2.728970153070220314342605026854543011255469716847100322463332530680511726357546672352716271380131465e-1,2.725067682318809993617159605208404825763908010640688684665088340208579333015090175087868283659295273e-1
bratu,20,282,7.05e-1,2.713854920554675875851492460749405341571279207295033097511994503147220162990598278667084635164257856e-1,2.711178090037166273670447429742702632736035974911014657150055675573342137425435285847726812979277342e-1
bratu,20,283,7.075e-1,2.698739688039131437360379894644267671887088697742965872560656475613928599623649884981452998948384248e-1,2.697124569257857448727802075219538915567332468895242554715115151980582086164711215569649826322184347e-1
bratu,20,284,7.1e-1,2.68362445552358699886926732853913000220289818819089864760931844808063703625670149129582136273251064e-1,2.682907350195391429800487451541428881828000456081559601267977446900829416142288873570288902448092705e-1
bratu,20,285,7.125e-1,2.668509223008042560378154762433992332518707678638831422657980420547345472889753097610189726516637032e-1,2.668526665416890240695591987517167366969682624373143932288468071445922495415431181501192913641240777e-1
bratu,20,286,7.15e-1,2.653393990492498121887042196328854662834517169086764197706642393014053909522804703924558090300763423e-1,2.653982749827342824059879129136247591125659587466670736319872736580323345562178043044883249816973288e-1
bratu,20,287,7.175e-1,2.638278757976953683395929630223716993150326659534696972755304365480762346155856310238926454084889815e-1,2.639275840654742544391033107284570917653630951549046242503536112196092154208070548288352099591869626e-1
bratu,20,288,7.2e-1,2.623163525461409244904817064118579323466136149982629747803966337947470782788907916553294817869016207e-1,2.624406177435111313691486865813507446062634139884941632343949460273206710921772361790813799109763042e-1
bratu,20,289,7.225e-1,2.608048292945864806413704498013441653781945640430562522852628310414179219421959522867663181653142599e-1,2.609374001997412273866198776003721594582177393801547676851190320859453734172264065822983055106013991e-1
bratu,20,290,7.25e-1,2.592933060430320367922591931908303984097755130878495297901290282880887656055011129182031545437268991e-1,2.594179558448352977981791397580178236251889388087472575466883945141788355534933649683496316229483411e-1
bratu,20,291,7.275e-1,2.577817827914775929431479365803166314413564621326428072949952255347596092688062735496399909221395382e-1,2.578823093157081020110577465579502227843241689122545212855842204009931332258903414752274271854883372e-1
bratu,20,292,7.3e-1,2.562702595399231490940366799698028644729374111774360847998614227814304529321114341810768273005521774e-1,2.563304854739774070679498833214018547624500695329358274366905044000576627032019146741500690654530404e-1
bratu,20,293,7.325e-1,2.547587362883687052449254233592890975045183602222293623047276200281012965954165948125136636789648166e-1,2.547625094044126281031340651950343190063142049723735255405029212275521815932885664737602881628162469e-1
bratu,20,294,7.35e-1,2.532472130368142613958141667487753305360993092670226398095938172747721402587217554439505000573774558e-1,2.53178406413373302728432602379040882437864369412295691606613805269274269696288799606445874852255073e-1
bratu,20,295,7.375e-1,2.517356897852598175467029101382615635676802583118159173144600145214429839220269160753873364357900949e-1,2.515782020272375969547038117421921167338851826490763233487804883252726343103294829104189750105927924e-1
bratu,20,296,7.4e-1,2.502241665337053736975916535277477965992612073566091948193262117681138275853320767068241728142027341e-1,2.4996192199082104081093706139388448091933031650089716449269465570878366943334485503958817338425872e-1
bratu,20,297,7.425e-1,2.487126432821509298484803969172340296308421564014024723241924090147846712486372373382610091926153733e-1,2.483295922657856923387806438012204678008106537580468766811058992622360770829814659983995762685487444e-1
bratu,20,298,7.45e-1,2.472011200305964859993691403067202626624231054461957498290586062614555149119423979696978455710280125e-1,2.466812390290399291155820744569669356027350335446854867607712345733869595565579118910148032280113249e-1
bratu,20,299,7.475e-1,2.456895967790420421502578836962064956940040544909890273339248035081263585752475586011346819494406517e-1,2.450168886711290668938766166441659312799565350812630309862560588354835299282066232078889279882136071e-1
bratu,20,300,7.5e-1,2.441780735274875983011466270856927287255850035357823048387910007547972022385527192325715183278532908e-1,2.433365677946170053398511608561374889062111708896558945320907947045738465545036484099146541229776955e-1
bratu,20,301,7.525e-1,2.4266655027593315445203537047517896175716595258057558234365719800146804590185787986400835470626593e-1,2.416403032124591012077770443515851003216717944927485732167201858247840988937018468497200098511229296e-1
bratu,20,302,7.55e-1,2.411550270243787106029241138646651947887469016253688598485233952481388895651630404954451910846785692e-1,2.399281219463664696018983339963089806759270454859819925593022980803494756355869620806358923866339614e-1
bratu,20,303,7.575e-1,2.392972440463980733397106100245214160259240849841439308985548930294261374691791728715258881862291625e-1,2.382000512251619142519440745148689557065277243221208955628178365371046214759563884137270749356383592e-1
bratu,20,304,7.6e-1,2.373668242428654751402271461121324824592883534429199355905244355135793824308900511277089905837504417e-1,2.364561184831276879634776511841587011724786875024719055383426675947152863129290508389254226169253097e-1
bratu,20,305,7.625e-1,2.354364044393328769407436821997435488926526219016959402824939779977326273926009293838920929812717208e-1,2.346963513583452845998882771434457970474791966321265742504419584212256531002602227549562347069388276e-1
bratu,20,306,7.65e-1,2.33505984635800278741260218287354615326016890360471944974463520481885872354311807640075195378793e-1,2.329207776910274641091640067049369391655915907017736759666553403469257395499352462258027845007665637e-1
bratu,20,307,7.675e-1,2.315755648322676805417767543749656817593811588192479496664330629660391173160226858962582977763142791e-1,2.311294255218427122258685289835111411403747520160383776344559152266853439796129150919713125559419305e-1
bratu,20,308,7.7e-1,2.296451450287350823422932904625767481927454272780239543584026054501923622777335641524414001738355582e-1,2.293223230902323365571917011239189079586893443121154920838102009445871241179146337232502110255170327e-1
bratu,20,309,7.725e-1,2.277147252252024841428098265501878146261096957367999590503721479343456072394444424086245025713568374e-1,2.274994988327204008017830257880100663239698388938580625944304747541731432757505569074460844629242348e-1
bratu,20,310,7.75e-1,2.257843054216698859433263626377988810594739641955759637423416904184988522011553206648076049688781165e-1,2.256609813812166988515448860863034470293113859791207260556175982503589331946356569655943862076649641e-1
bratu,20,311,7.775e-1,2.238538856181372877438428987254099474928382326543519684343112329026520971628661989209907073663993957e-1,2.238067995613129704899051129093558406976264274899923294403738396832333904978439967422358556475586701e-1
bratu,20,312,7.8e-1,2.219234658146046895443594348130210139262025011131279731262807753868053421245770771771738097639206748e-1,2.21936982390572560325562962220059781292020733611973586214185282921706564306609186648216978935632184e-1
bratu,20,313,7.825e-1,2.19993046011072091344875970900632080359566769571903977818250317870958587086287955433356912161441954e-1,2.200515590768137214885750355465439118908137076000498239243264244672701274314136205217962973943335928e-1
bratu,20,314,7.85e-1,2.180626262075394931453925069882431467929310380306799825102198603551118320479988336895400145589632331e-1,2.18150559016386765466193746961976515785156346103161581574661842505262687920640010759627746483825666e-1
bratu,20,315,7.875e-1,2.161322064040068949459090430758542132262953064894559872021894028392650770097097119457231169564845123e-1,2.162340117924452592693755563500782931553742884084306495701468308470761567919450775490081530872940951e-1
bratu,20,316,7.9e-1,2.142017866004742967464255791634652796596595749482319918941589453234183219714205902019062193540057914e-1,2.143019471732114708976333738405048916828209535992484898461162667484850186493254134602674504594726669e-1
bratu,20,317,7.925e-1,2.122713667969416985469421152510763460930238434070079965861284878075715669331314684580893217515270706e-1,2.123543951102362638102202228592017043260952725455955757490477619108942938843814795899878963298459163e-1
bratu,20,318,7.95e-1,2.103409469934091003474586513386874125263881118657840012780980302917248118948423467142724241490483497e-1,2.103913857366536408158110794598465039765477577915167430810584988763673945550754734057768296139610309e-1
bratu,20,319,7.975e-1,2.084105271898765021479751874262984789597523803245600059700675727758780568565532249704555265465696288e-1,2.084129493654301374612169672546978335683471733819252683788417208262178566407846199491015342026339965e-1
bratu,20,320,8.0e-1,2.06480107386343903948491723513909545393116648783336010662037115260031301818264103226638628944090908e-1,2.064191164876092646325484079477148378171552134678193383050848739312013483311508987539549125063129674e-1
bratu,20,321,8.025e-1,2.045496875828113057490082596015206118264809172421120153540066577441845467799749814828217313416121871e-1,2.04409917770551199679980886922401019647123677474817337024628810695002518699907143047359262858528341e-1
bratu,20,322,8.05e-1,2.026192677792787075495247956891316782598451857008880200459762002283377917416858597390048337391334663e-1,2.023853840561679249402077298947604699849266092293705446327961486480770375700951646129527056012503437e-1
bratu,20,323,8.075e-1,2.006888479757461093500413317767427446932094541596640247379457427124910367033967379951879361366547454e-1,2.003455463591540120591481020379261248701364044568069082876034839097923847016262361253289125797826231e-1
bratu,20,324,8.1e-1,1.987584281722135111505578678643538111265737226184400294299152851966442816651076162513710385341760246e-1,1.982904358652132500118697035277607091906439321846608438576808998446916183288010878351892222280859373e-1
bratu,20,325,8.125e-1,1.968280083686809129510744039519648775599379910772160341218848276807975266268184945075541409316973037e-1,1.962200839292813141773544817613069468358646004589151380411435622344760183890776090106999298448301893e-1
bratu,20,326,8.15e-1,1.948975885651483147515909400395759439933022595359920388138543701649507715885293727637372433292185829e-1,1.941345220737446732530558158599215512377124694076725145183457308180811647876897996226480323981472126e-1
bratu,20,327,8.175e-1,1.92967168761615716552107476127187010426666527994768043505823912649104016550240251019920345726739862e-1,1.920337819866559301885486266180881841721725360882631581818271271697799224283323405912320455997589169e-1
bratu,20,328,8.2e-1,1.907540087913998667315973244650576882987155650797104242310886154647798781753406694668554012356238236e-1,1.899178955199457926793479638011787213639103565591264731207426717779503619209186539432622900457125081e-1
bratu,20,329,8.225e-1,1.884653562308486439176478861356390855928770598473535475069273170570414525095527701202397784939751621e-1,1.87786894687631868091561624548996979604377580886142397394744529467014331105513928442116809769348257e-1
bratu,20,330,8.25e-1,1.861767036702974211036984478062204828870385546149966707827660186493030268437648707736241557523265005e-1,1.856408116640244769858494226015828981423587659097546780160153466181103946755630323929984248459048774e-1
bratu,20,331,8.275e-1,1.838880511097461982897490094768018801812000493826397940586047202415646011779769714270085330106778389e-1,1.834796787819296786755931735984008028440007675652640201431158433606280812282869992493355604112367324e-1
bratu,20,332,8.3e-1,1.815993985491949754757995711473832774753615441502829173344434218338261755121890720803929102690291774e-1,1.813035285308497014896505515015837202211336996423710729962153485445867110045123096649445387999951637e-1
bratu,20,333,8.325e-1,1.793107459886437526618501328179646747695230389179260406102821234260877498464011727337772875273805158e-1,1.791123935551809696149917133786048750374219626086798889949149104038293484372663969957344092132123025e-1
bratu,20,334,8.35e-1,1.770220934280925298479006944885460720636845336855691638861208250183493241806132733871616647857318543e-1,1.769063066524099175693245296842882352542394978078454021338793697149785011796749329499533037766851007e-1
bratu,20,335,8.375e-1,1.747334408675413070339512561591274693578460284532122871619595266106108985148253740405460420440831927e-1,1.74685300771306782498932270825538904081265394936527806404457726571666242571327869739469730294963146e-1
bratu,20,336,8.4e-1,1.724447883069900842200018178297088666520075232208554104377982282028724728490374746939304193024345312e-1,1.724494090101175636128116881438637687211551582467074832180769458760519931940341094464891871880493004e-1
bratu,20,337,8.425e-1,1.701561357464388614060523795002902639461690179884985337136369297951340471832495753473147965607858696e-1,1.701986646147543371512495056006319374896567558765167725480252118884763149326191274166864603568524471e-1
bratu,20,338,8.45e-1,1.67867483185887638592102941170871661240330512756141656989475631387395621517461676000699173819137208e-1,1.679331009769841143456560347914187821179025574356397643640261314760754541692876554568968035307865371e-1
bratu,20,339,8.475e-1,1.655788306253364157781535028414530585344920075237847802653143329796571958516737766540835510774885465e-1,1.656527516326164288572350714464959784058692099564666353689797111339479468188180405443288548695212071e-1
bratu,20,340,8.5e-1,1.632901780647851929642040645120344558286535022914279035411530345719187701858858773074679283358398849e-1,1.633576502596898391853628544213053220906839530341823768306046977788467853852630433795091424379395384e-1
bratu,20,341,8.525e-1,1.610015255042339701502546261826158531228149970590710268169917361641803445200979779608523055941912234e-1,1.610478306766575305128331874504385705308740790943042008003262004956555340539230781413967977174214802e-1
bratu,20,342,8.55e-1,1.587128729436827473363051878531972504169764918267141500928304377564419188543100786142366828525425618e-1,1.587233268405721994048622439981308396219533250465826467211137338454074323163253914549027445075874542e-1
bratu,20,343,8.575e-1,1.564242203831315245223557495237786477111379865943572733686691393487034931885221792676210601108939002e-1,1.563841728452704037024001808235749863023715040914941952194227176121194927188979746561940381396268682e-1
bratu,20,344,8.6e-1,1.541355678225803017084063111943600450052994813620003966445078409409650675227342799210054373692452387e-1,1.540304029195565588483360363327243648145806420068646309340918171967361230387325614989109373747201328e-1
bratu,20,345,8.625e-1,1.518469152620290788944568728649414422994609761296435199203465425332266418569463805743898146275965771e-1,1.51662051425386760758079317020525905791231161223898278621324939797448611167935167678549959263052406e-1
bratu,20,346,8.65e-1,1.495582627014778560805074345355228395936224708972866431961852441254882161911584812277741918859479156e-1,1.492791528560526141942310795813972992864900969195177779671639340753204800497002044524224265313349838e-1
bratu,20,347,8.675e-1,1.47269610140926633266557996206104236887783965664929766472023945717749790525370581881158569144299254e-1,1.468817418343652444290969643936655037275982975310827850908801419688243010994535918609237626677471133e-1
bratu,20,348,8.7e-1,1.449809575803754104526085578766856341819454604325728897478626473100113648595826825345429464026505925e-1,1.444698531108396687791249603325444938880104901395197394715856890727043958110012022856035276237650874e-1
bratu,20,349,8.725e-1,1.426923050198241876386591195472670314761069552002160130237013489022729391937947831879273236610019309e-1,1.420435215618797033724545789593418644339104012184322001846619867098188033459813527986500655206839055e-1
bratu,20,350,8.75e-1,1.401881666613284002082979617595905593481527624796465614986073772417112310247125068690802944139470861e-1,1.396027821879635792651267524391161444472120322000293498438685941859632165179772195200178530103318225e-1
bratu,20,351,8.775e-1,1.376057841350557701394262656427866162533510719291413041470863620172401566392811883846480399527190187e-1,1.371476701118304407536123775257743639392290415742623883897262644618294810720568073331636705063031149e-1
bratu,20,352,8.8e-1,1.350234016087831400705545695259826731585493813786360467955653467927690822538498699002157854914909513e-1,1.346782205766678974416611140138301013852544813065000835068079416914891509525105068491699197747029534e-1
bratu,20,353,8.825e-1,1.324410190825105100016828734091787300637476908281307894440443315682980078684185514157835310302628839e-1,1.321944689443008003085415947579500708559923739549886411071379345464290811653970652793479237119996148e-1
bratu,20,354,8.85e-1,1.298586365562378799328111772923747869689460002776255320925233163438269334829872329313512765690348165e-1,1.29696450693381410694031885227436997010015427565505804244526659927247856450642338446651349625894988e-1
bratu,20,355,8.875e-1,1.272762540299652498639394811755708438741443097271202747410023011193558590975559144469190221078067491e-1,1.271842014175811297635184064463479932348016613359895374171246881843450855170761099115034939408105006e-1
bratu,20,356,8.9e-1,1.246938715036926197950677850587669007793426191766150173894812858948847847121245959624867676465786817e-1,1.246577568237839546447672723085938517343072565108670478169813002503933217686228188033150525112607236e-1
bratu,20,357,8.925e-1,1.221114889774199897261960889419629576845409286261097600379602706704137103266932774780545131853506143e-1,1.221171527302818260368396720771940006643660257008450073562535046638677578093978870825600278874386019e-1
bratu,20,358,8.95e-1,1.195291064511473596573243928251590145897392380756045026864392554459426359412619589936222587241225469e-1,1.195624250649720306817288616208742657807069588942328322049775978562424052514121862979420362865332689e-1
bratu,20,359,8.975e-1,1.169467239248747295884526967083550714949375475250992453349182402214715615558306405091900042628944795e-1,1.169936098635568206610973671923979384822022487251871172565630471577317123623369270108898262416044803e-1
bratu,20,360,9.0e-1,1.143643413986020995195810005915511284001358569745939879833972249970004871703993220247577498016664121e-1,1.144107432677454100344863697208560516442812140600679538147164974283533528364632042718765695915887738e-1
bratu,20,361,9.025e-1,1.117819588723294694507093044747471853053341664240887306318762097725294127849680035403254953404383447e-1,1.118138615234585078720523234267508216427998038953175508198994223014768485838865001665545330839666289e-1
bratu,20,362,9.05e-1,1.091995763460568393818376083579432422105324758735834732803551945480583383995366850558932408792102773e-1,1.092030009790355452547560707794294681975131095585287579260089978609703970575601277484849958491158059e-1
bratu,20,363,9.075e-1,1.066171938197842093129659122411392991157307853230782159288341793235872640141053665714609864179822099e-1,1.065781980834447523184842738268108892541799914224209869096041464610611891472554246725893691471850147e-1
bratu,20,364,9.1e-1,1.040348112935115792440942161243353560209290947725729585773131640991161896286740480870287319567541425e-1,1.039394893844962399063187698667722166076372757251484585958861118245385544410837832063018486479928896e-1
bratu,20,365,9.125e-1,1.014524287672389491752225200075314129261274042220677012257921488746451152432427296025964774955260751e-1,1.012869115270582388655828383894591224805075990649937829784752955548567674291643253316556166654019947e-1
bratu,20,366,9.15e-1,9.887004624096631910635082389072746983132571367156244387427113365017404085781141111816422303429800773e-2,9.862050125127664848388000884228644053714375216398483836100112734524421732914521723740080625135863164e-2
bratu,20,367,9.175e-1,9.628766371469368903747912777392352673652402312105718652275011842570296647238009263373196857306994033e-2,9.594029539079804400159576222006347586517217307313587571147370350013741262798314432516229317749651611e-2
bratu,20,368,9.2e-1,9.366488298582073460346019694294578651037657294610344834854289652676062155364772748002756366058627689e-2,9.324633087099629156774908085880030055293372706942166928902316880609686286100663509785955867511460263e-2
bratu,20,369,9.225e-1,9.085375236511110315924515069913520579864570542690638512121497428546159338292844412798893826232691716e-2,9.05386447072029174221518950355637684266022046451894985271830101127249144561303654014084666561004388e-2
bratu,20,370,9.25e-1,8.804262174440147171503010445532462508691483790770932189388705204416256521220916077595031286406755742e-2,8.781727400294137649005133522074185102356858639934247401821529307805403035474471992791092993878072771e-2
bratu,20,371,9.275e-1,8.523149112369184027081505821151404437518397038851225866655912980286353704148987742391168746580819768e-2,8.50822559481653639662820995183789172902748846305534073117845848188065233830145571936272967875134451e-2
bratu,20,372,9.3e-1,8.242036050298220882660001196770346366345310286931519543923120756156450887077059407187306206754883796e-2,8.23336278175013118449323082649983236876194520741225292953948183756433481942999968567042291076919462e-2
bratu,20,373,9.325e-1,7.960922988227257738238496572389288295172223535011813221190328532026548070005131071983443666928947822e-2,7.957142696849521071811225839566709296672834661756357108822690922416395219225428854851553523146752031e-2
bratu,20,374,9.35e-1,7.679809926156294593816991948008230223999136783092106898457536307896645252933202736779581127103011848e-2,7.679569083986389552409587162632360929582331784434808724984219128129022066665631554042679543415887666e-2
bratu,20,375,9.375e-1,7.398696864085331449395487323627172152826050031172400575724744083766742435861274401575718587277075875e-2,7.400645694975093227136161519997156468241016295496574909438807148585780307676600000477933050148946331e-2
bratu,20,376,9.4e-1,7.117583802014368304973982699246114081652963279252694252991951859636839618789346066371856047451139901e-2,7.120376289398724110137328070343492565063718483735337470204980571500212847421179102277609350883440912e-2
bratu,20,377,9.425e-1,6.836470739943405160552478074865056010479876527332987930259159635506936801717417731167993507625203928e-2,6.83876463443565893797888697188268854399052817979912056427461096012143965333519530054537484853232797e-2
bratu,20,378,9.45e-1,6.555357677872442016130973450483997939306789775413281607526367411377033984645489395964130967799267954e-2,6.5558145046866086823643067025268407743223382844983453454116620534110313077337880573253649719143281e-2
bratu,20,379,9.475e-1,6.274244615801478871709468826102939868133703023493575284793575187247131167573561060760268427973331981e-2,6.271529682002181298138783764715691609699729640580022575588172824092829491925609102764740203995592498e-2
bratu,20,380,9.5e-1,5.993131553730515727287964201721881796960616271573868962060782963117228350501632725556405888147396008e-2,5.985913955310970568396622879906899513851802742340701464377868159651394827871700506333570653543515541e-2
bratu,20,381,9.525e-1,5.712018491659552582866459577340823725787529519654162639327990738987325533429704390352543348321460034e-2,5.698971120448183737880323863421193196522400173023218677575670717073210548865442378230787575016358803e-2
bratu,20,382,9.55e-1,5.43090542958858943844495495295976565461444276773445631659519851485742271635777605514868080849552406e-2,5.410704979984820454518833268961252124660745699154705301201042475302442262666336383494205474613508714e-2
bratu,20,383,9.575e-1,5.140653984388673804929989116529620811243368489533324571699885080642270017437937621576841331165739539e-2,5.121119343057415366945737982124011800798439737823127326623484699683012312738386416129576326481332326e-2
bratu,20,384,9.6e-1,4.843019233568659528667536071266265684192509901468782849598106464253509160562240771257310418571108381e-2,4.830218025198356553211468740908840244791228454245136734430341766385331943941905709413151582277607447e-2
bratu,20,385,9.625e-1,4.545384482748645252405083026002910557141651313404241127496327847864748303686543920937779505976477224e-2,4.538004848166791782702227986384594020418799451297106446813620477647145540571125832573628116898517259e-2
bratu,20,386,9.65e-1,4.247749731928630976142629980739555430090792725339699405394549231475987446810847070618248593381846065e-2,4.244483639780134439547390378114959960865129287618171561349224754656632439212728047047555185062034242e-2
bratu,20,387,9.675e-1,3.950114981108616699880176935476200303039934137275157683292770615087226589935150220298717680787214907e-2,3.949658233746180761581214451068878863289463134552139831138334582570724875309610680031704004573747088e-2
bratu,20,388,9.7e-1,3.652480230288602423617723890212845175989075549210615961190991998698465733059453369979186768192583749e-2,3.653532469495849874268144937312721082589615165358393824803713767036070624988150336389976528390852061e-2
bratu,20,389,9.725e-1,3.354845479468588147355270844949490048938216961146074239089213382309704876183756519659655855597952591e-2,3.356110192016557923947687377520173377443506643192435688965480438899197938007710441658551325552744975e-2
bratu,20,390,9.75e-1,3.057210728648573871092817799686134921887358373081532516987434765920944019308059669340124943003321433e-2,3.057395251686237439348315183136330625027663722001144313456758193275104652664997572730366507091809183e-2
bratu,20,391,9.775e-1,2.759575977828559594830364754422779794836499785016990794885656149532183162432362819020594030408690276e-2,2.757391504108012874603234962138707279788892801292047937612797115775213257397198188114511439825912916e-2
bratu,20,392,9.8e-1,2.461941227008545318567911709159424667785641196952449072783877533143422305556665968701063117814059118e-2,2.456102809945543111016785054801048305047282357193679747852962841778927658198691101981578057977658576e-2
bratu,20,393,9.825e-1,2.162172446723611165264207342989808233739669262153020561052211331813895753589466237621496394774342157e-2,2.153533034759041518621047572356153943431805920465826618327824008908728700750729978054788711621357204e-2
bratu,20,394,9.85e-1,1.854158909368976001379426048971846080940508774851889921057033948315604491305737475662759739557919876e-2,1.849686048841984002169755877348461764702645689663386271525340821695577017178752385514111861606152776e-2
bratu,20,395,9.875e-1,1.546145372014340837494644754953883928141348287550759281061856564817313229022008713704023084341497595e-2,1.5445657270585152796821761229602311397123736144782037850425636894393704364420521937868824995732596e-2
bratu,20,396,9.9e-1,1.238131834659705673609863460935921775342187800249628641066679181319021966738279951745286429125075314e-2,1.238175948681563465014282155411398702522197115022906185272019766905127910133776663518662014156929235e-2
bratu,20,397,9.925e-1,9.301182973050705097250821669179596225430273129484980010715017978207307044545511897865497739086530335e-3,9.305205972316728492387188956575541074240086413939040843869646803247054254437660255971963555212592372e-3
bratu,20,398,9.95e-1,6.221047599504353458403008728999974697438668256473673610763244143224394421708224278278131186922307525e-3,6.216035603165645988987857132905743758438648948076738472582266436861272450162135745780250912207176603e-3
bratu,20,399,9.975e-1,3.124359873068935361784875399133562719178897869126243319885830763235401064794077599451570829254246829e-3,3.114287294714349125045205906625893906647230651226174078172561975173562957753037335688002711052736977e-3
bratu,20,400,1.0,0.0,0.0
bratu,30,0,0.0,0.0,0.0
bratu,30,1,2.5e-3,3.114706399708030651997509645006634203843008325513519929479926192783208113442693667870133584785190862e-3,3.114287294714349125045205906625893906647230651226174078172561975173562957753037335688002711052736977e-3
bratu,30,2,5.0e-3,6.217012108523956333288740123735355302629578478487051424284626944685109252373505112262119301256882492e-3,6.216035603165645988987857132905743758438648948076738472582266436861272450162135745780250912207176603e-3
bratu,30,3,7.5e-3,9.319317817339882014579970602464076401416148631460582919089327696587010391304316556654105017728574121e-3,9.305205972316728492387188956575541074240086413939040843869646803247054254437660255971963555212592372e-3
bratu,30,4,1.0e-2,1.238740951503332609132596446637635936268703071717126375916034750929472355002840494143736590768327857e-2,1.238175948681563465014282155411398702522197115022906185272019766905127910133776663518662014156929235e-2
bratu,30,5,1.25e-2,1.544307828104066727572527098369745647734471591451752530101876465477962830523103423302055779152599238e-2,1.5445657270585152796821761229602311397123736144782037850425636894393704364420521937868824995732596e-2
bratu,30,6,1.5e-2,1.849874704704800846012457750101855359200240111186378684287718180026453306043366352460374967536870619e-2,1.849686048841984002169755877348461764702645689663386271525340821695577017178752385514111861606152776e-2
bratu,30,7,1.75e-2,2.155441581305534964452388401833965070666008630921004838473559894574943781563629281618694155921142e-2,2.153533034759041518621047572356153943431805920465826618327824008908728700750729978054788711621357204e-2
bratu,30,8,2.0e-2,2.460976205441932583164575359295599291675408844752893106958169535172270789720657871521908422639485272e-2,2.456102809945543111016785054801048305047282357193679747852962841778927658198691101981578057977658576e-2
bratu,30,9,2.25e-2,2.759167707909282148345239029528192254592331158771600591577351627600164828965677242022326263114803689e-2,2.757391504108012874603234962138707279788892801292047937612797115775213257397198188114511439825912913e-2
bratu,30,10,2.5e-2,3.057359210376631713525902699760785217509253472790308076196533720028058868210696612522744103590122106e-2,3.057395251686237439348315183136330625027663722001144313456758193275104652664997572730366507091809186e-2
bratu,30,11,2.75e-2,3.355550712843981278706566369993378180426175786809015560815715812455952907455715983023161944065440523e-2,3.356110192016557923947687377520173377443506643192435688965480438899197938007710441658551325552744975e-2
bratu,30,12,3.0e-2,3.65374221531133084388723004022597114334309810082772304543489790488384694670073535352357978454075894e-2,3.653532469495849874268144937312721082589615165358393824803713767036070624988150336389976528390852061e-2
bratu,30,13,3.25e-2,3.951933717778680409067893710458564106260020414846430530054079997311740985945754724023997625016077357e-2,3.949658233746180761581214451068878863289463134552139831138334582570724875309610680031704004573747088e-2
bratu,30,14,3.5e-2,4.250125220246029974248557380691157069176942728865138014673262089739635025190774094524415465491395774e-2,4.244483639780134439547390378114959960865129287618171561349224754656632439212728047047555185062034242e-2
bratu,30,15,3.75e-2,4.545882090453382758245935487789986334643763209969343525643636735251715559372414941369804751778941487e-2,4.538004848166791782702227986384594020418799451297106446813620477647145540571125832573628116898517259e-2
bratu,30,16,4.0e-2,4.833929692768931596900891636502636597989049452706638970278988938227260017254788031854837422461903331e-2,4.830218025198356553211468740908840244791228454245136734430341766385331943941905709413151582277607447e-2
bratu,30,17,4.25e-2,5.121977295084480435555847785215286861334335695443934414914341141202804475137161122339870093144865175e-2,5.121119343057415366945737982124011800798439737823127326623484699683012312738386416129576326481332326e-2
bratu,30,18,4.5e-2,5.410024897400029274210803933927937124679621938181229859549693344178348933019534212824902763827827019e-2,5.410704979984820454518833268961252124660745699154705301201042475302442262666336383494205474613508714e-2
bratu,30,19,4.75e-2,5.698072499715578112865760082640587388024908180918525304185045547153893390901907303309935434510788863e-2,5.698971120448183737880323863421193196522400173023218677575670717073210548865442378230787575016358803e-2
bratu,30,20,5.0e-2,5.986120102031126951520716231353237651370194423655820748820397750129437848784280393794968105193750707e-2,5.985913955310970568396622879906899513851802742340701464377868159651394827871700506333570653543515541e-2
bratu,30,21,5.25e-2,6.274167704346675790175672380065887914715480666393116193455749953104982306666653484280000775876712551e-2,6.271529682002181298138783764715691609699729640580022575588172824092829491925609102764740203995592498e-2
bratu,30,22,5.5e-2,6.562215306662224628830628528778538178060766909130411638091102156080526764549026574765033446559674395e-2,6.5558145046866086823643067025268407743223382844983453454116620534110313077337880573253649719143281e-2
bratu,30,23,5.75e-2,6.850262908977773467485584677491188441406053151867707082726454359056071222431399665250066117242636239e-2,6.838764634435658937978886971882688543990528179799120564274610960121439653335195300545374848532327973e-2
bratu,30,24,6.0e-2,7.131664962437937511804623036248124097729506474379537659287954607582823322174517224740762808521349755e-2,7.120376289398724110137328070343492565063718483735337470204980571500212847421179102277609350883440912e-2
bratu,30,25,6.25e-2,7.406735693123706636738901809479177243078166757261984180176711356531844880628872355900840280250334993e-2,7.400645694975093227136161519997156468241016295496574909438807148585780307676600000477933050148946331e-2
bratu,30,26,6.5e-2,7.68180642380947576167318058271023038842682704014443070106546810548086643908322748706091775197932023e-2,7.679569083986389552409587162632360929582331784434808724984219128129022066665631554042679543415887666e-2
bratu,30,27,6.75e-2,7.956877154495244886607459355941283533775487323026877221954224854429887997537582618220995223708305468e-2,7.957142696849521071811225839566709296672834661756357108822690922416395219225428854851553523146752031e-2
bratu,30,28,7.0e-2,8.231947885181014011541738129172336679124147605909323742842981603378909555991937749381072695437290705e-2,8.23336278175013118449323082649983236876194520741225292953948183756433481942999968567042291076919462e-2
bratu,30,29,7.25e-2,8.507018615866783136476016902403389824472807888791770263731738352327931114446292880541150167166275943e-2,8.50822559481653639662820995183789172902748846305534073117845848188065233830145571936272967875134451e-2
bratu,30,30,7.5e-2,8.782089346552552261410295675634442969821468171674216784620495101276952672900648011701227638895261181e-2,8.781727400294137649005133522074185102356858639934247401821529307805403035474471992791092993878072771e-2
bratu,30,31,7.75e-2,9.057160077238321386344574448865496115170128454556663305509251850225974231355003142861305110624246418e-2,9.05386447072029174221518950355637684266022046451894985271830101127249144561303654014084666561004388e-2
bratu,30,32,8.0e-2,9.332230807924090511278853222096549260518788737439109826398008599174995789809358274021382582353231656e-2,9.324633087099629156774908085880030055293372706942166928902316880609686286100663509785955867511460263e-2
bratu,30,33,8.25e-2,9.607301538609859636213131995327602405867449020321556347286765348124017348263713405181460054082216893e-2,9.594029539079804400159576222006347586517217307313587571147370350013741262798314432516229317749651611e-2
bratu,30,34,8.5e-2,9.882372269295628761147410768558655551216109303204002868175522097073038906718068536341537525811202131e-2,9.862050125127664848388000884228644053714375216398483836100112734524421732914521723740080625135863164e-2
bratu,30,35,8.75e-2,1.014295121746372244042643298609055926724721055899475666624172076151536981028357306816615267818426036e-1,1.012869115270582388655828383894591224805075990649937829784752955548567674291643253316556166654019947e-1
bratu,30,36,9.0e-2,1.040215189042116042057552797708068160337851157368577477561083508541987320244749561981095811710967513e-1,1.039394893844962399063187698667722166076372757251484585958861118245385544410837832063018486479928896e-1
bratu,30,37,9.25e-2,1.066135256337859840072462296807080393950981258837679288497994940932437659461141817145576355603508991e-1,1.065781980834447523184842738268108892541799914224209869096041464610611891472554246725893691471850147e-1
bratu,30,38,9.5e-2,1.092055323633603638087371795906092627564111360306781099434906373322887998677534072310056899496050468e-1,1.092030009790355452547560707794294681975131095585287579260089978609703970575601277484849958491158059e-1
bratu,30,39,9.75e-2,1.117975390929347436102281295005104861177241461775882910371817805713338337893926327474537443388591946e-1,1.118138615234585078720523234267508216427998038953175508198994223014768485838865001665545330839666289e-1
bratu,30,40,1.0e-1,1.143895458225091234117190794104117094790371563244984721308729238103788677110318582639017987281133423e-1,1.144107432677454100344863697208560516442812140600679538147164974283533528364632042718765695915887738e-1
bratu,30,41,1.025e-1,1.169815525520835032132100293203129328403501664714086532245640670494239016326710837803498531173674901e-1,1.169936098635568206610973671923979384822022487251871172565630471577317123623369270108898262416044803e-1
bratu,30,42,1.05e-1,1.195735592816578830147009792302141562016631766183188343182552102884689355543103092967979075066216378e-1,1.195624250649720306817288616208742657807069588942328322049775978562424052514121862979420362865332689e-1
bratu,30,43,1.075e-1,1.221655660112322628161919291401153795629761867652290154119463535275139694759495348132459618958757856e-1,1.221171527302818260368396720771940006643660257008450073562535046638677578093978870825600278874386019e-1
bratu,30,44,1.1e-1,1.247575727408066426176828790500166029242891969121391965056374967665590033975887603296940162851299333e-1,1.246577568237839546447672723085938517343072565108670478169813002503933217686228188033150525112607236e-1
bratu,30,45,1.125e-1,1.273495794703810224191738289599178262856022070590493775993286400056040373192279858461420706743840811e-1,1.271842014175811297635184064463479932348016613359895374171246881843450855170761099115034939408105006e-1
bratu,30,46,1.15e-1,1.299415861999554022206647788698190496469152172059595586930197832446490712408672113625901250636382288e-1,1.29696450693381410694031885227436997010015427565505804244526659927247856450642338446651349625894988e-1
bratu,30,47,1.175e-1,1.324291398892803371678434717137450019816030472941091418059078080020072782988233522357918414981900953e-1,1.321944689443008003085415947579500708559923739549886411071379345464290811653970652793479237119996148e-1
bratu,30,48,1.2e-1,1.348331077464229797466498254380367352655101729306203121222316564662575320845239830997732366764209249e-1,1.346782205766678974416611140138301013852544813065000835068079416914891509525105068491699197747029535e-1
bratu,30,49,1.225e-1,1.372370756035656223254561791623284685494172985671314824385555049305077858702246139637546318546517544e-1,1.371476701118304407536123775257743639392290415742623883897262644618294810720568073331636705063031149e-1
bratu,30,50,1.25e-1,1.39641043460708264904262532886620201833324424203642652754879353394758039655925244827736027032882584e-1,1.396027821879635792651267524391161444472120322000293498438685941859632165179772195200178530103318225e-1
bratu,30,51,1.275e-1,1.420450113178509074830688866109119351172315498401538230712032018590082934416258756917174222111134136e-1,1.420435215618797033724545789593418644339104012184322001846619867098188033459813527986500655206839055e-1
bratu,30,52,1.3e-1,1.444489791749935500618752403352036684011386754766649933875270503232585472273265065556988173893442432e-1,1.444698531108396687791249603325444938880104901395197394715856890727043958110012022856035276237650874e-1
bratu,30,53,1.325e-1,1.468529470321361926406815940594954016850458011131761637038508987875088010130271374196802125675750727e-1,1.468817418343652444290969643936655037275982975310827850908801419688243010994535918609237626677471133e-1
bratu,30,54,1.35e-1,1.492569148892788352194879477837871349689529267496873340201747472517590547987277682836616077458059023e-1,1.492791528560526141942310795813972992864900969195177779671639340753204800497002044524224265313349838e-1
bratu,30,55,1.375e-1,1.516608827464214777982943015080788682528600523861985043364985957160093085844283991476430029240367319e-1,1.51662051425386760758079317020525905791231161223898278621324939797448611167935167678549959263052406e-1
bratu,30,56,1.4e-1,1.540648506035641203771006552323706015367671780227096746528224441802595623701290300116243981022675614e-1,1.540304029195565588483360363327243648145806420068646309340918171967361230387325614989109373747201328e-1
bratu,30,57,1.425e-1,1.56468818460706762955907008956662334820674303659220844969146292644509816155829660875605793280498391e-1,1.563841728452704037024001808235749863023715040914941952194227176121194927188979746561940381396268682e-1
bratu,30,58,1.45e-1,1.588727863178494055347133626809540681045814292957320152854701411087600699415302917395871884587292206e-1,1.587233268405721994048622439981308396219533250465826467211137338454074323163253914549027445075874542e-1
bratu,30,59,1.475e-1,1.612767541749920481135197164052458013884885549322431856017939895730103237272309226035685836369600502e-1,1.610478306766575305128331874504385705308740790943042008003262004956555340539230781413967977174214802e-1
bratu,30,60,1.5e-1,1.636807220321346906923260701295375346723956805687543559181178380372605775129315534675499788151908797e-1,1.633576502596898391853628544213053220906839530341823768306046977788467853852630433795091424379395384e-1
bratu,30,61,1.525e-1,1.659607469111547125320857668087269632501787623109419831439917298893803892545910354561800142361500395e-1,1.656527516326164288572350714464959784058692099564666353689797111339479468188180405443288548695212071e-1
bratu,30,62,1.55e-1,1.681473086912659954808852260588480386898158955888260284678460905366458205419178483560445615169762897e-1,1.679331009769841143456560347914187821179025574356397643640261314760754541692876554568968035307865371e-1
bratu,30,63,1.575e-1,1.7033387047137727842968468530896911412945302886671007379170045118391125182924466125590910879780254e-1,1.701986646147543371512495056006319374896567558765167725480252118884763149326191274166864603568524471e-1
bratu,30,64,1.6e-1,1.725204322514885613784841445590901895690901621445941191155548118311766831165714741557736560786287902e-1,1.724494090101175636128116881438637687211551582467074832180769458760519931940341094464891871880493004e-1
bratu,30,65,1.625e-1,1.747069940315998443272836038092112650087272954224781644394091724784421144038982870556382033594550404e-1,1.74685300771306782498932270825538904081265394936527806404457726571666242571327869739469730294963146e-1
bratu,30,66,1.65e-1,1.768935558117111272760830630593323404483644287003622097632635331257075456912250999555027506402812907e-1,1.769063066524099175693245296842882352542394978078454021338793697149785011796749329499533037766851007e-1
bratu,30,67,1.675e-1,1.790801175918224102248825223094534158880015619782462550871178937729729769785519128553672979211075409e-1,1.791123935551809696149917133786048750374219626086798889949149104038293484372663969957344092132123025e-1
bratu,30,68,1.7e-1,1.812666793719336931736819815595744913276386952561303004109722544202384082658787257552318452019337911e-1,1.813035285308497014896505515015837202211336996423710729962153485445867110045123096649445387999951637e-1
bratu,30,69,1.725e-1,1.834532411520449761224814408096955667672758285340143457348266150675038395532055386550963924827600414e-1,1.834796787819296786755931735984008028440007675652640201431158433606280812282869992493355604112367324e-1
bratu,30,70,1.75e-1,1.856398029321562590712809000598166422069129618118983910586809757147692708405323515549609397635862916e-1,1.856408116640244769858494226015828981423587659097546780160153466181103946755630323929984248459048774e-1
bratu,30,71,1.775e-1,1.878263647122675420200803593099377176465500950897824363825353363620347021278591644548254870444125418e-1,1.87786894687631868091561624548996979604377580886142397394744529467014331105513928442116809769348257e-1
bratu,30,72,1.8e-1,1.900129264923788249688798185600587930861872283676664817063896970093001334151859773546900343252387921e-1,1.899178955199457926793479638011787213639103565591264731207426717779503619209186539432622900457125081e-1
bratu,30,73,1.825e-1,1.921994882724901079176792778101798685258243616455505270302440576565655647025127902545545816060650423e-1,1.920337819866559301885486266180881841721725360882631581818271271697799224283323405912320455997589169e-1
bratu,30,74,1.85e-1,1.943860500526013908664787370603009439654614949234345723540984183038309959898396031544191288868912925e-1,1.941345220737446732530558158599215512377124694076725145183457308180811647876897996226480323981472126e-1
bratu,30,75,1.875e-1,1.965726118327126738152781963104220194050986282013186176779527789510964272771664160542836761677175428e-1,1.962200839292813141773544817613069468358646004589151380411435622344760183890776090106999298448301893e-1
bratu,30,76,1.9e-1,1.987332616016354879385531604052294985608370296064772831877099386288288401787171163668096371169945478e-1,1.982904358652132500118697035277607091906439321846608438576808998446916183288010878351892222280859373e-1
bratu,30,77,1.925e-1,2.006735971475449173120962753163709417966179762005948671885112438399708128698066433517597555779739487e-1,2.003455463591540120591481020379261248701364044568069082876034839097923847016262361253289125797826231e-1
bratu,30,78,1.95e-1,2.026139326934543466856393902275123850323989227947124511893125490511127855608961703367098740389533496e-1,2.023853840561679249402077298947604699849266092293705446327961486480770375700951646129527056012503437e-1
bratu,30,79,1.975e-1,2.045542682393637760591825051386538282681798693888300351901138542622547582519856973216599924999327506e-1,2.04409917770551199679980886922401019647123677474817337024628810695002518699907143047359262858528341e-1
bratu,30,80,2.0e-1,2.064946037852732054327256200497952715039608159829476191909151594733967309430752243066101109609121515e-1,2.064191164876092646325484079477148378171552134678193383050848739312013483311508987539549125063129674e-1
bratu,30,81,2.025e-1,2.084349393311826348062687349609367147397417625770652031917164646845387036341647512915602294218915524e-1,2.084129493654301374612169672546978335683471733819252683788417208262178566407846199491015342026339965e-1
bratu,30,82,2.05e-1,2.103752748770920641798118498720781579755227091711827871925177698956806763252542782765103478828709533e-1,2.103913857366536408158110794598465039765477577915167430810584988763673945550754734057768296139610309e-1
bratu,30,83,2.075e-1,2.123156104230014935533549647832196012113036557653003711933190751068226490163438052614604663438503543e-1,2.123543951102362638102202228592017043260952725455955757490477619108942938843814795899878963298459163e-1
bratu,30,84,2.1e-1,2.142559459689109229268980796943610444470846023594179551941203803179646217074333322464105848048297552e-1,2.143019471732114708976333738405048916828209535992484898461162667484850186493254134602674504594726669e-1
bratu,30,85,2.125e-1,2.161962815148203523004411946055024876828655489535355391949216855291065943985228592313607032658091561e-1,2.162340117924452592693755563500782931553742884084306495701468308470761567919450775490081530872940951e-1
bratu,30,86,2.15e-1,2.18136617060729781673984309516643930918646495547653123195722990740248567089612386216310821726788557e-1,2.18150559016386765466193746961976515785156346103161581574661842505262687920640010759627746483825666e-1
bratu,30,87,2.175e-1,2.200769526066392110475274244277853741544274421417707071965242959513905397807019132012609401877679579e-1,2.200515590768137214885750355465439118908137076000498239243264244672701274314136205217962973943335928e-1
bratu,30,88,2.2e-1,2.220172881525486404210705393389268173902083887358882911973256011625325124717914401862110586487473589e-1,2.21936982390572560325562962220059781292020733611973586214185282921706564306609186648216978935632184e-1
bratu,30,89,2.225e-1,2.239576236984580697946136542500682606259893353300058751981269063736744851628809671711611771097267598e-1,2.238067995613129704899051129093558406976264274899923294403738396832333904978439967422358556475586701e-1
bratu,30,90,2.25e-1,2.258979592443674991681567691612097038617702819241234591989282115848164578539704941561112955707061607e-1,2.256609813812166988515448860863034470293113859791207260556175982503589331946356569655943862076649641e-1
bratu,30,91,2.275e-1,2.278382947902769285416998840723511470975512285182410431997295167959584305450600211410614140316855616e-1,2.274994988327204008017830257880100663239698388938580625944304747541731432757505569074460844629242348e-1
bratu,30,92,2.3e-1,2.297786303361863579152429989834925903333321751123586272005308220071004032361495481260115324926649626e-1,2.293223230902323365571917011239189079586893443121154920838102009445871241179146337232502110255170327e-1
bratu,30,93,2.325e-1,2.316300509095548670495896655037593610995628234024777440740733788215286778073322825296284985568973674e-1,2.311294255218427122258685289835111411403747520160383776344559152266853439796129150919713125559419305e-1
bratu,30,94,2.35e-1,2.33296658430783186878318587688333523144437364062561181327061373939941286478482478816917425352442409e-1,2.329207776910274641091640067049369391655915907017736759666553403469257395499352462258027845007665637e-1
bratu,30,95,2.375e-1,2.349632659520115067070475098729076851893119047226446185800493690583538951496326751042063521479874505e-1,2.346963513583452845998882771434457970474791966321265742504419584212256531002602227549562347069388276e-1
bratu,30,96,2.4e-1,2.36629873473239826535776432057481847234186445382728055833037364176766503820782871391495278943532492e-1,2.364561184831276879634776511841587011724786875024719055383426675947152863129290508389254226169253097e-1
bratu,30,97,2.425e-1,2.382964809944681463645053542420560092790609860428114930860253592951791124919330676787842057390775335e-1,2.382000512251619142519440745148689557065277243221208955628178365371046214759563884137270749356383592e-1
bratu,30,98,2.45e-1,2.399630885156964661932342764266301713239355267028949303390133544135917211630832639660731325346225751e-1,2.399281219463664696018983339963089806759270454859819925593022980803494756355869620806358923866339614e-1
bratu,30,99,2.475e-1,2.416296960369247860219631986112043333688100673629783675920013495320043298342334602533620593301676166e-1,2.416403032124591012077770443515851003216717944927485732167201858247840988937018468497200098511229296e-1
bratu,30,100,2.5e-1,2.432963035581531058506921207957784954136846080230618048449893446504169385053836565406509861257126581e-1,2.433365677946170053398511608561374889062111708896558945320907947045738465545036484099146541229776955e-1
bratu,30,101,2.525e-1,2.449629110793814256794210429803526574585591486831452420979773397688295471765338528279399129212576997e-1,2.450168886711290668938766166441659312799565350812630309862560588354835299282066232078889279882136071e-1
bratu,30,102,2.55e-1,2.466295186006097455081499651649268195034336893432286793509653348872421558476840491152288397168027412e-1,2.466812390290399291155820744569669356027350335446854867607712345733869595565579118910148032280113249e-1
bratu,30,103,2.575e-1,2.482961261218380653368788873495009815483082300033121166039533300056547645188342454025177665123477827e-1,2.483295922657856923387806438012204678008106537580468766811058992622360770829814659983995762685487444e-1
bratu,30,104,2.6e-1,2.499627336430663851656078095340751435931827706633955538569413251240673731899844416898066933078928243e-1,2.4996192199082104081093706139388448091933031650089716449269465570878366943334485503958817338425872e-1
bratu,30,105,2.625e-1,2.516293411642947049943367317186493056380573113234789911099293202424799818611346379770956201034378658e-1,2.515782020272375969547038117421921167338851826490763233487804883252726343103294829104189750105927924e-1
bratu,30,106,2.65e-1,2.532959486855230248230656539032234676829318519835624283629173153608925905322848342643845468989829073e-1,2.53178406413373302728432602379040882437864369412295691606613805269274269696288799606445874852255073e-1
bratu,30,107,2.675e-1,2.549625562067513446517945760877976297278063926436458656159053104793051992034350305516734736945279488e-1,2.547625094044126281031340651950343190063142049723735255405029212275521815932885664737602881628162469e-1
bratu,30,108,2.7e-1,2.566291637279796644805234982723717917726809333037293028688933055977178078745852268389624004900729904e-1,2.563304854739774070679498833214018547624500695329358274366905044000576627032019146741500690654530404e-1
bratu,30,109,2.725e-1,2.582957712492079843092524204569459538175554739638127401218813007161304165457354231262513272856180319e-1,2.578823093157081020110577465579502227843241689122545212855842204009931332258903414752274271854883372e-1
bratu,30,110,2.75e-1,2.599623787704363041379813426415201158624300146238961773748692958345430252168856194135402540811630734e-1,2.594179558448352977981791397580178236251889388087472575466883945141788355534933649683496316229483411e-1
bratu,30,111,2.775e-1,2.615073768821353681709027790863928071379533010468794694117876261569599904364636240013584559401641953e-1,2.609374001997412273866198776003721594582177393801547676851190320859453734172264065822983055106013991e-1
bratu,30,112,2.8e-1,2.628750090100073846582565808295244694522808246771254575642729184837610355303599121779501234524616394e-1,2.624406177435111313691486865813507446062634139884941632343949460273206710921772361790813799109763042e-1
bratu,30,113,2.825e-1,2.642426411378794011456103825726561317666083483073714457167582108105620806242562003545417909647590835e-1,2.639275840654742544391033107284570917653630951549046242503536112196092154208070548288352099591869626e-1
bratu,30,114,2.85e-1,2.656102732657514176329641843157877940809358719376174338692435031373631257181524885311334584770565275e-1,2.653982749827342824059879129136247591125659587466670736319872736580323345562178043044883249816973288e-1
bratu,30,115,2.875e-1,2.669779053936234341203179860589194563952633955678634220217287954641641708120487767077251259893539716e-1,2.668526665416890240695591987517167366969682624373143932288468071445922495415431181501192913641240777e-1
bratu,30,116,2.9e-1,2.683455375214954506076717878020511187095909191981094101742140877909652159059450648843167935016514156e-1,2.682907350195391429800487451541428881828000456081559601267977446900829416142288873570288902448092705e-1
bratu,30,117,2.925e-1,2.697131696493674670950255895451827810239184428283553983266993801177662609998413530609084610139488597e-1,2.697124569257857448727802075219538915567332468895242554715115151980582086164711215569649826322184347e-1
bratu,30,118,2.95e-1,2.710808017772394835823793912883144433382459664586013864791846724445673060937376412375001285262463038e-1,2.711178090037166273670447429742702632736035974911014657150055675573342137425435285847726812979277342e-1
bratu,30,119,2.975e-1,2.724484339051115000697331930314461056525734900888473746316699647713683511876339294140917960385437478e-1,2.725067682318809993617159605208404825763908010640688684665088340208579333015090175087868283659295273e-1
bratu,30,120,3.0e-1,2.738160660329835165570869947745777679669010137190933627841552570981693962815302175906834635508411919e-1,2.738793118255524784437242463732067721804083526719647621338568149027356587025450076659914819056647574e-1
bratu,30,121,3.025e-1,2.75183698160855533044440796517709430281228537349339350936640549424970441375426505767275131063138636e-1,2.752354172381801755501639986067075674578204304991484201758684047736428199278958063345475833198985582e-1
bratu,30,122,3.05e-1,2.7655133028872754953179459826084109259555606097958533908912584175177148646932279394386679857543608e-1,2.765750621628276770904579777793144863961317778265620063048491574108375826244935154322467868444062328e-1
bratu,30,123,3.075e-1,2.779189624165995660191484000039727549098835846098313272416111340785725315632190821204584660877335241e-1,2.77898224533599735741619655865066749874450991365166633758740814751260039681482001262920079013973254e-1
bratu,30,124,3.1e-1,2.792865945444715825065022017471044172242111082400773153940964264053735766571153702970501336000309681e-1,2.792048825270564821771932532783596915842514860855915223174947956943376519448988804880302208706885287e-1
bratu,30,125,3.125e-1,2.806542266723435989938560034902360795385386318703233035465817187321746217510116584736418011123284122e-1,2.804950145636149710788552698859758898191762591284135825467805121865864457500785868650436086185518705e-1
bratu,30,126,3.15e-1,2.820218588002156154812098052333677418528661555005692916990670110589756668449079466502334686246258563e-1,2.817685993089378759088609093727770979339454690718202406440989414700293833899326019832836246242335912e-1
bratu,30,127,3.175e-1,2.833894909280876319685636069764994041671936791308152798515523033857767119388042348268251361369233003e-1,2.830256156753091480914309758401090607442844287293730837472230806033867108046131769444042030853688156e-1
bratu,30,128,3.2e-1,2.847571230559596484559174087196310664815212027610612680040375957125777570327005230034168036492207444e-1,2.842660428229964574617035898786065666665793974389151099993116503992571080811081216597039052160752436e-1
bratu,30,129,3.225e-1,2.861247551838316649432712104627627287958487263913072561565228880393788021265968111800084711615181885e-1,2.854898601616002320919112852303958261125270198729224352782504032957316976219336083725133472747353694e-1
bratu,30,130,3.25e-1,2.873187814306796780937126022923504500630656412986477601149407055587967574585289903879749528143584714e-1,2.866970473513891168958653825496495833049531632036924675679333620732718811021809420963349995893321163e-1
bratu,30,131,3.275e-1,2.883654828780777305072445681639452677477808645402561763295722559886448950813098202946355946175815518e-1,2.878875843046216717445004603417274379759118125272038460930178599935923428581642393772218414008102394e-1
bratu,30,132,3.3e-1,2.894121843254757829207765340355400854324960877818645925442038064184930327040906502012962364208046322e-1,2.890614511868541311970034893705579134803858116718618272593499670041566780482807823159945973576039781e-1
bratu,30,133,3.325e-1,2.904588857728738353343084999071349031172113110234730087588353568483411703268714801079568782240277126e-1,2.902186284182340493637627510049027063742050489068263580260146426356679660947416828878839181300664557e-1
bratu,30,134,3.35e-1,2.915055872202718877478404657787297208019265342650814249734669072781893079496523100146175200272507929e-1,2.913590966747796548688457473601117530430313206471349444796030180000721090933560666160594801986044763e-1
bratu,30,135,3.375e-1,2.925522886676699401613724316503245384866417575066898411880984577080374455724331399212781618304738733e-1,2.92482836889644742370764391847407386752364400506442215082142561951230478356274169585269577422554019e-1
bratu,30,136,3.4e-1,2.935989901150679925749043975219193561713569807482982574027300081378855831952139698279388036336969537e-1,2.935898302543689286307080390389449935908551122120412451627028493468112007268825571916778685710416983e-1
bratu,30,137,3.425e-1,2.946456915624660449884363633935141738560722039899066736173615585677337208179947997345994454369200341e-1,2.946800582201131026870053119301776448106538425632961225196768596084812698579113979546073080870811035e-1
bratu,30,138,3.45e-1,2.956923930098640974019683292651089915407874272315150898319931089975818584407756296412600872401431145e-1,2.9575350249887990130308590850715230918245479111627821521063670482136341918977280255421700346188918e-1
bratu,30,139,3.475e-1,2.967390944572621498155002951367038092255026504731235060466246594274299960635564595479207290433661948e-1,2.968101450647190425034120896416961161508100081239941987443048217109782850058842269359023605094087333e-1
bratu,30,140,3.5e-1,2.977857959046602022290322610082986269102178737147319222612562098572781336863372894545813708465892752e-1,2.978499681549173516974816398336882214883005508094131589041883344898413711048012980292969246523248097e-1
bratu,30,141,3.525e-1,2.988324973520582546425642268798934445949330969563403384758877602871262713091181193612420126498123556e-1,2.988729542711733166158018575346455916034062046234205533944314704239164445836991079812386458563981431e-1
bratu,30,142,3.55e-1,2.99879198799456307056096192751488262279648320197948754690519310716974408931898949267902654453035436e-1,2.998790861807560090434165503112491259477745726042850988259431802249369585737420613072635311774932906e-1
bratu,30,143,3.575e-1,3.009259002468543594696281586230830799643635434395571709051508611468225465546797791745632962562585164e-1,3.008683469176482131358409750217887385584762001238339414706621493046805744496838185148110324082846758e-1
bratu,30,144,3.6e-1,3.019726016942524118831601244946778976490787666811655871197824115766706841774606090812239380594815968e-1,3.018407197836736019388160335331356138265338037072123307484293713742303675169261733541172973982775069e-1
bratu,30,145,3.625e-1,3.030193031416504642966920903662727153337939899227740033344139620065188218002414389878845798627046771e-1,3.027961883496078056068126920505246617654297642487639488412236185601508155674551155758575939884905306e-1
bratu,30,146,3.65e-1,3.040660045890485167102240562378675330185092131643824195490455124363669594230222688945452216659277575e-1,3.037347364562732167253675042997687126187134826426506798208749306257798467951812698138184157354124539e-1
bratu,30,147,3.675e-1,3.051127060364465691237560221094623507032244364059908357636770628662150970458030988012058634691508379e-1,3.046563482156173800887644079438570547708941678514573449810726320058135871289754395258489910425185756e-1
bratu,30,148,3.7e-1,3.061594074838446215372879879810571683879396596475992519783086132960632346685839287078665052723739183e-1,3.055610080117748162669379824913556731280859260230116032070383048474263675763757275455255748856208314e-1
bratu,30,149,3.725e-1,3.072061089312426739508199538526519860726548828892076681929401637259113722913647586145271470755969987e-1,3.06448700502112130313387770453721151015097643658466049323433928896137907512188467400454468099510567e-1
bratu,30,150,3.75e-1,3.079388449998218524474861889256082725800201368329531210048039499298708067984750983034806539204194562e-1,3.073194106182562590189781366125895626402656589445284744118801271303357684481221617122854380355325042e-1
bratu,30,151,3.775e-1,3.086469974090736365018491859531824655129970502082977628864938301587210740958661068031112389271566835e-1,3.081731235671057122043570322038310317052640994963579735463852021731166394901759691917370173408115874e-1
bratu,30,152,3.8e-1,3.093551498183254205562121829807566584459739635836424047681837103875713413932571153027418239338939108e-1,3.090098248318246656659510954685968088404887882939969082546310333318596741223432809208590114395082723e-1
bratu,30,153,3.825e-1,3.100633022275772046105751800083308513789508769589870466498735906164216086906481238023724089406311381e-1,3.098295001728197655466626123659766558276783294153919617673888922708774378731917641483059938493278215e-1
bratu,30,154,3.85e-1,3.107714546368289886649381770359050443119277903343316885315634708452718759880391323020029939473683654e-1,3.106321356286995060920726501063766761282360665274818079508251279112215436520395621719766005888823982e-1
bratu,30,155,3.875e-1,3.114796070460807727193011740634792372449047037096763304132533510741221432854301408016335789541055927e-1,3.114177175172160449756987629601925757581196554783357237137417396416369652618046099609755457323993607e-1
bratu,30,156,3.9e-1,3.1218775945533255677366417109105343017788161708502097229494323130297241058282114930126416396084282e-1,3.121862324361893226322077133720013543116957713244856819800982681349797732905955324596828431415449652e-1
bratu,30,157,3.925e-1,3.128959118645843408280271681186276231108585304603656141766331115318226778802121578008947489675800473e-1,3.12937667264413354324974498930778700595252758483818634153319098344550351105280486441879972524368257e-1
bratu,30,158,3.95e-1,3.136040642738361248823901651462018160438354438357102560583229917606729451776031663005253339743172746e-1,3.136720091625445659935277995539191838316438576192583320374714693002145403250470008296501062983519098e-1
bratu,30,159,3.975e-1,3.143122166830879089367531621737760089768123572110548979400128719895232124749941748001559189810545019e-1,3.143892455739720472767363996571824768867961797898114560449989882454169220986969249203132389054722436e-1
bratu,30,160,4.0e-1,3.150203690923396929911161592013502019097892705863995398217027522183734797723851832997865039877917292e-1,3.150893642256695974885674540864135960818303117864881274064174060562523977161570891812168844560391886e-1
bratu,30,161,4.025e-1,3.157285215015914770454791562289243948427661839617441817033926324472237470697761917994170889945289565e-1,3.157723531290294427343706823370415269926469380416661394733979274315045760180044984244489134107239552e-1
bratu,30,162,4.05e-1,3.164366739108432610998421532564985877757430973370888235850825126760740143671672002990476740012661838e-1,3.164382005806775047963866526958393861223838732031456534275016919983846637864851020063687474989726348e-1
bratu,30,163,4.075e-1,3.171448263200950451542051502840727807087200107124334654667723929049242816645582087986782590080034111e-1,3.170868951632701048870053134561315220276006861342550101721956267398000520995070062328102146081502583e-1
bratu,30,164,4.1e-1,3.178529787293468292085681473116469736416969240877781073484622731337745489619492172983088440147406384e-1,3.177184257462719878666651683883549869721657970873461186962474336350516875341716907292306940930237164e-1
bratu,30,165,4.125e-1,3.185611311385986132629311443392211665746738374631227492301521533626248162593402257979394290214778657e-1,3.1833278148671555504962575053466140634574314813294727082991961853955967303460917788641124872487473e-1
bratu,30,166,4.15e-1,3.19269283547850397317294141366795359507650750838467391111842033591475083556731234297570014028215093e-1,3.189299518299411962745977233840688483762681797340058105000310638366616825975657260956647030772743624e-1
bratu,30,167,4.175e-1,3.199774359571021813716571383943695524406276642138120329935319138203253508541222427972005990349523203e-1,3.195099265103186144977972497946612108669227622709350232980604608492869193122675971178530014037499096e-1
bratu,30,168,4.2e-1,3.206855883663539654260201354219437453736045775891566748752217940491756181515132512968311840416895476e-1,3.200726955519490387728154452547248241172139035485601005844721152291430962547871391369911831297829377e-1
bratu,30,169,4.225e-1,3.213937407756057494803831324495179383065814909645013167569116742780258854489042597964617690484267749e-1,3.206182492693482241141612108122967987454604308361642391523417942346879046392293671572492204388996823e-1
bratu,30,170,4.25e-1,3.218303070398741519903509609923565955317394204273790977215328609164686346036905838088502422036696882e-1,3.211465782681101393988383726285434791079287483658065697087766277097579162214449146694531200417854198e-1
bratu,30,171,4.275e-1,3.221875651237577960942899059844736917362089848996457457865184970738112297314345420244506832097215015e-1,3.216576734455512471422383116058173121437771793553540464320638672817514052256895333351514800041634197e-1
bratu,30,172,4.3e-1,3.225448232076414401982288509765907879406785493719123938515041332311538248591785002400511242157733148e-1,3.221515259913352816903404552693763208446972081822138140261221995429811301031153716870196864756246276e-1
bratu,30,173,4.325e-1,3.229020812915250843021677959687078841451481138441790419164897693884964199869224584556515652218251281e-1,3.226281273880784350990794864148852638226789453428679102690721136686390373562641470119406062830021538e-1
bratu,30,174,4.35e-1,3.232593393754087284061067409608249803496176783164456899814754055458390151146664166712520062278769415e-1,3.230874694119348627231155377250125396309459105553634044944859866536984891839202588333961378502227054e-1
bratu,30,175,4.375e-1,3.236165974592923725100456859529420765540872427887123380464610417031816102424103748868524472339287548e-1,3.235295441331624233094791327494270339568220090625699878377609872232897175887304493497015825982440194e-1
bratu,30,176,4.4e-1,3.239738555431760166139846309450591727585568072609789861114466778605242053701543331024528882399805681e-1,3.239543439166685711859950833960082549550883905230215784215385219166610251016908860633690765543311426e-1
bratu,30,177,4.425e-1,3.243311136270596607179235759371762689630263717332456341764323140178668004978982913180533292460323815e-1,3.243618614225363209493498193225168283098855655567536755438249496761287769159470117969216034673071705e-1
bratu,30,178,4.45e-1,3.246883717109433048218625209292933651674959362055122822414179501752093956256422495336537702520841948e-1,3.247520896065302078924777783683052910121393594903182210376070751412454347533303050277913564157751268e-1
bratu,30,179,4.475e-1,3.250456297948269489258014659214104613719655006777789303064035863325519907533862077492542112581360081e-1,3.251250217205821702649200639442465979976235477625801828496503002825959541507703607036746489290324342e-1
bratu,30,180,4.5e-1,3.254028878787105930297404109135275575764350651500455783713892224898945858811301659648546522641878215e-1,3.254806513132572823322608205721777646101324571350984066662787951764390468878046744198700397146880633e-1
bratu,30,181,4.525e-1,3.257601459625942371336793559056446537809046296223122264363748586472371810088741241804550932702396348e-1,3.258189722301992700909749023129630157114911437900888403154454677542369634904045270508673245591273969e-1
bratu,30,182,4.55e-1,3.261174040464778812376183008977617499853741940945788745013604948045797761366180823960555342762914481e-1,3.261399786145557444023188418943786254816447244156619918012278075919490699970662176210047602503871642e-1
bratu,30,183,4.575e-1,3.264746621303615253415572458898788461898437585668455225663461309619223712643620406116559752823432614e-1,3.264436649073830892325537844767746310552171246921165971182743275576538415246268758463804705758227382e-1
bratu,30,184,4.6e-1,3.268319202142451694454961908819959423943133230391121706313317671192649663921059988272564162883950748e-1,3.267300258480309456260855893187323533359728137139524790594993414861022022602326212300210976623438912e-1
bratu,30,185,4.625e-1,3.271891782981288135494351358741130385987828875113788186963174032766075615198499570428568572944468881e-1,3.269990564745062349923193995962678322052107765437452107157461176356751796453315396479005784376613095e-1
bratu,30,186,4.65e-1,3.275464363820124576533740808662301348032524519836454667613030394339501566475939152584572983004987014e-1,3.272507521238166682554235950400884065098630064320166715220021013650138918534329172951232144765484119e-1
bratu,30,187,4.675e-1,3.279036944658961017573130258583472310077220164559121148262886755912927517753378734740577393065505148e-1,3.274851084322936903980456929771977084743001000340549292208696750242081673301747257020824744811262595e-1
bratu,30,188,4.7e-1,3.282609525497797458612519708504643272121915809281787628912743117486353469030818316896581803126023281e-1,3.277021213358948129245798062355976555564349367011588352853881310565838995874589029554252090215128792e-1
bratu,30,189,4.725e-1,3.286182106336633899651909158425814234166611454004454109562599479059779420308257899052586213186541414e-1,3.279017870704852897761061727995783493147879254000132103624993461601630028450781563027302380995552277e-1
bratu,30,190,4.75e-1,3.288703031873287927760865432031964298203828026637898087940641567587829198235260146930695453904366794e-1,3.280841021720990952468579123346557489623459912266569056357747452767993157794658253122003665950251666e-1
bratu,30,191,4.775e-1,3.288703031873287927760865432031964298203828026637898087940641567587829198235260146930695453904366794e-1,3.282490634771791654802640926049959122379173199187272373697412100382204306166841802617834658019180899e-1
bratu,30,192,4.8e-1,3.288703031873287927760865432031964298203828026637898087940641567587829198235260146930695453904366794e-1,3.283966681227968681605129292101283206627871711074366590641131734740226932992735490795433964992802103e-1
bratu,30,193,4.825e-1,3.288703031873287927760865432031964298203828026637898087940641567587829198235260146930695453904366794e-1,3.285269135468506680624122802933059113657691978188366107406956939547170416349327701116179226424427385e-1
bratu,30,194,4.85e-1,3.288703031873287927760865432031964298203828026637898087940641567587829198235260146930695453904366794e-1,3.286397974882439591773308713134552159150369136332974329619884890895770215199642731722975187372981672e-1
bratu,30,195,4.875e-1,3.288703031873287927760865432031964298203828026637898087940641567587829198235260146930695453904366794e-1,3.287353179870420371954140765522754118528031912303151084720331098653504442664739442325920580782407827e-1
bratu,30,196,4.9e-1,3.288703031873287927760865432031964298203828026637898087940641567587829198235260146930695453904366794e-1,3.288134733846081891933109173954807383622288522857825698378189219080107689580969875884793411816258056e-1
bratu,30,197,4.925e-1,3.288703031873287927760865432031964298203828026637898087940641567587829198235260146930695453904366794e-1,3.288742623237188804515499737054648475192042784950182336972143445613902992434627373881483766178703221e-1
bratu,30,198,4.95e-1,3.288703031873287927760865432031964298203828026637898087940641567587829198235260146930695453904366794e-1,3.289176837486580214056846405470800817649171248054182159881064844353640994894092975233889441649575972e-1
bratu,30,199,4.975e-1,3.288703031873287927760865432031964298203828026637898087940641567587829198235260146930695453904366794e-1,3.289437369052903008196141299242123422291096812090458240099708767358840454727382389260985195685017171e-1
bratu,30,200,5.0e-1,3.288703031873287927760865432031964298203828026637898087940641567587829198235260146930695453904366794e-1,3.289524213411135743572956833232027728076792986098885679827680373130425117122306548306772742847397669e-1
bratu,30,201,5.025e-1,3.288703031873287927760865432031964298203828026637898087940641567587829198235260146930695453904366794e-1,3.289437369052903008196141299242123422291096812090458240099708767358840454727382389260985195685017171e-1
bratu,30,202,5.05e-1,3.288703031873287927760865432031964298203828026637898087940641567587829198235260146930695453904366794e-1,3.289176837486580214056846405470800817649171248054182159881064844353640994894092975233889441649575972e-1
bratu,30,203,5.075e-1,3.288703031873287927760865432031964298203828026637898087940641567587829198235260146930695453904366794e-1,3.288742623237188804515499737054648475192042784950182336972143445613902992434627373881483766178703221e-1
bratu,30,204,5.1e-1,3.288703031873287927760865432031964298203828026637898087940641567587829198235260146930695453904366794e-1,3.288134733846081891933109173954807383622288522857825698378189219080107689580969875884793411816258056e-1
bratu,30,205,5.125e-1,3.288703031873287927760865432031964298203828026637898087940641567587829198235260146930695453904366794e-1,3.287353179870420371954140765522754118528031912303151084720331098653504442664739442325920580782407827e-1
bratu,30,206,5.15e-1,3.288703031873287927760865432031964298203828026637898087940641567587829198235260146930695453904366794e-1,3.286397974882439591773308713134552159150369136332974329619884890895770215199642731722975187372981672e-1
bratu,30,207,5.175e-1,3.288703031873287927760865432031964298203828026637898087940641567587829198235260146930695453904366794e-1,3.285269135468506680624122802933059113657691978188366107406956939547170416349327701116179226424427385e-1
bratu,30,208,5.2e-1,3.288703031873287927760865432031964298203828026637898087940641567587829198235260146930695453904366794e-1,3.283966681227968681605129292101283206627871711074366590641131734740226932992735490795433964992802103e-1
bratu,30,209,5.225e-1,3.288703031873287927760865432031964298203828026637898087940641567587829198235260146930695453904366794e-1,3.282490634771791654802640926049959122379173199187272373697412100382204306166841802617834658019180899e-1
bratu,30,210,5.25e-1,3.288703031873287927760865432031964298203828026637898087940641567587829198235260146930695453904366794e-1,3.280841021720990952468579123346557489623459912266569056357747452767993157794658253122003665950251666e-1
bratu,30,211,5.275e-1,3.286182106336633899651909158425814234166611454004454109562599479059779420308257899052586213186541414e-1,3.279017870704852897761061727995783493147879254000132103624993461601630028450781563027302380995552277e-1
bratu,30,212,5.3e-1,3.282609525497797458612519708504643272121915809281787628912743117486353469030818316896581803126023281e-1,3.277021213358948129245798062355976555564349367011588352853881310565838995874589029554252090215128792e-1
bratu,30,213,5.325e-1,3.279036944658961017573130258583472310077220164559121148262886755912927517753378734740577393065505148e-1,3.274851084322936903980456929771977084743001000340549292208696750242081673301747257020824744811262595e-1
bratu,30,214,5.35e-1,3.275464363820124576533740808662301348032524519836454667613030394339501566475939152584572983004987014e-1,3.272507521238166682554235950400884065098630064320166715220021013650138918534329172951232144765484119e-1
bratu,30,215,5.375e-1,3.271891782981288135494351358741130385987828875113788186963174032766075615198499570428568572944468881e-1,3.269990564745062349923193995962678322052107765437452107157461176356751796453315396479005784376613095e-1
bratu,30,216,5.4e-1,3.268319202142451694454961908819959423943133230391121706313317671192649663921059988272564162883950748e-1,3.267300258480309456260855893187323533359728137139524790594993414861022022602326212300210976623438912e-1
bratu,30,217,5.425e-1,3.264746621303615253415572458898788461898437585668455225663461309619223712643620406116559752823432614e-1,3.264436649073830892325537844767746310552171246921165971182743275576538415246268758463804705758227382e-1
bratu,30,218,5.45e-1,3.261174040464778812376183008977617499853741940945788745013604948045797761366180823960555342762914481e-1,3.261399786145557444023188418943786254816447244156619918012278075919490699970662176210047602503871642e-1
bratu,30,219,5.475e-1,3.257601459625942371336793559056446537809046296223122264363748586472371810088741241804550932702396348e-1,3.258189722301992700909749023129630157114911437900888403154454677542369634904045270508673245591273969e-1
bratu,30,220,5.5e-1,3.254028878787105930297404109135275575764350651500455783713892224898945858811301659648546522641878215e-1,3.254806513132572823322608205721777646101324571350984066662787951764390468878046744198700397146880633e-1
bratu,30,221,5.525e-1,3.250456297948269489258014659214104613719655006777789303064035863325519907533862077492542112581360081e-1,3.251250217205821702649200639442465979976235477625801828496503002825959541507703607036746489290324342e-1
bratu,30,222,5.55e-1,3.246883717109433048218625209292933651674959362055122822414179501752093956256422495336537702520841948e-1,3.247520896065302078924777783683052910121393594903182210376070751412454347533303050277913564157751268e-1
bratu,30,223,5.575e-1,3.243311136270596607179235759371762689630263717332456341764323140178668004978982913180533292460323815e-1,3.243618614225363209493498193225168283098855655567536755438249496761287769159470117969216034673071705e-1
bratu,30,224,5.6e-1,3.239738555431760166139846309450591727585568072609789861114466778605242053701543331024528882399805681e-1,3.239543439166685711859950833960082549550883905230215784215385219166610251016908860633690765543311426e-1
bratu,30,225,5.625e-1,3.236165974592923725100456859529420765540872427887123380464610417031816102424103748868524472339287548e-1,3.235295441331624233094791327494270339568220090625699878377609872232897175887304493497015825982440194e-1
bratu,30,226,5.65e-1,3.232593393754087284061067409608249803496176783164456899814754055458390151146664166712520062278769415e-1,3.230874694119348627231155377250125396309459105553634044944859866536984891839202588333961378502227054e-1
bratu,30,227,5.675e-1,3.229020812915250843021677959687078841451481138441790419164897693884964199869224584556515652218251281e-1,3.226281273880784350990794864148852638226789453428679102690721136686390373562641470119406062830021538e-1
bratu,30,228,5.7e-1,3.225448232076414401982288509765907879406785493719123938515041332311538248591785002400511242157733148e-1,3.221515259913352816903404552693763208446972081822138140261221995429811301031153716870196864756246276e-1
bratu,30,229,5.725e-1,3.221875651237577960942899059844736917362089848996457457865184970738112297314345420244506832097215015e-1,3.216576734455512471422383116058173121437771793553540464320638672817514052256895333351514800041634197e-1
bratu,30,230,5.75e-1,3.218303070398741519903509609923565955317394204273790977215328609164686346036905838088502422036696882e-1,3.211465782681101393988383726285434791079287483658065697087766277097579162214449146694531200417854198e-1
bratu,30,231,5.775e-1,3.213937407756057494803831324495179383065814909645013167569116742780258854489042597964617690484267749e-1,3.206182492693482241141612108122967987454604308361642391523417942346879046392293671572492204388996823e-1
bratu,30,232,5.8e-1,3.206855883663539654260201354219437453736045775891566748752217940491756181515132512968311840416895476e-1,3.200726955519490387728154452547248241172139035485601005844721152291430962547871391369911831297829377e-1
bratu,30,233,5.825e-1,3.199774359571021813716571383943695524406276642138120329935319138203253508541222427972005990349523203e-1,3.195099265103186144977972497946612108669227622709350232980604608492869193122675971178530014037499096e-1
bratu,30,234,5.85e-1,3.19269283547850397317294141366795359507650750838467391111842033591475083556731234297570014028215093e-1,3.189299518299411962745977233840688483762681797340058105000310638366616825975657260956647030772743624e-1
bratu,30,235,5.875e-1,3.185611311385986132629311443392211665746738374631227492301521533626248162593402257979394290214778657e-1,3.1833278148671555504962575053466140634574314813294727082991961853955967303460917788641124872487473e-1
bratu,30,236,5.9e-1,3.178529787293468292085681473116469736416969240877781073484622731337745489619492172983088440147406384e-1,3.177184257462719878666651683883549869721657970873461186962474336350516875341716907292306940930237164e-1
bratu,30,237,5.925e-1,3.171448263200950451542051502840727807087200107124334654667723929049242816645582087986782590080034111e-1,3.170868951632701048870053134561315220276006861342550101721956267398000520995070062328102146081502583e-1
bratu,30,238,5.95e-1,3.164366739108432610998421532564985877757430973370888235850825126760740143671672002990476740012661838e-1,3.164382005806775047963866526958393861223838732031456534275016919983846637864851020063687474989726348e-1
bratu,30,239,5.975e-1,3.157285215015914770454791562289243948427661839617441817033926324472237470697761917994170889945289565e-1,3.157723531290294427343706823370415269926469380416661394733979274315045760180044984244489134107239552e-1
bratu,30,240,6.0e-1,3.150203690923396929911161592013502019097892705863995398217027522183734797723851832997865039877917292e-1,3.150893642256695974885674540864135960818303117864881274064174060562523977161570891812168844560391886e-1
bratu,30,241,6.025e-1,3.143122166830879089367531621737760089768123572110548979400128719895232124749941748001559189810545019e-1,3.143892455739720472767363996571824768867961797898114560449989882454169220986969249203132389054722436e-1
bratu,30,242,6.05e-1,3.136040642738361248823901651462018160438354438357102560583229917606729451776031663005253339743172746e-1,3.136720091625445659935277995539191838316438576192583320374714693002145403250470008296501062983519098e-1
bratu,30,243,6.075e-1,3.128959118645843408280271681186276231108585304603656141766331115318226778802121578008947489675800473e-1,3.12937667264413354324974498930778700595252758483818634153319098344550351105280486441879972524368257e-1
bratu,30,244,6.1e-1,3.1218775945533255677366417109105343017788161708502097229494323130297241058282114930126416396084282e-1,3.121862324361893226322077133720013543116957713244856819800982681349797732905955324596828431415449652e-1
bratu,30,245,6.125e-1,3.114796070460807727193011740634792372449047037096763304132533510741221432854301408016335789541055927e-1,3.114177175172160449756987629601925757581196554783357237137417396416369652618046099609755457323993607e-1
bratu,30,246,6.15e-1,3.107714546368289886649381770359050443119277903343316885315634708452718759880391323020029939473683654e-1,3.106321356286995060920726501063766761282360665274818079508251279112215436520395621719766005888823982e-1
bratu,30,247,6.175e-1,3.100633022275772046105751800083308513789508769589870466498735906164216086906481238023724089406311381e-1,3.098295001728197655466626123659766558276783294153919617673888922708774378731917641483059938493278215e-1
bratu,30,248,6.2e-1,3.093551498183254205562121829807566584459739635836424047681837103875713413932571153027418239338939108e-1,3.090098248318246656659510954685968088404887882939969082546310333318596741223432809208590114395082723e-1
bratu,30,249,6.225e-1,3.086469974090736365018491859531824655129970502082977628864938301587210740958661068031112389271566835e-1,3.081731235671057122043570322038310317052640994963579735463852021731166394901759691917370173408115874e-1
bratu,30,250,6.25e-1,3.079388449998218524474861889256082725800201368329531210048039499298708067984750983034806539204194562e-1,3.073194106182562590189781366125895626402656589445284744118801271303357684481221617122854380355325042e-1
bratu,30,251,6.275e-1,3.072061089312426739508199538526519860726548828892076681929401637259113722913647586145271470755969987e-1,3.06448700502112130313387770453721151015097643658466049323433928896137907512188467400454468099510567e-1
bratu,30,252,6.3e-1,3.061594074838446215372879879810571683879396596475992519783086132960632346685839287078665052723739183e-1,3.055610080117748162669379824913556731280859260230116032070383048474263675763757275455255748856208314e-1
bratu,30,253,6.325e-1,3.051127060364465691237560221094623507032244364059908357636770628662150970458030988012058634691508379e-1,3.046563482156173800887644079438570547708941678514573449810726320058135871289754395258489910425185756e-1
bratu,30,254,6.35e-1,3.040660045890485167102240562378675330185092131643824195490455124363669594230222688945452216659277575e-1,3.037347364562732167253675042997687126187134826426506798208749306257798467951812698138184157354124539e-1
bratu,30,255,6.375e-1,3.030193031416504642966920903662727153337939899227740033344139620065188218002414389878845798627046771e-1,3.027961883496078056068126920505246617654297642487639488412236185601508155674551155758575939884905306e-1
bratu,30,256,6.4e-1,3.019726016942524118831601244946778976490787666811655871197824115766706841774606090812239380594815968e-1,3.018407197836736019388160335331356138265338037072123307484293713742303675169261733541172973982775069e-1
bratu,30,257,6.425e-1,3.009259002468543594696281586230830799643635434395571709051508611468225465546797791745632962562585164e-1,3.008683469176482131358409750217887385584762001238339414706621493046805744496838185148110324082846758e-1
bratu,30,258,6.45e-1,2.99879198799456307056096192751488262279648320197948754690519310716974408931898949267902654453035436e-1,2.998790861807560090434165503112491259477745726042850988259431802249369585737420613072635311774932906e-1
bratu,30,259,6.475e-1,2.988324973520582546425642268798934445949330969563403384758877602871262713091181193612420126498123556e-1,2.988729542711733166158018575346455916034062046234205533944314704239164445836991079812386458563981431e-1
bratu,30,260,6.5e-1,2.977857959046602022290322610082986269102178737147319222612562098572781336863372894545813708465892752e-1,2.978499681549173516974816398336882214883005508094131589041883344898413711048012980292969246523248097e-1
bratu,30,261,6.525e-1,2.967390944572621498155002951367038092255026504731235060466246594274299960635564595479207290433661948e-1,2.968101450647190425034120896416961161508100081239941987443048217109782850058842269359023605094087333e-1
bratu,30,262,6.55e-1,2.956923930098640974019683292651089915407874272315150898319931089975818584407756296412600872401431145e-1,2.9575350249887990130308590850715230918245479111627821521063670482136341918977280255421700346188918e-1
bratu,30,263,6.575e-1,2.946456915624660449884363633935141738560722039899066736173615585677337208179947997345994454369200341e-1,2.946800582201131026870053119301776448106538425632961225196768596084812698579113979546073080870811035e-1
bratu,30,264,6.6e-1,2.935989901150679925749043975219193561713569807482982574027300081378855831952139698279388036336969537e-1,2.935898302543689286307080390389449935908551122120412451627028493468112007268825571916778685710416983e-1
bratu,30,265,6.625e-1,2.925522886676699401613724316503245384866417575066898411880984577080374455724331399212781618304738733e-1,2.92482836889644742370764391847407386752364400506442215082142561951230478356274169585269577422554019e-1
bratu,30,266,6.65e-1,2.915055872202718877478404657787297208019265342650814249734669072781893079496523100146175200272507929e-1,2.913590966747796548688457473601117530430313206471349444796030180000721090933560666160594801986044763e-1
bratu,30,267,6.675e-1,2.904588857728738353343084999071349031172113110234730087588353568483411703268714801079568782240277126e-1,2.902186284182340493637627510049027063742050489068263580260146426356679660947416828878839181300664557e-1
bratu,30,268,6.7e-1,2.894121843254757829207765340355400854324960877818645925442038064184930327040906502012962364208046322e-1,2.890614511868541311970034893705579134803858116718618272593499670041566780482807823159945973576039781e-1
bratu,30,269,6.725e-1,2.883654828780777305072445681639452677477808645402561763295722559886448950813098202946355946175815518e-1,2.878875843046216717445004603417274379759118125272038460930178599935923428581642393772218414008102394e-1
bratu,30,270,6.75e-1,2.873187814306796780937126022923504500630656412986477601149407055587967574585289903879749528143584714e-1,2.866970473513891168958653825496495833049531632036924675679333620732718811021809420963349995893321163e-1
bratu,30,271,6.775e-1,2.861247551838316649432712104627627287958487263913072561565228880393788021265968111800084711615181885e-1,2.854898601616002320919112852303958261125270198729224352782504032957316976219336083725133472747353694e-1
bratu,30,272,6.8e-1,2.847571230559596484559174087196310664815212027610612680040375957125777570327005230034168036492207444e-1,2.842660428229964574617035898786065666665793974389151099993116503992571080811081216597039052160752437e-1
bratu,30,273,6.825e-1,2.833894909280876319685636069764994041671936791308152798515523033857767119388042348268251361369233003e-1,2.830256156753091480914309758401090607442844287293730837472230806033867108046131769444042030853688156e-1
bratu,30,274,6.85e-1,2.820218588002156154812098052333677418528661555005692916990670110589756668449079466502334686246258563e-1,2.817685993089378759088609093727770979339454690718202406440989414700293833899326019832836246242335912e-1
bratu,30,275,6.875e-1,2.806542266723435989938560034902360795385386318703233035465817187321746217510116584736418011123284122e-1,2.804950145636149710788552698859758898191762591284135825467805121865864457500785868650436086185518705e-1
bratu,30,276,6.9e-1,2.792865945444715825065022017471044172242111082400773153940964264053735766571153702970501336000309681e-1,2.792048825270564821771932532783596915842514860855915223174947956943376519448988804880302208706885287e-1
bratu,30,277,6.925e-1,2.779189624165995660191484000039727549098835846098313272416111340785725315632190821204584660877335241e-1,2.77898224533599735741619655865066749874450991365166633758740814751260039681482001262920079013973254e-1
bratu,30,278,6.95e-1,2.7655133028872754953179459826084109259555606097958533908912584175177148646932279394386679857543608e-1,2.765750621628276770904579777793144863961317778265620063048491574108375826244935154322467868444062328e-1
bratu,30,279,6.975e-1,2.75183698160855533044440796517709430281228537349339350936640549424970441375426505767275131063138636e-1,2.752354172381801755501639986067075674578204304991484201758684047736428199278958063345475833198985582e-1
bratu,30,280,7.0e-1,2.738160660329835165570869947745777679669010137190933627841552570981693962815302175906834635508411919e-1,2.738793118255524784437242463732067721804083526719647621338568149027356587025450076659914819056647574e-1
bratu,30,281,7.025e-1,2.724484339051115000697331930314461056525734900888473746316699647713683511876339294140917960385437478e-1,2.725067682318809993617159605208404825763908010640688684665088340208579333015090175087868283659295273e-1
bratu,30,282,7.05e-1,2.710808017772394835823793912883144433382459664586013864791846724445673060937376412375001285262463038e-1,2.711178090037166273670447429742702632736035974911014657150055675573342137425435285847726812979277342e-1
bratu,30,283,7.075e-1,2.697131696493674670950255895451827810239184428283553983266993801177662609998413530609084610139488597e-1,2.697124569257857448727802075219538915567332468895242554715115151980582086164711215569649826322184347e-1
bratu,30,284,7.1e-1,2.683455375214954506076717878020511187095909191981094101742140877909652159059450648843167935016514156e-1,2.682907350195391429800487451541428881828000456081559601267977446900829416142288873570288902448092705e-1
bratu,30,285,7.125e-1,2.669779053936234341203179860589194563952633955678634220217287954641641708120487767077251259893539716e-1,2.668526665416890240695591987517167366969682624373143932288468071445922495415431181501192913641240777e-1
bratu,30,286,7.15e-1,2.656102732657514176329641843157877940809358719376174338692435031373631257181524885311334584770565275e-1,2.653982749827342824059879129136247591125659587466670736319872736580323345562178043044883249816973288e-1
bratu,30,287,7.175e-1,2.642426411378794011456103825726561317666083483073714457167582108105620806242562003545417909647590835e-1,2.639275840654742544391033107284570917653630951549046242503536112196092154208070548288352099591869626e-1
bratu,30,288,7.2e-1,2.628750090100073846582565808295244694522808246771254575642729184837610355303599121779501234524616394e-1,2.624406177435111313691486865813507446062634139884941632343949460273206710921772361790813799109763042e-1
bratu,30,289,7.225e-1,2.615073768821353681709027790863928071379533010468794694117876261569599904364636240013584559401641953e-1,2.609374001997412273866198776003721594582177393801547676851190320859453734172264065822983055106013991e-1
bratu,30,290,7.25e-1,2.599623787704363041379813426415201158624300146238961773748692958345430252168856194135402540811630734e-1,2.594179558448352977981791397580178236251889388087472575466883945141788355534933649683496316229483411e-1
bratu,30,291,7.275e-1,2.582957712492079843092524204569459538175554739638127401218813007161304165457354231262513272856180319e-1,2.578823093157081020110577465579502227843241689122545212855842204009931332258903414752274271854883372e-1
bratu,30,292,7.3e-1,2.566291637279796644805234982723717917726809333037293028688933055977178078745852268389624004900729904e-1,2.563304854739774070679498833214018547624500695329358274366905044000576627032019146741500690654530404e-1
bratu,30,293,7.325e-1,2.549625562067513446517945760877976297278063926436458656159053104793051992034350305516734736945279488e-1,2.547625094044126281031340651950343190063142049723735255405029212275521815932885664737602881628162469e-1
bratu,30,294,7.35e-1,2.532959486855230248230656539032234676829318519835624283629173153608925905322848342643845468989829073e-1,2.53178406413373302728432602379040882437864369412295691606613805269274269696288799606445874852255073e-1
bratu,30,295,7.375e-1,2.516293411642947049943367317186493056380573113234789911099293202424799818611346379770956201034378658e-1,2.515782020272375969547038117421921167338851826490763233487804883252726343103294829104189750105927924e-1
bratu,30,296,7.4e-1,2.499627336430663851656078095340751435931827706633955538569413251240673731899844416898066933078928243e-1,2.4996192199082104081093706139388448091933031650089716449269465570878366943334485503958817338425872e-1
bratu,30,297,7.425e-1,2.482961261218380653368788873495009815483082300033121166039533300056547645188342454025177665123477827e-1,2.483295922657856923387806438012204678008106537580468766811058992622360770829814659983995762685487444e-1
bratu,30,298,7.45e-1,2.466295186006097455081499651649268195034336893432286793509653348872421558476840491152288397168027412e-1,2.466812390290399291155820744569669356027350335446854867607712345733869595565579118910148032280113249e-1
bratu,30,299,7.475e-1,2.449629110793814256794210429803526574585591486831452420979773397688295471765338528279399129212576997e-1,2.450168886711290668938766166441659312799565350812630309862560588354835299282066232078889279882136071e-1
bratu,30,300,7.5e-1,2.432963035581531058506921207957784954136846080230618048449893446504169385053836565406509861257126581e-1,2.433365677946170053398511608561374889062111708896558945320907947045738465545036484099146541229776955e-1
bratu,30,301,7.525e-1,2.416296960369247860219631986112043333688100673629783675920013495320043298342334602533620593301676166e-1,2.416403032124591012077770443515851003216717944927485732167201858247840988937018468497200098511229296e-1
bratu,30,302,7.55e-1,2.399630885156964661932342764266301713239355267028949303390133544135917211630832639660731325346225751e-1,2.399281219463664696018983339963089806759270454859819925593022980803494756355869620806358923866339614e-1
bratu,30,303,7.575e-1,2.382964809944681463645053542420560092790609860428114930860253592951791124919330676787842057390775335e-1,2.382000512251619142519440745148689557065277243221208955628178365371046214759563884137270749356383592e-1
bratu,30,304,7.6e-1,2.36629873473239826535776432057481847234186445382728055833037364176766503820782871391495278943532492e-1,2.364561184831276879634776511841587011724786875024719055383426675947152863129290508389254226169253097e-1
bratu,30,305,7.625e-1,2.349632659520115067070475098729076851893119047226446185800493690583538951496326751042063521479874505e-1,2.346963513583452845998882771434457970474791966321265742504419584212256531002602227549562347069388276e-1
bratu,30,306,7.65e-1,2.33296658430783186878318587688333523144437364062561181327061373939941286478482478816917425352442409e-1,2.329207776910274641091640067049369391655915907017736759666553403469257395499352462258027845007665637e-1
bratu,30,307,7.675e-1,2.316300509095548670495896655037593610995628234024777440740733788215286778073322825296284985568973674e-1,2.311294255218427122258685289835111411403747520160383776344559152266853439796129150919713125559419305e-1
bratu,30,308,7.7e-1,2.297786303361863579152429989834925903333321751123586272005308220071004032361495481260115324926649626e-1,2.293223230902323365571917011239189079586893443121154920838102009445871241179146337232502110255170327e-1
bratu,30,309,7.725e-1,2.278382947902769285416998840723511470975512285182410431997295167959584305450600211410614140316855616e-1,2.274994988327204008017830257880100663239698388938580625944304747541731432757505569074460844629242348e-1
bratu,30,310,7.75e-1,2.258979592443674991681567691612097038617702819241234591989282115848164578539704941561112955707061607e-1,2.256609813812166988515448860863034470293113859791207260556175982503589331946356569655943862076649641e-1
bratu,30,311,7.775e-1,2.239576236984580697946136542500682606259893353300058751981269063736744851628809671711611771097267598e-1,2.238067995613129704899051129093558406976264274899923294403738396832333904978439967422358556475586701e-1
bratu,30,312,7.8e-1,2.220172881525486404210705393389268173902083887358882911973256011625325124717914401862110586487473589e-1,2.21936982390572560325562962220059781292020733611973586214185282921706564306609186648216978935632184e-1
bratu,30,313,7.825e-1,2.200769526066392110475274244277853741544274421417707071965242959513905397807019132012609401877679579e-1,2.200515590768137214885750355465439118908137076000498239243264244672701274314136205217962973943335928e-1
bratu,30,314,7.85e-1,2.18136617060729781673984309516643930918646495547653123195722990740248567089612386216310821726788557e-1,2.18150559016386765466193746961976515785156346103161581574661842505262687920640010759627746483825666e-1
bratu,30,315,7.875e-1,2.161962815148203523004411946055024876828655489535355391949216855291065943985228592313607032658091561e-1,2.162340117924452592693755563500782931553742884084306495701468308470761567919450775490081530872940951e-1
bratu,30,316,7.9e-1,2.142559459689109229268980796943610444470846023594179551941203803179646217074333322464105848048297552e-1,2.143019471732114708976333738405048916828209535992484898461162667484850186493254134602674504594726669e-1
bratu,30,317,7.925e-1,2.123156104230014935533549647832196012113036557653003711933190751068226490163438052614604663438503543e-1,2.123543951102362638102202228592017043260952725455955757490477619108942938843814795899878963298459163e-1
bratu,30,318,7.95e-1,2.103752748770920641798118498720781579755227091711827871925177698956806763252542782765103478828709533e-1,2.103913857366536408158110794598465039765477577915167430810584988763673945550754734057768296139610309e-1
bratu,30,319,7.975e-1,2.084349393311826348062687349609367147397417625770652031917164646845387036341647512915602294218915524e-1,2.084129493654301374612169672546978335683471733819252683788417208262178566407846199491015342026339965e-1
bratu,30,320,8.0e-1,2.064946037852732054327256200497952715039608159829476191909151594733967309430752243066101109609121515e-1,2.064191164876092646325484079477148378171552134678193383050848739312013483311508987539549125063129674e-1
bratu,30,321,8.025e-1,2.045542682393637760591825051386538282681798693888300351901138542622547582519856973216599924999327506e-1,2.04409917770551199679980886922401019647123677474817337024628810695002518699907143047359262858528341e-1
bratu,30,322,8.05e-1,2.026139326934543466856393902275123850323989227947124511893125490511127855608961703367098740389533496e-1,2.023853840561679249402077298947604699849266092293705446327961486480770375700951646129527056012503437e-1
bratu,30,323,8.075e-1,2.006735971475449173120962753163709417966179762005948671885112438399708128698066433517597555779739487e-1,2.003455463591540120591481020379261248701364044568069082876034839097923847016262361253289125797826231e-1
bratu,30,324,8.1e-1,1.987332616016354879385531604052294985608370296064772831877099386288288401787171163668096371169945478e-1,1.982904358652132500118697035277607091906439321846608438576808998446916183288010878351892222280859373e-1
bratu,30,325,8.125e-1,1.965726118327126738152781963104220194050986282013186176779527789510964272771664160542836761677175428e-1,1.962200839292813141773544817613069468358646004589151380411435622344760183890776090106999298448301893e-1
bratu,30,326,8.15e-1,1.943860500526013908664787370603009439654614949234345723540984183038309959898396031544191288868912925e-1,1.941345220737446732530558158599215512377124694076725145183457308180811647876897996226480323981472126e-1
bratu,30,327,8.175e-1,1.921994882724901079176792778101798685258243616455505270302440576565655647025127902545545816060650423e-1,1.920337819866559301885486266180881841721725360882631581818271271697799224283323405912320455997589169e-1
bratu,30,328,8.2e-1,1.900129264923788249688798185600587930861872283676664817063896970093001334151859773546900343252387921e-1,1.899178955199457926793479638011787213639103565591264731207426717779503619209186539432622900457125081e-1
bratu,30,329,8.225e-1,1.878263647122675420200803593099377176465500950897824363825353363620347021278591644548254870444125418e-1,1.87786894687631868091561624548996979604377580886142397394744529467014331105513928442116809769348257e-1
bratu,30,330,8.25e-1,1.856398029321562590712809000598166422069129618118983910586809757147692708405323515549609397635862916e-1,1.856408116640244769858494226015828981423587659097546780160153466181103946755630323929984248459048774e-1
bratu,30,331,8.275e-1,1.834532411520449761224814408096955667672758285340143457348266150675038395532055386550963924827600414e-1,1.834796787819296786755931735984008028440007675652640201431158433606280812282869992493355604112367324e-1
bratu,30,332,8.3e-1,1.812666793719336931736819815595744913276386952561303004109722544202384082658787257552318452019337911e-1,1.813035285308497014896505515015837202211336996423710729962153485445867110045123096649445387999951637e-1
bratu,30,333,8.325e-1,1.790801175918224102248825223094534158880015619782462550871178937729729769785519128553672979211075409e-1,1.791123935551809696149917133786048750374219626086798889949149104038293484372663969957344092132123025e-1
bratu,30,334,8.35e-1,1.768935558117111272760830630593323404483644287003622097632635331257075456912250999555027506402812907e-1,1.769063066524099175693245296842882352542394978078454021338793697149785011796749329499533037766851007e-1
bratu,30,335,8.375e-1,1.747069940315998443272836038092112650087272954224781644394091724784421144038982870556382033594550404e-1,1.74685300771306782498932270825538904081265394936527806404457726571666242571327869739469730294963146e-1
bratu,30,336,8.4e-1,1.725204322514885613784841445590901895690901621445941191155548118311766831165714741557736560786287902e-1,1.724494090101175636128116881438637687211551582467074832180769458760519931940341094464891871880493004e-1
bratu,30,337,8.425e-1,1.7033387047137727842968468530896911412945302886671007379170045118391125182924466125590910879780254e-1,1.701986646147543371512495056006319374896567558765167725480252118884763149326191274166864603568524471e-1
bratu,30,338,8.45e-1,1.681473086912659954808852260588480386898158955888260284678460905366458205419178483560445615169762897e-1,1.679331009769841143456560347914187821179025574356397643640261314760754541692876554568968035307865371e-1
bratu,30,339,8.475e-1,1.659607469111547125320857668087269632501787623109419831439917298893803892545910354561800142361500395e-1,1.656527516326164288572350714464959784058692099564666353689797111339479468188180405443288548695212071e-1
bratu,30,340,8.5e-1,1.636807220321346906923260701295375346723956805687543559181178380372605775129315534675499788151908797e-1,1.633576502596898391853628544213053220906839530341823768306046977788467853852630433795091424379395384e-1
bratu,30,341,8.525e-1,1.612767541749920481135197164052458013884885549322431856017939895730103237272309226035685836369600502e-1,1.610478306766575305128331874504385705308740790943042008003262004956555340539230781413967977174214802e-1
bratu,30,342,8.55e-1,1.588727863178494055347133626809540681045814292957320152854701411087600699415302917395871884587292206e-1,1.587233268405721994048622439981308396219533250465826467211137338454074323163253914549027445075874542e-1
bratu,30,343,8.575e-1,1.56468818460706762955907008956662334820674303659220844969146292644509816155829660875605793280498391e-1,1.563841728452704037024001808235749863023715040914941952194227176121194927188979746561940381396268682e-1
bratu,30,344,8.6e-1,1.540648506035641203771006552323706015367671780227096746528224441802595623701290300116243981022675614e-1,1.540304029195565588483360363327243648145806420068646309340918171967361230387325614989109373747201328e-1
bratu,30,345,8.625e-1,1.516608827464214777982943015080788682528600523861985043364985957160093085844283991476430029240367319e-1,1.51662051425386760758079317020525905791231161223898278621324939797448611167935167678549959263052406e-1
bratu,30,346,8.65e-1,1.492569148892788352194879477837871349689529267496873340201747472517590547987277682836616077458059023e-1,1.492791528560526141942310795813972992864900969195177779671639340753204800497002044524224265313349838e-1
bratu,30,347,8.675e-1,1.468529470321361926406815940594954016850458011131761637038508987875088010130271374196802125675750727e-1,1.468817418343652444290969643936655037275982975310827850908801419688243010994535918609237626677471133e-1
bratu,30,348,8.7e-1,1.444489791749935500618752403352036684011386754766649933875270503232585472273265065556988173893442432e-1,1.444698531108396687791249603325444938880104901395197394715856890727043958110012022856035276237650874e-1
bratu,30,349,8.725e-1,1.420450113178509074830688866109119351172315498401538230712032018590082934416258756917174222111134136e-1,1.420435215618797033724545789593418644339104012184322001846619867098188033459813527986500655206839055e-1
bratu,30,350,8.75e-1,1.39641043460708264904262532886620201833324424203642652754879353394758039655925244827736027032882584e-1,1.396027821879635792651267524391161444472120322000293498438685941859632165179772195200178530103318225e-1
bratu,30,351,8.775e-1,1.372370756035656223254561791623284685494172985671314824385555049305077858702246139637546318546517544e-1,1.371476701118304407536123775257743639392290415742623883897262644618294810720568073331636705063031149e-1
bratu,30,352,8.8e-1,1.348331077464229797466498254380367352655101729306203121222316564662575320845239830997732366764209249e-1,1.346782205766678974416611140138301013852544813065000835068079416914891509525105068491699197747029534e-1
bratu,30,353,8.825e-1,1.324291398892803371678434717137450019816030472941091418059078080020072782988233522357918414981900953e-1,1.321944689443008003085415947579500708559923739549886411071379345464290811653970652793479237119996148e-1
bratu,30,354,8.85e-1,1.299415861999554022206647788698190496469152172059595586930197832446490712408672113625901250636382288e-1,1.29696450693381410694031885227436997010015427565505804244526659927247856450642338446651349625894988e-1
bratu,30,355,8.875e-1,1.273495794703810224191738289599178262856022070590493775993286400056040373192279858461420706743840811e-1,1.271842014175811297635184064463479932348016613359895374171246881843450855170761099115034939408105006e-1
bratu,30,356,8.9e-1,1.247575727408066426176828790500166029242891969121391965056374967665590033975887603296940162851299333e-1,1.246577568237839546447672723085938517343072565108670478169813002503933217686228188033150525112607236e-1
bratu,30,357,8.925e-1,1.221655660112322628161919291401153795629761867652290154119463535275139694759495348132459618958757856e-1,1.221171527302818260368396720771940006643660257008450073562535046638677578093978870825600278874386019e-1
bratu,30,358,8.95e-1,1.195735592816578830147009792302141562016631766183188343182552102884689355543103092967979075066216378e-1,1.195624250649720306817288616208742657807069588942328322049775978562424052514121862979420362865332689e-1
bratu,30,359,8.975e-1,1.169815525520835032132100293203129328403501664714086532245640670494239016326710837803498531173674901e-1,1.169936098635568206610973671923979384822022487251871172565630471577317123623369270108898262416044803e-1
bratu,30,360,9.0e-1,1.143895458225091234117190794104117094790371563244984721308729238103788677110318582639017987281133423e-1,1.144107432677454100344863697208560516442812140600679538147164974283533528364632042718765695915887738e-1
bratu,30,361,9.025e-1,1.117975390929347436102281295005104861177241461775882910371817805713338337893926327474537443388591946e-1,1.118138615234585078720523234267508216427998038953175508198994223014768485838865001665545330839666289e-1
bratu,30,362,9.05e-1,1.092055323633603638087371795906092627564111360306781099434906373322887998677534072310056899496050468e-1,1.092030009790355452547560707794294681975131095585287579260089978609703970575601277484849958491158059e-1
bratu,30,363,9.075e-1,1.066135256337859840072462296807080393950981258837679288497994940932437659461141817145576355603508991e-1,1.065781980834447523184842738268108892541799914224209869096041464610611891472554246725893691471850147e-1
bratu,30,364,9.1e-1,1.040215189042116042057552797708068160337851157368577477561083508541987320244749561981095811710967513e-1,1.039394893844962399063187698667722166076372757251484585958861118245385544410837832063018486479928896e-1
bratu,30,365,9.125e-1,1.014295121746372244042643298609055926724721055899475666624172076151536981028357306816615267818426036e-1,1.012869115270582388655828383894591224805075990649937829784752955548567674291643253316556166654019947e-1
bratu,30,366,9.15e-1,9.882372269295628761147410768558655551216109303204002868175522097073038906718068536341537525811202131e-2,9.862050125127664848388000884228644053714375216398483836100112734524421732914521723740080625135863164e-2
bratu,30,367,9.175e-1,9.607301538609859636213131995327602405867449020321556347286765348124017348263713405181460054082216893e-2,9.594029539079804400159576222006347586517217307313587571147370350013741262798314432516229317749651611e-2
bratu,30,368,9.2e-1,9.332230807924090511278853222096549260518788737439109826398008599174995789809358274021382582353231656e-2,9.324633087099629156774908085880030055293372706942166928902316880609686286100663509785955867511460263e-2
bratu,30,369,9.225e-1,9.057160077238321386344574448865496115170128454556663305509251850225974231355003142861305110624246418e-2,9.05386447072029174221518950355637684266022046451894985271830101127249144561303654014084666561004388e-2
bratu,30,370,9.25e-1,8.78208934655255226141029567563444296982146817167421678462049510127695267290064801170122763889526118e-2,8.781727400294137649005133522074185102356858639934247401821529307805403035474471992791092993878072771e-2
bratu,30,371,9.275e-1,8.507018615866783136476016902403389824472807888791770263731738352327931114446292880541150167166275943e-2,8.50822559481653639662820995183789172902748846305534073117845848188065233830145571936272967875134451e-2
bratu,30,372,9.3e-1,8.231947885181014011541738129172336679124147605909323742842981603378909555991937749381072695437290706e-2,8.23336278175013118449323082649983236876194520741225292953948183756433481942999968567042291076919462e-2
bratu,30,373,9.325e-1,7.956877154495244886607459355941283533775487323026877221954224854429887997537582618220995223708305468e-2,7.957142696849521071811225839566709296672834661756357108822690922416395219225428854851553523146752031e-2
bratu,30,374,9.35e-1,7.68180642380947576167318058271023038842682704014443070106546810548086643908322748706091775197932023e-2,7.679569083986389552409587162632360929582331784434808724984219128129022066665631554042679543415887666e-2
bratu,30,375,9.375e-1,7.406735693123706636738901809479177243078166757261984180176711356531844880628872355900840280250334993e-2,7.400645694975093227136161519997156468241016295496574909438807148585780307676600000477933050148946331e-2
bratu,30,376,9.4e-1,7.131664962437937511804623036248124097729506474379537659287954607582823322174517224740762808521349755e-2,7.120376289398724110137328070343492565063718483735337470204980571500212847421179102277609350883440912e-2
bratu,30,377,9.425e-1,6.850262908977773467485584677491188441406053151867707082726454359056071222431399665250066117242636238e-2,6.83876463443565893797888697188268854399052817979912056427461096012143965333519530054537484853232797e-2
bratu,30,378,9.45e-1,6.562215306662224628830628528778538178060766909130411638091102156080526764549026574765033446559674394e-2,6.5558145046866086823643067025268407743223382844983453454116620534110313077337880573253649719143281e-2
bratu,30,379,9.475e-1,6.274167704346675790175672380065887914715480666393116193455749953104982306666653484280000775876712551e-2,6.271529682002181298138783764715691609699729640580022575588172824092829491925609102764740203995592498e-2
bratu,30,380,9.5e-1,5.986120102031126951520716231353237651370194423655820748820397750129437848784280393794968105193750707e-2,5.985913955310970568396622879906899513851802742340701464377868159651394827871700506333570653543515541e-2
bratu,30,381,9.525e-1,5.698072499715578112865760082640587388024908180918525304185045547153893390901907303309935434510788863e-2,5.698971120448183737880323863421193196522400173023218677575670717073210548865442378230787575016358803e-2
bratu,30,382,9.55e-1,5.410024897400029274210803933927937124679621938181229859549693344178348933019534212824902763827827019e-2,5.410704979984820454518833268961252124660745699154705301201042475302442262666336383494205474613508714e-2
bratu,30,383,9.575e-1,5.121977295084480435555847785215286861334335695443934414914341141202804475137161122339870093144865175e-2,5.121119343057415366945737982124011800798439737823127326623484699683012312738386416129576326481332326e-2
bratu,30,384,9.6e-1,4.83392969276893159690089163650263659798904945270663897027898893822726001725478803185483742246190333e-2,4.830218025198356553211468740908840244791228454245136734430341766385331943941905709413151582277607447e-2
bratu,30,385,9.625e-1,4.545882090453382758245935487789986334643763209969343525643636735251715559372414941369804751778941487e-2,4.538004848166791782702227986384594020418799451297106446813620477647145540571125832573628116898517259e-2
bratu,30,386,9.65e-1,4.250125220246029974248557380691157069176942728865138014673262089739635025190774094524415465491395774e-2,4.244483639780134439547390378114959960865129287618171561349224754656632439212728047047555185062034242e-2
bratu,30,387,9.675e-1,3.951933717778680409067893710458564106260020414846430530054079997311740985945754724023997625016077357e-2,3.949658233746180761581214451068878863289463134552139831138334582570724875309610680031704004573747088e-2
bratu,30,388,9.7e-1,3.65374221531133084388723004022597114334309810082772304543489790488384694670073535352357978454075894e-2,3.653532469495849874268144937312721082589615165358393824803713767036070624988150336389976528390852061e-2
bratu,30,389,9.725e-1,3.355550712843981278706566369993378180426175786809015560815715812455952907455715983023161944065440523e-2,3.356110192016557923947687377520173377443506643192435688965480438899197938007710441658551325552744975e-2
bratu,30,390,9.75e-1,3.057359210376631713525902699760785217509253472790308076196533720028058868210696612522744103590122106e-2,3.057395251686237439348315183136330625027663722001144313456758193275104652664997572730366507091809183e-2
bratu,30,391,9.775e-1,2.75916770790928214834523902952819225459233115877160059157735162760016482896567724202232626311480369e-2,2.757391504108012874603234962138707279788892801292047937612797115775213257397198188114511439825912916e-2
bratu,30,392,9.8e-1,2.460976205441932583164575359295599291675408844752893106958169535172270789720657871521908422639485273e-2,2.456102809945543111016785054801048305047282357193679747852962841778927658198691101981578057977658576e-2
bratu,30,393,9.825e-1,2.155441581305534964452388401833965070666008630921004838473559894574943781563629281618694155921142e-2,2.153533034759041518621047572356153943431805920465826618327824008908728700750729978054788711621357204e-2
bratu,30,394,9.85e-1,1.849874704704800846012457750101855359200240111186378684287718180026453306043366352460374967536870619e-2,1.849686048841984002169755877348461764702645689663386271525340821695577017178752385514111861606152776e-2
bratu,30,395,9.875e-1,1.544307828104066727572527098369745647734471591451752530101876465477962830523103423302055779152599238e-2,1.5445657270585152796821761229602311397123736144782037850425636894393704364420521937868824995732596e-2
bratu,30,396,9.9e-1,1.238740951503332609132596446637635936268703071717126375916034750929472355002840494143736590768327857e-2,1.238175948681563465014282155411398702522197115022906185272019766905127910133776663518662014156929235e-2
bratu,30,397,9.925e-1,9.319317817339882014579970602464076401416148631460582919089327696587010391304316556654105017728574125e-3,9.305205972316728492387188956575541074240086413939040843869646803247054254437660255971963555212592372e-3
bratu,30,398,9.95e-1,6.217012108523956333288740123735355302629578478487051424284626944685109252373505112262119301256882494e-3,6.216035603165645988987857132905743758438648948076738472582266436861272450162135745780250912207176603e-3
bratu,30,399,9.975e-1,3.114706399708030651997509645006634203843008325513519929479926192783208113442693667870133584785190863e-3,3.114287294714349125045205906625893906647230651226174078172561975173562957753037335688002711052736977e-3
bratu,30,400,1.0,0.0,0.0
bratu,40,0,0.0,0.0,0.0
bratu,40,1,2.5e-3,3.11419195667807653655504649815985328691789533535945181851695504031362188869534269283622413578323263e-3,3.114287294714349125045205906625893906647230651226174078172561975173562957753037335688002711052736977e-3
bratu,40,2,5.0e-3,6.220561426505992318380851618943660144076465169455392918484535622698413705866942153051023989363115805e-3,6.216035603165645988987857132905743758438648948076738472582266436861272450162135745780250912207176603e-3
bratu,40,3,7.5e-3,9.304367439643475808996487982543921255260003475424178590848896464118697291073342677157072732056902526e-3,9.305205972316728492387188956575541074240086413939040843869646803247054254437660255971963555212592372e-3
bratu,40,4,1.0e-2,1.238817345278095929961212434614418236644354178139296426321325730553898087627974320126312147475068925e-2,1.238175948681563465014282155411398702522197115022906185272019766905127910133776663518662014156929235e-2
bratu,40,5,1.25e-2,1.545316100804005650815325105629360365943657269124870525985397403105975136052668741174570659551391243e-2,1.5445657270585152796821761229602311397123736144782037850425636894393704364420521937868824995732596e-2
bratu,40,6,1.5e-2,1.849533234338932134071919796534216866760133775896240172942239553142735728999520717421067955307047313e-2,1.849686048841984002169755877348461764702645689663386271525340821695577017178752385514111861606152776e-2
bratu,40,7,1.75e-2,2.153750367873858617328514487439073367576610282667609819899081703179496321946372693667565251062703384e-2,2.153533034759041518621047572356153943431805920465826618327824008908728700750729978054788711621357204e-2
bratu,40,8,2.0e-2,2.457967501408785100585109178343929868393086789438979466855923853216256914893224669914062546818359454e-2,2.456102809945543111016785054801048305047282357193679747852962841778927658198691101981578057977658576e-2
bratu,40,9,2.25e-2,2.758855328422628246546828521423998416829681471687800694677489389488621414593145623395878192072573589e-2,2.757391504108012874603234962138707279788892801292047937612797115775213257397198188114511439825912913e-2
bratu,40,10,2.5e-2,3.057365377841162960751183547781607060127957888490963600712152370212659762863248191824312983157508461e-2,3.057395251686237439348315183136330625027663722001144313456758193275104652664997572730366507091809186e-2
bratu,40,11,2.75e-2,3.355875427259697674955538574139215703426234305294126506746815350936698111133350760252747774242443333e-2,3.356110192016557923947687377520173377443506643192435688965480438899197938007710441658551325552744975e-2
bratu,40,12,3.0e-2,3.654385476678232389159893600496824346724510722097289412781478331660736459403453328681182565327378205e-2,3.653532469495849874268144937312721082589615165358393824803713767036070624988150336389976528390852061e-2
bratu,40,13,3.25e-2,3.952895526096767103364248626854432990022787138900452318816141312384774807673555897109617356412313077e-2,3.949658233746180761581214451068878863289463134552139831138334582570724875309610680031704004573747088e-2
bratu,40,14,3.5e-2,4.247312739730105878688231991219933144540276094872724744570466363292490973947645643378326173687783675e-2,4.244483639780134439547390378114959960865129287618171561349224754656632439212728047047555185062034242e-2
bratu,40,15,3.75e-2,4.5385474340947197532882332768335603915419114598240387787616156197651707354772088123545654316088534e-2,4.538004848166791782702227986384594020418799451297106446813620477647145540571125832573628116898517259e-2
bratu,40,16,4.0e-2,4.829782128459333627888234562447187638543546824775352812952764876237850497006771981330804689529923125e-2,4.830218025198356553211468740908840244791228454245136734430341766385331943941905709413151582277607447e-2
bratu,40,17,4.25e-2,5.12101682282394750248823584806081488554518218972666684714391413271053025853633515030704394745099285e-2,5.121119343057415366945737982124011800798439737823127326623484699683012312738386416129576326481332326e-2
bratu,40,18,4.5e-2,5.412251517188561377088237133674442132546817554677980881335063389183210020065898319283283205372062575e-2,5.410704979984820454518833268961252124660745699154705301201042475302442262666336383494205474613508714e-2
bratu,40,19,4.75e-2,5.703486211553175251688238419288069379548452919629294915526212645655889781595461488259522463293132299e-2,5.698971120448183737880323863421193196522400173023218677575670717073210548865442378230787575016358803e-2
bratu,40,20,5.0e-2,5.990997204978908824179702695436943771468045195364557721125512010554662835787781865011562839046615276e-2,5.985913955310970568396622879906899513851802742340701464377868159651394827871700506333570653543515541e-2
bratu,40,21,5.25e-2,6.273360905026028309160093278182858206085022103017135234980864624786736430153886016744525776172408647e-2,6.271529682002181298138783764715691609699729640580022575588172824092829491925609102764740203995592498e-2
bratu,40,22,5.5e-2,6.555724605073147794140483860928772640701999010669712748836217239018810024519990168477488713298202018e-2,6.5558145046866086823643067025268407743223382844983453454116620534110313077337880573253649719143281e-2
bratu,40,23,5.75e-2,6.838088305120267279120874443674687075318975918322290262691569853250883618886094320210451650423995388e-2,6.838764634435658937978886971882688543990528179799120564274610960121439653335195300545374848532327973e-2
bratu,40,24,6.0e-2,7.120452005167386764101265026420601509935952825974867776546922467482957213252198471943414587549788759e-2,7.120376289398724110137328070343492565063718483735337470204980571500212847421179102277609350883440912e-2
bratu,40,25,6.25e-2,7.40281570521450624908165560916651594455292973362744529040227508171503080761830262367637752467558213e-2,7.400645694975093227136161519997156468241016295496574909438807148585780307676600000477933050148946331e-2
bratu,40,26,6.5e-2,7.685179405261625734062046191912430379169906641280022804257627695947104401984406775409340461801375501e-2,7.679569083986389552409587162632360929582331784434808724984219128129022066665631554042679543415887666e-2
bratu,40,27,6.75e-2,7.965529307821458635489116408045805970030888816860175930919802841018782436931498473256077873528719424e-2,7.957142696849521071811225839566709296672834661756357108822690922416395219225428854851553523146752031e-2
bratu,40,28,7.0e-2,8.237399048799153248869433421881198287041348485164360584486512306312178238286882164464505889578692477e-2,8.23336278175013118449323082649983236876194520741225292953948183756433481942999968567042291076919462e-2
bratu,40,29,7.25e-2,8.50926878977684786224975043571659060405180815346854523805322177160557403964226585567293390562866553e-2,8.50822559481653639662820995183789172902748846305534073117845848188065233830145571936272967875134451e-2
bratu,40,30,7.5e-2,8.781138530754542475630067449551982921062267821772729891619931236898969840997649546881361921678638583e-2,8.781727400294137649005133522074185102356858639934247401821529307805403035474471992791092993878072771e-2
bratu,40,31,7.75e-2,9.053008271732237089010384463387375238072727490076914545186640702192365642353033238089789937728611636e-2,9.05386447072029174221518950355637684266022046451894985271830101127249144561303654014084666561004388e-2
bratu,40,32,8.0e-2,9.324878012709931702390701477222767555083187158381099198753350167485761443708416929298217953778584688e-2,9.324633087099629156774908085880030055293372706942166928902316880609686286100663509785955867511460263e-2
bratu,40,33,8.25e-2,9.596747753687626315771018491058159872093646826685283852320059632779157245063800620506645969828557741e-2,9.594029539079804400159576222006347586517217307313587571147370350013741262798314432516229317749651611e-2
bratu,40,34,8.5e-2,9.868617494665320929151335504893552189104106494989468505886769098072553046419184311715073985878530794e-2,9.862050125127664848388000884228644053714375216398483836100112734524421732914521723740080625135863164e-2
bratu,40,35,8.75e-2,1.014048723564301554253165251872894450611456616329365315945347856336594884777456800292350200192850385e-1,1.012869115270582388655828383894591224805075990649937829784752955548567674291643253316556166654019947e-1
bratu,40,36,9.0e-2,1.040115772997052863051227934222716828411615692282979687900777887517153671069857420965778827492793319e-1,1.039394893844962399063187698667722166076372757251484585958861118245385544410837832063018486479928896e-1
bratu,40,37,9.25e-2,1.066088665769003223037866451627709074549086413950107909828482553782786839378587700347971239829925372e-1,1.065781980834447523184842738268108892541799914224209869096041464610611891472554246725893691471850147e-1
bratu,40,38,9.5e-2,1.092061558540953583024504969032701320686557135617236131756187220048420007687317979730163652167057425e-1,1.092030009790355452547560707794294681975131095585287579260089978609703970575601277484849958491158059e-1
bratu,40,39,9.75e-2,1.118034451312903943011143486437693566824027857284364353683891886314053175996048259112356064504189478e-1,1.118138615234585078720523234267508216427998038953175508198994223014768485838865001665545330839666289e-1
bratu,40,40,1.0e-1,1.144007344084854302997782003842685812961498578951492575611596552579686344304778538494548476841321532e-1,1.144107432677454100344863697208560516442812140600679538147164974283533528364632042718765695915887738e-1
bratu,40,41,1.025e-1,1.169980236856804662984420521247678059098969300618620797539301218845319512613508817876740889178453585e-1,1.169936098635568206610973671923979384822022487251871172565630471577317123623369270108898262416044803e-1
bratu,40,42,1.05e-1,1.195953129628755022971059038652670305236440022285749019467005885110952680922239097258933301515585638e-1,1.195624250649720306817288616208742657807069588942328322049775978562424052514121862979420362865332689e-1
bratu,40,43,1.075e-1,1.221926022400705382957697556057662551373910743952877241394710551376585849230969376641125713852717691e-1,1.221171527302818260368396720771940006643660257008450073562535046638677578093978870825600278874386019e-1
bratu,40,44,1.1e-1,1.247898915172655742944336073462654797511381465620005463322415217642219017539699656023318126189849744e-1,1.246577568237839546447672723085938517343072565108670478169813002503933217686228188033150525112607236e-1
bratu,40,45,1.125e-1,1.27295917438201902528782145328075791284492026925684863263469260537105639221186780644726812167730661e-1,1.271842014175811297635184064463479932348016613359895374171246881843450855170761099115034939408105006e-1
bratu,40,46,1.15e-1,1.297551653061809621626611702455951409918955363838522990330570698635426285202511118598260149775281351e-1,1.29696450693381410694031885227436997010015427565505804244526659927247856450642338446651349625894988e-1
bratu,40,47,1.175e-1,1.322144131741600217965401951631144906992990458420197348026448791899796178193154430749252177873256093e-1,1.321944689443008003085415947579500708559923739549886411071379345464290811653970652793479237119996148e-1
bratu,40,48,1.2e-1,1.346736610421390814304192200806338404067025553001871705722326885164166071183797742900244205971230835e-1,1.346782205766678974416611140138301013852544813065000835068079416914891509525105068491699197747029535e-1
bratu,40,49,1.225e-1,1.371329089101181410642982449981531901141060647583546063418204978428535964174441055051236234069205577e-1,1.371476701118304407536123775257743639392290415742623883897262644618294810720568073331636705063031149e-1
bratu,40,50,1.25e-1,1.395921567780972006981772699156725398215095742165220421114083071692905857165084367202228262167180319e-1,1.396027821879635792651267524391161444472120322000293498438685941859632165179772195200178530103318225e-1
bratu,40,51,1.275e-1,1.420514046460762603320562948331918895289130836746894778809961164957275750155727679353220290265155061e-1,1.420435215618797033724545789593418644339104012184322001846619867098188033459813527986500655206839055e-1
bratu,40,52,1.3e-1,1.445106525140553199659353197507112392363165931328569136505839258221645643146370991504212318363129803e-1,1.444698531108396687791249603325444938880104901395197394715856890727043958110012022856035276237650874e-1
bratu,40,53,1.325e-1,1.469699003820343795998143446682305889437201025910243494201717351486015536137014303655204346461104545e-1,1.468817418343652444290969643936655037275982975310827850908801419688243010994535918609237626677471133e-1
bratu,40,54,1.35e-1,1.494291482500134392336933695857499386511236120491917851897595444750385429127657615806196374559079287e-1,1.492791528560526141942310795813972992864900969195177779671639340753204800497002044524224265313349838e-1
bratu,40,55,1.375e-1,1.51816659773841644461355753630188814977165197429385904223603516326828235273902458611739052831108611e-1,1.51662051425386760758079317020525905791231161223898278621324939797448611167935167678549959263052406e-1
bratu,40,56,1.4e-1,1.5412118709064378614271790215537885373556062297080515321889349485502740224305449594394673897196762e-1,1.540304029195565588483360363327243648145806420068646309340918171967361230387325614989109373747201328e-1
bratu,40,57,1.425e-1,1.56425714407445927824080050680568892493956048512224402214183473383226569212206533276154425112826629e-1,1.563841728452704037024001808235749863023715040914941952194227176121194927188979746561940381396268682e-1
bratu,40,58,1.45e-1,1.58730241724248069505442199205758931252351474053643651209473451911425736181358570608362111253685638e-1,1.587233268405721994048622439981308396219533250465826467211137338454074323163253914549027445075874542e-1
bratu,40,59,1.475e-1,1.61034769041050211186804347730948970010746899595062900204763430439624903150510607940569797394544647e-1,1.610478306766575305128331874504385705308740790943042008003262004956555340539230781413967977174214802e-1
bratu,40,60,1.5e-1,1.63339296357852352868166496256139008769142325136482149200053408967824070119662645272777483535403656e-1,1.633576502596898391853628544213053220906839530341823768306046977788467853852630433795091424379395384e-1
bratu,40,61,1.525e-1,1.65643823674654494549528644781329047527537750677901398195343387496023237088814682604985169676262665e-1,1.656527516326164288572350714464959784058692099564666353689797111339479468188180405443288548695212071e-1
bratu,40,62,1.55e-1,1.67948350991456636230890793306519086285933176219320647190633366024222404057966719937192855817121674e-1,1.679331009769841143456560347914187821179025574356397643640261314760754541692876554568968035307865371e-1
bratu,40,63,1.575e-1,1.70252878308258777912252941831709125044328601760739896185923344552421571027118757269400541957980683e-1,1.701986646147543371512495056006319374896567558765167725480252118884763149326191274166864603568524471e-1
bratu,40,64,1.6e-1,1.72557405625060919593615090356899163802724027302159145181213323080620737996270794601608228098839692e-1,1.724494090101175636128116881438637687211551582467074832180769458760519931940341094464891871880493004e-1
bratu,40,65,1.625e-1,1.74861932941863061274977238882089202561119452843578394176503301608819904965422831933815914239698701e-1,1.74685300771306782498932270825538904081265394936527806404457726571666242571327869739469730294963146e-1
bratu,40,66,1.65e-1,1.770994325661199478927073988539192045366795742465484226352902323435792525931788393597040321712239807e-1,1.769063066524099175693245296842882352542394978078454021338793697149785011796749329499533037766851007e-1
bratu,40,67,1.675e-1,1.792326811493450888509840340478077370905847501211449540049804675718818783985464112059464137203808322e-1,1.791123935551809696149917133786048750374219626086798889949149104038293484372663969957344092132123025e-1
bratu,40,68,1.7e-1,1.813659297325702298092606692416962696444899259957414853746707028001845042039139830521887952695376837e-1,1.813035285308497014896505515015837202211336996423710729962153485445867110045123096649445387999951637e-1
bratu,40,69,1.725e-1,1.834991783157953707675373044355848021983951018703380167443609380284871300092815548984311768186945351e-1,1.834796787819296786755931735984008028440007675652640201431158433606280812282869992493355604112367324e-1
bratu,40,70,1.75e-1,1.856324268990205117258139396294733347523002777449345481140511732567897558146491267446735583678513866e-1,1.856408116640244769858494226015828981423587659097546780160153466181103946755630323929984248459048774e-1
bratu,40,71,1.775e-1,1.877656754822456526840905748233618673062054536195310794837414084850923816200166985909159399170082381e-1,1.87786894687631868091561624548996979604377580886142397394744529467014331105513928442116809769348257e-1
bratu,40,72,1.8e-1,1.898989240654707936423672100172503998601106294941276108534316437133950074253842704371583214661650895e-1,1.899178955199457926793479638011787213639103565591264731207426717779503619209186539432622900457125081e-1
bratu,40,73,1.825e-1,1.92032172648695934600643845211138932414015805368724142223121878941697633230751842283400703015321941e-1,1.920337819866559301885486266180881841721725360882631581818271271697799224283323405912320455997589169e-1
bratu,40,74,1.85e-1,1.941654212319210755589204804050274649679209812433206735928121141700002590361194141296430845644787925e-1,1.941345220737446732530558158599215512377124694076725145183457308180811647876897996226480323981472126e-1
bratu,40,75,1.875e-1,1.962986698151462165171971155989159975218261571179172049625023493983028848414869859758854661136356439e-1,1.962200839292813141773544817613069468358646004589151380411435622344760183890776090106999298448301893e-1
bratu,40,76,1.9e-1,1.984319183983713574754737507928045300757313329925137363321925846266055106468545578221278476627924954e-1,1.982904358652132500118697035277607091906439321846608438576808998446916183288010878351892222280859373e-1
bratu,40,77,1.925e-1,2.005651669815964984337503859866930626296365088671102677018828198549081364522221296683702292119493468e-1,2.003455463591540120591481020379261248701364044568069082876034839097923847016262361253289125797826231e-1
bratu,40,78,1.95e-1,2.026026444763865902577856030011160820240329324481017769438077869245603598562472573152671212597375345e-1,2.023853840561679249402077298947604699849266092293705446327961486480770375700951646129527056012503437e-1
bratu,40,79,1.975e-1,2.04548392617372990359136621221759088059057474999571782122663446614339718772147967106826923647366848e-1,2.04409917770551199679980886922401019647123677474817337024628810695002518699907143047359262858528341e-1
bratu,40,80,2.0e-1,2.064941407583593904604876394424020940940820175510417873015191063041190776880486768983867260349961615e-1,2.064191164876092646325484079477148378171552134678193383050848739312013483311508987539549125063129674e-1
bratu,40,81,2.025e-1,2.084398888993457905618386576630451001291065601025117924803747659938984366039493866899465284226254749e-1,2.084129493654301374612169672546978335683471733819252683788417208262178566407846199491015342026339965e-1
bratu,40,82,2.05e-1,2.103856370403321906631896758836881061641311026539817976592304256836777955198500964815063308102547884e-1,2.103913857366536408158110794598465039765477577915167430810584988763673945550754734057768296139610309e-1
bratu,40,83,2.075e-1,2.123313851813185907645406941043311121991556452054518028380860853734571544357508062730661331978841019e-1,2.123543951102362638102202228592017043260952725455955757490477619108942938843814795899878963298459163e-1
bratu,40,84,2.1e-1,2.142771333223049908658917123249741182341801877569218080169417450632365133516515160646259355855134154e-1,2.143019471732114708976333738405048916828209535992484898461162667484850186493254134602674504594726669e-1
bratu,40,85,2.125e-1,2.162228814632913909672427305456171242692047303083918131957974047530158722675522258561857379731427289e-1,2.162340117924452592693755563500782931553742884084306495701468308470761567919450775490081530872940951e-1
bratu,40,86,2.15e-1,2.181686296042777910685937487662601303042292728598618183746530644427952311834529356477455403607720424e-1,2.18150559016386765466193746961976515785156346103161581574661842505262687920640010759627746483825666e-1
bratu,40,87,2.175e-1,2.201143777452641911699447669869031363392538154113318235535087241325745900993536454393053427484013558e-1,2.200515590768137214885750355465439118908137076000498239243264244672701274314136205217962973943335928e-1
bratu,40,88,2.2e-1,2.220601258862505912712957852075461423742783579628018287323643838223539490152543552308651451360306693e-1,2.21936982390572560325562962220059781292020733611973586214185282921706564306609186648216978935632184e-1
bratu,40,89,2.225e-1,2.240058740272369913726468034281891484093029005142718339112200435121333079311550650224249475236599828e-1,2.238067995613129704899051129093558406976264274899923294403738396832333904978439967422358556475586701e-1
bratu,40,90,2.25e-1,2.259516221682233914739978216488321544443274430657418390900757032019126668470557748139847499112892963e-1,2.256609813812166988515448860863034470293113859791207260556175982503589331946356569655943862076649641e-1
bratu,40,91,2.275e-1,2.277158941313846944952361008120822940614988740984939114127490715677409605259076745039618327913994474e-1,2.274994988327204008017830257880100663239698388938580625944304747541731432757505569074460844629242348e-1
bratu,40,92,2.3e-1,2.294585181444806388076617804960292631940291896719069273322915431122959733115031948296260471164047565e-1,2.293223230902323365571917011239189079586893443121154920838102009445871241179146337232502110255170327e-1
bratu,40,93,2.325e-1,2.312011421575765831200874601799762323265595052453199432518340146568509860970987151552902614414100656e-1,2.311294255218427122258685289835111411403747520160383776344559152266853439796129150919713125559419305e-1
bratu,40,94,2.35e-1,2.329437661706725274325131398639232014590898208187329591713764862014059988826942354809544757664153748e-1,2.329207776910274641091640067049369391655915907017736759666553403469257395499352462258027845007665637e-1
bratu,40,95,2.375e-1,2.346863901837684717449388195478701705916201363921459750909189577459610116682897558066186900914206839e-1,2.346963513583452845998882771434457970474791966321265742504419584212256531002602227549562347069388276e-1
bratu,40,96,2.4e-1,2.36429014196864416057364499231817139724150451965558991010461429290516024453885276132282904416425993e-1,2.364561184831276879634776511841587011724786875024719055383426675947152863129290508389254226169253097e-1
bratu,40,97,2.425e-1,2.381716382099603603697901789157641088566807675389720069300039008350710372394807964579471187414313021e-1,2.382000512251619142519440745148689557065277243221208955628178365371046214759563884137270749356383592e-1
bratu,40,98,2.45e-1,2.399142622230563046822158585997110779892110831123850228495463723796260500250763167836113330664366112e-1,2.399281219463664696018983339963089806759270454859819925593022980803494756355869620806358923866339614e-1
bratu,40,99,2.475e-1,2.416568862361522489946415382836580471217413986857980387690888439241810628106718371092755473914419204e-1,2.416403032124591012077770443515851003216717944927485732167201858247840988937018468497200098511229296e-1
bratu,40,100,2.5e-1,2.433995102492481933070672179676050162542717142592110546886313154687360755962673574349397617164472295e-1,2.433365677946170053398511608561374889062111708896558945320907947045738465545036484099146541229776955e-1
bratu,40,101,2.525e-1,2.451421342623441376194928976515519853868020298326240706081737870132910883818628777606039760414525386e-1,2.450168886711290668938766166441659312799565350812630309862560588354835299282066232078889279882136071e-1
bratu,40,102,2.55e-1,2.468847582754400819319185773354989545193323454060370865277162585578461011674583980862681903664578477e-1,2.466812390290399291155820744569669356027350335446854867607712345733869595565579118910148032280113249e-1
bratu,40,103,2.575e-1,2.486273822885360262443442570194459236518626609794501024472587301024011139530539184119324046914631568e-1,2.483295922657856923387806438012204678008106537580468766811058992622360770829814659983995762685487444e-1
bratu,40,104,2.6e-1,2.502359942364110482785638578283631265986342242243182306692988028345280031205166140856151788716513392e-1,2.4996192199082104081093706139388448091933031650089716449269465570878366943334485503958817338425872e-1
bratu,40,105,2.625e-1,2.517607692480204647100933785194288734244523720566423528813154138857203530052752051306441521857998635e-1,2.515782020272375969547038117421921167338851826490763233487804883252726343103294829104189750105927924e-1
bratu,40,106,2.65e-1,2.532855442596298811416228992104946202502705198889664750933320249369127028900337961756731254999483879e-1,2.53178406413373302728432602379040882437864369412295691606613805269274269696288799606445874852255073e-1
bratu,40,107,2.675e-1,2.548103192712392975731524199015603670760886677212905973053486359881050527747923872207020988140969122e-1,2.547625094044126281031340651950343190063142049723735255405029212275521815932885664737602881628162469e-1
bratu,40,108,2.7e-1,2.563350942828487140046819405926261139019068155536147195173652470392974026595509782657310721282454366e-1,2.563304854739774070679498833214018547624500695329358274366905044000576627032019146741500690654530404e-1
bratu,40,109,2.725e-1,2.578598692944581304362114612836918607277249633859388417293818580904897525443095693107600454423939609e-1,2.578823093157081020110577465579502227843241689122545212855842204009931332258903414752274271854883372e-1
bratu,40,110,2.75e-1,2.593846443060675468677409819747576075535431112182629639413984691416821024290681603557890187565424853e-1,2.594179558448352977981791397580178236251889388087472575466883945141788355534933649683496316229483411e-1
bratu,40,111,2.775e-1,2.609094193176769632992705026658233543793612590505870861534150801928744523138267514008179920706910096e-1,2.609374001997412273866198776003721594582177393801547676851190320859453734172264065822983055106013991e-1
bratu,40,112,2.8e-1,2.62434194329286379730800023356889101205179406882911208365431691244066802198585342445846965384839534e-1,2.624406177435111313691486865813507446062634139884941632343949460273206710921772361790813799109763042e-1
bratu,40,113,2.825e-1,2.639589693408957961623295440479548480309975547152353305774483022952591520833439334908759386989880584e-1,2.639275840654742544391033107284570917653630951549046242503536112196092154208070548288352099591869626e-1
bratu,40,114,2.85e-1,2.654837443525052125938590647390205948568157025475594527894649133464515019681025245359049120131365827e-1,2.653982749827342824059879129136247591125659587466670736319872736580323345562178043044883249816973288e-1
bratu,40,115,2.875e-1,2.670085193641146290253885854300863416826338503798835750014815243976438518528611155809338853272851071e-1,2.668526665416890240695591987517167366969682624373143932288468071445922495415431181501192913641240777e-1
bratu,40,116,2.9e-1,2.685332943757240454569181061211520885084519982122076972134981354488362017376197066259628586414336314e-1,2.682907350195391429800487451541428881828000456081559601267977446900829416142288873570288902448092705e-1
bratu,40,117,2.925e-1,2.700580693873334618884476268122178353342701460445318194255147465000285516223782976709918319555821558e-1,2.697124569257857448727802075219538915567332468895242554715115151980582086164711215569649826322184347e-1
bratu,40,118,2.95e-1,2.714079833262279929195317616164539265423338196339514847569171898836778354319828387446010813776681828e-1,2.711178090037166273670447429742702632736035974911014657150055675573342137425435285847726812979277342e-1
bratu,40,119,2.975e-1,2.727014119279571954208488414848459482652874941091271347616830749376996292422571681075506876410874163e-1,2.725067682318809993617159605208404825763908010640688684665088340208579333015090175087868283659295273e-1
bratu,40,120,3.0e-1,2.739948405296863979221659213532379699882411685843027847664489599917214230525314974705002939045066498e-1,2.738793118255524784437242463732067721804083526719647621338568149027356587025450076659914819056647574e-1
bratu,40,121,3.025e-1,2.752882691314156004234830012216299917111948430594784347712148450457432168628058268334499001679258834e-1,2.752354172381801755501639986067075674578204304991484201758684047736428199278958063345475833198985582e-1
bratu,40,122,3.05e-1,2.765816977331448029248000810900220134341485175346540847759807300997650106730801561963995064313451169e-1,2.765750621628276770904579777793144863961317778265620063048491574108375826244935154322467868444062328e-1
bratu,40,123,3.075e-1,2.778751263348740054261171609584140351571021920098297347807466151537868044833544855593491126947643504e-1,2.77898224533599735741619655865066749874450991365166633758740814751260039681482001262920079013973254e-1
bratu,40,124,3.1e-1,2.79168554936603207927434240826806056880055866485005384785512500207808598293628814922298718958183584e-1,2.792048825270564821771932532783596915842514860855915223174947956943376519448988804880302208706885287e-1
bratu,40,125,3.125e-1,2.804619835383324104287513206951980786030095409601810347902783852618303921039031442852483252216028175e-1,2.804950145636149710788552698859758898191762591284135825467805121865864457500785868650436086185518705e-1
bratu,40,126,3.15e-1,2.81755412140061612930068400563590100325963215435356684795044270315852185914177473648197931485022051e-1,2.817685993089378759088609093727770979339454690718202406440989414700293833899326019832836246242335912e-1
bratu,40,127,3.175e-1,2.830488407417908154313854804319821220489168899105323347998101553698739797244518030111475377484412846e-1,2.830256156753091480914309758401090607442844287293730837472230806033867108046131769444042030853688156e-1
bratu,40,128,3.2e-1,2.843422693435200179327025603003741437718705643857079848045760404238957735347261323740971440118605181e-1,2.842660428229964574617035898786065666665793974389151099993116503992571080811081216597039052160752436e-1
bratu,40,129,3.225e-1,2.856356979452492204340196401687661654948242388608836348093419254779175673450004617370467502752797516e-1,2.854898601616002320919112852303958261125270198729224352782504032957316976219336083725133472747353694e-1
bratu,40,130,3.25e-1,2.869291265469784229353367200371581872177779133360592848141078105319393611552747910999963565386989851e-1,2.866970473513891168958653825496495833049531632036924675679333620732718811021809420963349995893321163e-1
bratu,40,131,3.275e-1,2.882225551487076254366537999055502089407315878112349348188736955859611549655491204629459628021182187e-1,2.878875843046216717445004603417274379759118125272038460930178599935923428581642393772218414008102394e-1
bratu,40,132,3.3e-1,2.894189609751663250270413593078156173252623712234991692621165425533174341744183489242750470705312238e-1,2.890614511868541311970034893705579134803858116718618272593499670041566780482807823159945973576039781e-1
bratu,40,133,3.325e-1,2.904691138594176155132112659093078744900045567410723609745606540283329257156758016758046392780525768e-1,2.902186284182340493637627510049027063742050489068263580260146426356679660947416828878839181300664557e-1
bratu,40,134,3.35e-1,2.915192667436689059993811725108001316547467422586455526870047655033484172569332544273342314855739297e-1,2.913590966747796548688457473601117530430313206471349444796030180000721090933560666160594801986044763e-1
bratu,40,135,3.375e-1,2.925694196279201964855510791122923888194889277762187443994488769783639087981907071788638236930952827e-1,2.92482836889644742370764391847407386752364400506442215082142561951230478356274169585269577422554019e-1
bratu,40,136,3.4e-1,2.936195725121714869717209857137846459842311132937919361118929884533794003394481599303934159006166356e-1,2.935898302543689286307080390389449935908551122120412451627028493468112007268825571916778685710416983e-1
bratu,40,137,3.425e-1,2.946697253964227774578908923152769031489732988113651278243370999283948918807056126819230081081379885e-1,2.946800582201131026870053119301776448106538425632961225196768596084812698579113979546073080870811035e-1
bratu,40,138,3.45e-1,2.957198782806740679440607989167691603137154843289383195367812114034103834219630654334526003156593415e-1,2.9575350249887990130308590850715230918245479111627821521063670482136341918977280255421700346188918e-1
bratu,40,139,3.475e-1,2.967700311649253584302307055182614174784576698465115112492253228784258749632205181849821925231806944e-1,2.968101450647190425034120896416961161508100081239941987443048217109782850058842269359023605094087333e-1
bratu,40,140,3.5e-1,2.978201840491766489164006121197536746431998553640847029616694343534413665044779709365117847307020474e-1,2.978499681549173516974816398336882214883005508094131589041883344898413711048012980292969246523248097e-1
bratu,40,141,3.525e-1,2.988703369334279394025705187212459318079420408816578946741135458284568580457354236880413769382234003e-1,2.988729542711733166158018575346455916034062046234205533944314704239164445836991079812386458563981431e-1
bratu,40,142,3.55e-1,2.999204898176792298887404253227381889726842263992310863865576573034723495869928764395709691457447532e-1,2.998790861807560090434165503112491259477745726042850988259431802249369585737420613072635311774932906e-1
bratu,40,143,3.575e-1,3.009706427019305203749103319242304461374264119168042780990017687784878411282503291911005613532661062e-1,3.008683469176482131358409750217887385584762001238339414706621493046805744496838185148110324082846758e-1
bratu,40,144,3.6e-1,3.020207955861818108610802385257227033021685974343774698114458802535033326695077819426301535607874591e-1,3.018407197836736019388160335331356138265338037072123307484293713742303675169261733541172973982775069e-1
bratu,40,145,3.625e-1,3.030709484704331013472501451272149604669107829519506615238899917285188242107652346941597457683088121e-1,3.027961883496078056068126920505246617654297642487639488412236185601508155674551155758575939884905306e-1
bratu,40,146,3.65e-1,3.04121101354684391833420051728707217631652968469523853236334103203534315752022687445689337975830165e-1,3.037347364562732167253675042997687126187134826426506798208749306257798467951812698138184157354124539e-1
bratu,40,147,3.675e-1,3.050115620585892495035359126270252125045112965387229740785448104516750977950660319073964217446386895e-1,3.046563482156173800887644079438570547708941678514573449810726320058135871289754395258489910425185756e-1
bratu,40,148,3.7e-1,3.05808410996563662832377149671404044440166464230051109434777758965602694937384042196274150728366497e-1,3.055610080117748162669379824913556731280859260230116032070383048474263675763757275455255748856208314e-1
bratu,40,149,3.725e-1,3.066052599345380761612183867157828763758216319213792447910107074795302920797020524851518797120943044e-1,3.06448700502112130313387770453721151015097643658466049323433928896137907512188467400454468099510567e-1
bratu,40,150,3.75e-1,3.074021088725124894900596237601617083114767996127073801472436559934578892220200627740296086958221119e-1,3.073194106182562590189781366125895626402656589445284744118801271303357684481221617122854380355325042e-1
bratu,40,151,3.775e-1,3.081989578104869028189008608045405402471319673040355155034766045073854863643380730629073376795499193e-1,3.081731235671057122043570322038310317052640994963579735463852021731166394901759691917370173408115874e-1
bratu,40,152,3.8e-1,3.089958067484613161477420978489193721827871349953636508597095530213130835066560833517850666632777268e-1,3.090098248318246656659510954685968088404887882939969082546310333318596741223432809208590114395082723e-1
bratu,40,153,3.825e-1,3.097926556864357294765833348932982041184423026866917862159425015352406806489740936406627956470055342e-1,3.098295001728197655466626123659766558276783294153919617673888922708774378731917641483059938493278215e-1
bratu,40,154,3.85e-1,3.105895046244101428054245719376770360540974703780199215721754500491682777912921039295405246307333416e-1,3.106321356286995060920726501063766761282360665274818079508251279112215436520395621719766005888823982e-1
bratu,40,155,3.875e-1,3.113863535623845561342658089820558679897526380693480569284083985630958749336101142184182536144611491e-1,3.114177175172160449756987629601925757581196554783357237137417396416369652618046099609755457323993607e-1
bratu,40,156,3.9e-1,3.121832025003589694631070460264346999254078057606761922846413470770234720759281245072959825981889565e-1,3.121862324361893226322077133720013543116957713244856819800982681349797732905955324596828431415449652e-1
bratu,40,157,3.925e-1,3.12980051438333382791948283070813531861062973452004327640874295590951069218246134796173711581916764e-1,3.12937667264413354324974498930778700595252758483818634153319098344550351105280486441879972524368257e-1
bratu,40,158,3.95e-1,3.137769003763077961207895201151923637967181411433324629971072441048786663605641450850514405656445714e-1,3.136720091625445659935277995539191838316438576192583320374714693002145403250470008296501062983519098e-1
bratu,40,159,3.975e-1,3.145737493142822094496307571595711957323733088346605983533401926188062635028821553739291695493723789e-1,3.143892455739720472767363996571824768867961797898114560449989882454169220986969249203132389054722436e-1
bratu,40,160,4.0e-1,3.153705982522566227784719942039500276680284765259887337095731411327338606452001656628068985331001863e-1,3.150893642256695974885674540864135960818303117864881274064174060562523977161570891812168844560391886e-1
bratu,40,161,4.025e-1,3.161674471902310361073132312483288596036836442173168690658060896466614577875181759516846275168279937e-1,3.157723531290294427343706823370415269926469380416661394733979274315045760180044984244489134107239552e-1
bratu,40,162,4.05e-1,3.168234135232321990124593526445848912777975759893846939183123065834206285944870922344874100261820592e-1,3.164382005806775047963866526958393861223838732031456534275016919983846637864851020063687474989726348e-1
bratu,40,163,4.075e-1,3.173591347683415870195095603784732448601212663826956374082304367797558556721117884632819980824112401e-1,3.170868951632701048870053134561315220276006861342550101721956267398000520995070062328102146081502583e-1
bratu,40,164,4.1e-1,3.17894856013450975026559768112361598442444956776006580898148566976091082749736484692076586138640421e-1,3.177184257462719878666651683883549869721657970873461186962474336350516875341716907292306940930237164e-1
bratu,40,165,4.125e-1,3.184305772585603630336099758462499520247686471693175243880666971724263098273611809208711741948696019e-1,3.1833278148671555504962575053466140634574314813294727082991961853955967303460917788641124872487473e-1
bratu,40,166,4.15e-1,3.189662985036697510406601835801383056070923375626284678779848273687615369049858771496657622510987829e-1,3.189299518299411962745977233840688483762681797340058105000310638366616825975657260956647030772743624e-1
bratu,40,167,4.175e-1,3.195020197487791390477103913140266591894160279559394113679029575650967639826105733784603503073279638e-1,3.195099265103186144977972497946612108669227622709350232980604608492869193122675971178530014037499096e-1
bratu,40,168,4.2e-1,3.200377409938885270547605990479150127717397183492503548578210877614319910602352696072549383635571447e-1,3.200726955519490387728154452547248241172139035485601005844721152291430962547871391369911831297829377e-1
bratu,40,169,4.225e-1,3.205734622389979150618108067818033663540634087425612983477392179577672181378599658360495264197863256e-1,3.206182492693482241141612108122967987454604308361642391523417942346879046392293671572492204388996823e-1
bratu,40,170,4.25e-1,3.211091834841073030688610145156917199363870991358722418376573481541024452154846620648441144760155066e-1,3.211465782681101393988383726285434791079287483658065697087766277097579162214449146694531200417854198e-1
bratu,40,171,4.275e-1,3.216449047292166910759112222495800735187107895291831853275754783504376722931093582936387025322446875e-1,3.216576734455512471422383116058173121437771793553540464320638672817514052256895333351514800041634197e-1
bratu,40,172,4.3e-1,3.221806259743260790829614299834684271010344799224941288174936085467728993707340545224332905884738684e-1,3.221515259913352816903404552693763208446972081822138140261221995429811301031153716870196864756246276e-1
bratu,40,173,4.325e-1,3.227163472194354670900116377173567806833581703158050723074117387431081264483587507512278786447030494e-1,3.226281273880784350990794864148852638226789453428679102690721136686390373562641470119406062830021538e-1
bratu,40,174,4.35e-1,3.232520684645448550970618454512451342656818607091160157973298689394433535259834469800224667009322303e-1,3.230874694119348627231155377250125396309459105553634044944859866536984891839202588333961378502227054e-1
bratu,40,175,4.375e-1,3.237877897096542431041120531851334878480055511024269592872479991357785806036081432088170547571614112e-1,3.235295441331624233094791327494270339568220090625699878377609872232897175887304493497015825982440194e-1
bratu,40,176,4.4e-1,3.243235109547636311111622609190218414303292414957379027771661293321138076812328394376116428133905921e-1,3.239543439166685711859950833960082549550883905230215784215385219166610251016908860633690765543311426e-1
bratu,40,177,4.425e-1,3.24801452274331721877837859647643782961392757684573704483652152456050872447772697684224411917735537e-1,3.243618614225363209493498193225168283098855655567536755438249496761287769159470117969216034673071705e-1
bratu,40,178,4.45e-1,3.250706783228631982400524165351363641154833600042613276716533734414472512661549779873066646632038902e-1,3.247520896065302078924777783683052910121393594903182210376070751412454347533303050277913564157751268e-1
bratu,40,179,4.475e-1,3.253399043713946746022669734226289452695739623239489508596545944268436300845372582903889174086722434e-1,3.251250217205821702649200639442465979976235477625801828496503002825959541507703607036746489290324342e-1
bratu,40,180,4.5e-1,3.256091304199261509644815303101215264236645646436365740476558154122400089029195385934711701541405966e-1,3.254806513132572823322608205721777646101324571350984066662787951764390468878046744198700397146880633e-1
bratu,40,181,4.525e-1,3.258783564684576273266960871976141075777551669633241972356570363976363877213018188965534228996089498e-1,3.258189722301992700909749023129630157114911437900888403154454677542369634904045270508673245591273969e-1
bratu,40,182,4.55e-1,3.26147582516989103688910644085106688731845769283011820423658257383032766539684099199635675645077303e-1,3.261399786145557444023188418943786254816447244156619918012278075919490699970662176210047602503871642e-1
bratu,40,183,4.575e-1,3.264168085655205800511252009725992698859363716026994436116594783684291453580663795027179283905456562e-1,3.264436649073830892325537844767746310552171246921165971182743275576538415246268758463804705758227382e-1
bratu,40,184,4.6e-1,3.266860346140520564133397578600918510400269739223870667996606993538255241764486598058001811360140093e-1,3.267300258480309456260855893187323533359728137139524790594993414861022022602326212300210976623438912e-1
bratu,40,185,4.625e-1,3.269552606625835327755543147475844321941175762420746899876619203392219029948309401088824338814823625e-1,3.269990564745062349923193995962678322052107765437452107157461176356751796453315396479005784376613095e-1
bratu,40,186,4.65e-1,3.272244867111150091377688716350770133482081785617623131756631413246182818132132204119646866269507157e-1,3.272507521238166682554235950400884065098630064320166715220021013650138918534329172951232144765484119e-1
bratu,40,187,4.675e-1,3.274937127596464854999834285225695945022987808814499363636643623100146606315955007150469393724190689e-1,3.274851084322936903980456929771977084743001000340549292208696750242081673301747257020824744811262595e-1
bratu,40,188,4.7e-1,3.277629388081779618621979854100621756563893832011375595516655832954110394499777810181291921178874221e-1,3.277021213358948129245798062355976555564349367011588352853881310565838995874589029554252090215128792e-1
bratu,40,189,4.725e-1,3.280321648567094382244125422975547568104799855208251827396668042808074182683600613212114448633557753e-1,3.279017870704852897761061727995783493147879254000132103624993461601630028450781563027302380995552277e-1
bratu,40,190,4.75e-1,3.283013909052409145866270991850473379645705878405128059276680252662037970867423416242936976088241285e-1,3.280841021720990952468579123346557489623459912266569056357747452767993157794658253122003665950251666e-1
bratu,40,191,4.775e-1,3.285706169537723909488416560725399191186611901602004291156692462516001759051246219273759503542924817e-1,3.282490634771791654802640926049959122379173199187272373697412100382204306166841802617834658019180899e-1
bratu,40,192,4.8e-1,3.288398430023038673110562129600325002727517924798880523036704672369965547235069022304582030997608349e-1,3.283966681227968681605129292101283206627871711074366590641131734740226932992735490795433964992802103e-1
bratu,40,193,4.825e-1,3.2890594243912233775145161125935652287197407326183726175368335986246477479793464757888384937125548e-1,3.285269135468506680624122802933059113657691978188366107406956939547170416349327701116179226424427385e-1
bratu,40,194,4.85e-1,3.2890594243912233775145161125935652287197407326183726175368335986246477479793464757888384937125548e-1,3.286397974882439591773308713134552159150369136332974329619884890895770215199642731722975187372981672e-1
bratu,40,195,4.875e-1,3.2890594243912233775145161125935652287197407326183726175368335986246477479793464757888384937125548e-1,3.287353179870420371954140765522754118528031912303151084720331098653504442664739442325920580782407827e-1
bratu,40,196,4.9e-1,3.2890594243912233775145161125935652287197407326183726175368335986246477479793464757888384937125548e-1,3.288134733846081891933109173954807383622288522857825698378189219080107689580969875884793411816258056e-1
bratu,40,197,4.925e-1,3.2890594243912233775145161125935652287197407326183726175368335986246477479793464757888384937125548e-1,3.288742623237188804515499737054648475192042784950182336972143445613902992434627373881483766178703221e-1
bratu,40,198,4.95e-1,3.2890594243912233775145161125935652287197407326183726175368335986246477479793464757888384937125548e-1,3.289176837486580214056846405470800817649171248054182159881064844353640994894092975233889441649575972e-1
bratu,40,199,4.975e-1,3.2890594243912233775145161125935652287197407326183726175368335986246477479793464757888384937125548e-1,3.289437369052903008196141299242123422291096812090458240099708767358840454727382389260985195685017171e-1
bratu,40,200,5.0e-1,3.2890594243912233775145161125935652287197407326183726175368335986246477479793464757888384937125548e-1,3.289524213411135743572956833232027728076792986098885679827680373130425117122306548306772742847397669e-1
bratu,40,201,5.025e-1,3.2890594243912233775145161125935652287197407326183726175368335986246477479793464757888384937125548e-1,3.289437369052903008196141299242123422291096812090458240099708767358840454727382389260985195685017171e-1
bratu,40,202,5.05e-1,3.2890594243912233775145161125935652287197407326183726175368335986246477479793464757888384937125548e-1,3.289176837486580214056846405470800817649171248054182159881064844353640994894092975233889441649575972e-1
bratu,40,203,5.075e-1,3.2890594243912233775145161125935652287197407326183726175368335986246477479793464757888384937125548e-1,3.288742623237188804515499737054648475192042784950182336972143445613902992434627373881483766178703221e-1
bratu,40,204,5.1e-1,3.2890594243912233775145161125935652287197407326183726175368335986246477479793464757888384937125548e-1,3.288134733846081891933109173954807383622288522857825698378189219080107689580969875884793411816258056e-1
bratu,40,205,5.125e-1,3.2890594243912233775145161125935652287197407326183726175368335986246477479793464757888384937125548e-1,3.287353179870420371954140765522754118528031912303151084720331098653504442664739442325920580782407827e-1
bratu,40,206,5.15e-1,3.2890594243912233775145161125935652287197407326183726175368335986246477479793464757888384937125548e-1,3.286397974882439591773308713134552159150369136332974329619884890895770215199642731722975187372981672e-1
bratu,40,207,5.175e-1,3.2890594243912233775145161125935652287197407326183726175368335986246477479793464757888384937125548e-1,3.285269135468506680624122802933059113657691978188366107406956939547170416349327701116179226424427385e-1
bratu,40,208,5.2e-1,3.288398430023038673110562129600325002727517924798880523036704672369965547235069022304582030997608349e-1,3.283966681227968681605129292101283206627871711074366590641131734740226932992735490795433964992802103e-1
bratu,40,209,5.225e-1,3.285706169537723909488416560725399191186611901602004291156692462516001759051246219273759503542924817e-1,3.282490634771791654802640926049959122379173199187272373697412100382204306166841802617834658019180899e-1
bratu,40,210,5.25e-1,3.283013909052409145866270991850473379645705878405128059276680252662037970867423416242936976088241285e-1,3.280841021720990952468579123346557489623459912266569056357747452767993157794658253122003665950251666e-1
bratu,40,211,5.275e-1,3.280321648567094382244125422975547568104799855208251827396668042808074182683600613212114448633557753e-1,3.279017870704852897761061727995783493147879254000132103624993461601630028450781563027302380995552277e-1
bratu,40,212,5.3e-1,3.277629388081779618621979854100621756563893832011375595516655832954110394499777810181291921178874221e-1,3.277021213358948129245798062355976555564349367011588352853881310565838995874589029554252090215128792e-1
bratu,40,213,5.325e-1,3.274937127596464854999834285225695945022987808814499363636643623100146606315955007150469393724190689e-1,3.274851084322936903980456929771977084743001000340549292208696750242081673301747257020824744811262595e-1
bratu,40,214,5.35e-1,3.272244867111150091377688716350770133482081785617623131756631413246182818132132204119646866269507157e-1,3.272507521238166682554235950400884065098630064320166715220021013650138918534329172951232144765484119e-1
bratu,40,215,5.375e-1,3.269552606625835327755543147475844321941175762420746899876619203392219029948309401088824338814823625e-1,3.269990564745062349923193995962678322052107765437452107157461176356751796453315396479005784376613095e-1
bratu,40,216,5.4e-1,3.266860346140520564133397578600918510400269739223870667996606993538255241764486598058001811360140093e-1,3.267300258480309456260855893187323533359728137139524790594993414861022022602326212300210976623438912e-1
bratu,40,217,5.425e-1,3.264168085655205800511252009725992698859363716026994436116594783684291453580663795027179283905456562e-1,3.264436649073830892325537844767746310552171246921165971182743275576538415246268758463804705758227382e-1
bratu,40,218,5.45e-1,3.26147582516989103688910644085106688731845769283011820423658257383032766539684099199635675645077303e-1,3.261399786145557444023188418943786254816447244156619918012278075919490699970662176210047602503871642e-1
bratu,40,219,5.475e-1,3.258783564684576273266960871976141075777551669633241972356570363976363877213018188965534228996089498e-1,3.258189722301992700909749023129630157114911437900888403154454677542369634904045270508673245591273969e-1
bratu,40,220,5.5e-1,3.256091304199261509644815303101215264236645646436365740476558154122400089029195385934711701541405966e-1,3.254806513132572823322608205721777646101324571350984066662787951764390468878046744198700397146880633e-1
bratu,40,221,5.525e-1,3.253399043713946746022669734226289452695739623239489508596545944268436300845372582903889174086722434e-1,3.251250217205821702649200639442465979976235477625801828496503002825959541507703607036746489290324342e-1
bratu,40,222,5.55e-1,3.250706783228631982400524165351363641154833600042613276716533734414472512661549779873066646632038902e-1,3.247520896065302078924777783683052910121393594903182210376070751412454347533303050277913564157751268e-1
bratu,40,223,5.575e-1,3.24801452274331721877837859647643782961392757684573704483652152456050872447772697684224411917735537e-1,3.243618614225363209493498193225168283098855655567536755438249496761287769159470117969216034673071705e-1
bratu,40,224,5.6e-1,3.243235109547636311111622609190218414303292414957379027771661293321138076812328394376116428133905921e-1,3.239543439166685711859950833960082549550883905230215784215385219166610251016908860633690765543311426e-1
bratu,40,225,5.625e-1,3.237877897096542431041120531851334878480055511024269592872479991357785806036081432088170547571614112e-1,3.235295441331624233094791327494270339568220090625699878377609872232897175887304493497015825982440194e-1
bratu,40,226,5.65e-1,3.232520684645448550970618454512451342656818607091160157973298689394433535259834469800224667009322303e-1,3.230874694119348627231155377250125396309459105553634044944859866536984891839202588333961378502227054e-1
bratu,40,227,5.675e-1,3.227163472194354670900116377173567806833581703158050723074117387431081264483587507512278786447030494e-1,3.226281273880784350990794864148852638226789453428679102690721136686390373562641470119406062830021538e-1
bratu,40,228,5.7e-1,3.221806259743260790829614299834684271010344799224941288174936085467728993707340545224332905884738684e-1,3.221515259913352816903404552693763208446972081822138140261221995429811301031153716870196864756246276e-1
bratu,40,229,5.725e-1,3.216449047292166910759112222495800735187107895291831853275754783504376722931093582936387025322446875e-1,3.216576734455512471422383116058173121437771793553540464320638672817514052256895333351514800041634197e-1
bratu,40,230,5.75e-1,3.211091834841073030688610145156917199363870991358722418376573481541024452154846620648441144760155066e-1,3.211465782681101393988383726285434791079287483658065697087766277097579162214449146694531200417854198e-1
bratu,40,231,5.775e-1,3.205734622389979150618108067818033663540634087425612983477392179577672181378599658360495264197863256e-1,3.206182492693482241141612108122967987454604308361642391523417942346879046392293671572492204388996823e-1
bratu,40,232,5.8e-1,3.200377409938885270547605990479150127717397183492503548578210877614319910602352696072549383635571447e-1,3.200726955519490387728154452547248241172139035485601005844721152291430962547871391369911831297829377e-1
bratu,40,233,5.825e-1,3.195020197487791390477103913140266591894160279559394113679029575650967639826105733784603503073279638e-1,3.195099265103186144977972497946612108669227622709350232980604608492869193122675971178530014037499096e-1
bratu,40,234,5.85e-1,3.189662985036697510406601835801383056070923375626284678779848273687615369049858771496657622510987829e-1,3.189299518299411962745977233840688483762681797340058105000310638366616825975657260956647030772743624e-1
bratu,40,235,5.875e-1,3.184305772585603630336099758462499520247686471693175243880666971724263098273611809208711741948696019e-1,3.1833278148671555504962575053466140634574314813294727082991961853955967303460917788641124872487473e-1
bratu,40,236,5.9e-1,3.17894856013450975026559768112361598442444956776006580898148566976091082749736484692076586138640421e-1,3.177184257462719878666651683883549869721657970873461186962474336350516875341716907292306940930237164e-1
bratu,40,237,5.925e-1,3.173591347683415870195095603784732448601212663826956374082304367797558556721117884632819980824112401e-1,3.170868951632701048870053134561315220276006861342550101721956267398000520995070062328102146081502583e-1
bratu,40,238,5.95e-1,3.168234135232321990124593526445848912777975759893846939183123065834206285944870922344874100261820592e-1,3.164382005806775047963866526958393861223838732031456534275016919983846637864851020063687474989726348e-1
bratu,40,239,5.975e-1,3.161674471902310361073132312483288596036836442173168690658060896466614577875181759516846275168279937e-1,3.157723531290294427343706823370415269926469380416661394733979274315045760180044984244489134107239552e-1
bratu,40,240,6.0e-1,3.153705982522566227784719942039500276680284765259887337095731411327338606452001656628068985331001863e-1,3.150893642256695974885674540864135960818303117864881274064174060562523977161570891812168844560391886e-1
bratu,40,241,6.025e-1,3.145737493142822094496307571595711957323733088346605983533401926188062635028821553739291695493723789e-1,3.143892455739720472767363996571824768867961797898114560449989882454169220986969249203132389054722436e-1
bratu,40,242,6.05e-1,3.137769003763077961207895201151923637967181411433324629971072441048786663605641450850514405656445714e-1,3.136720091625445659935277995539191838316438576192583320374714693002145403250470008296501062983519098e-1
bratu,40,243,6.075e-1,3.12980051438333382791948283070813531861062973452004327640874295590951069218246134796173711581916764e-1,3.12937667264413354324974498930778700595252758483818634153319098344550351105280486441879972524368257e-1
bratu,40,244,6.1e-1,3.121832025003589694631070460264346999254078057606761922846413470770234720759281245072959825981889565e-1,3.121862324361893226322077133720013543116957713244856819800982681349797732905955324596828431415449652e-1
bratu,40,245,6.125e-1,3.113863535623845561342658089820558679897526380693480569284083985630958749336101142184182536144611491e-1,3.114177175172160449756987629601925757581196554783357237137417396416369652618046099609755457323993607e-1
bratu,40,246,6.15e-1,3.105895046244101428054245719376770360540974703780199215721754500491682777912921039295405246307333416e-1,3.106321356286995060920726501063766761282360665274818079508251279112215436520395621719766005888823982e-1
bratu,40,247,6.175e-1,3.097926556864357294765833348932982041184423026866917862159425015352406806489740936406627956470055342e-1,3.098295001728197655466626123659766558276783294153919617673888922708774378731917641483059938493278215e-1
bratu,40,248,6.2e-1,3.089958067484613161477420978489193721827871349953636508597095530213130835066560833517850666632777268e-1,3.090098248318246656659510954685968088404887882939969082546310333318596741223432809208590114395082723e-1
bratu,40,249,6.225e-1,3.081989578104869028189008608045405402471319673040355155034766045073854863643380730629073376795499193e-1,3.081731235671057122043570322038310317052640994963579735463852021731166394901759691917370173408115874e-1
bratu,40,250,6.25e-1,3.074021088725124894900596237601617083114767996127073801472436559934578892220200627740296086958221119e-1,3.073194106182562590189781366125895626402656589445284744118801271303357684481221617122854380355325042e-1
bratu,40,251,6.275e-1,3.066052599345380761612183867157828763758216319213792447910107074795302920797020524851518797120943044e-1,3.06448700502112130313387770453721151015097643658466049323433928896137907512188467400454468099510567e-1
bratu,40,252,6.3e-1,3.05808410996563662832377149671404044440166464230051109434777758965602694937384042196274150728366497e-1,3.055610080117748162669379824913556731280859260230116032070383048474263675763757275455255748856208314e-1
bratu,40,253,6.325e-1,3.050115620585892495035359126270252125045112965387229740785448104516750977950660319073964217446386895e-1,3.046563482156173800887644079438570547708941678514573449810726320058135871289754395258489910425185756e-1
bratu,40,254,6.35e-1,3.04121101354684391833420051728707217631652968469523853236334103203534315752022687445689337975830165e-1,3.037347364562732167253675042997687126187134826426506798208749306257798467951812698138184157354124539e-1
bratu,40,255,6.375e-1,3.030709484704331013472501451272149604669107829519506615238899917285188242107652346941597457683088121e-1,3.027961883496078056068126920505246617654297642487639488412236185601508155674551155758575939884905306e-1
bratu,40,256,6.4e-1,3.020207955861818108610802385257227033021685974343774698114458802535033326695077819426301535607874591e-1,3.018407197836736019388160335331356138265338037072123307484293713742303675169261733541172973982775069e-1
bratu,40,257,6.425e-1,3.009706427019305203749103319242304461374264119168042780990017687784878411282503291911005613532661062e-1,3.008683469176482131358409750217887385584762001238339414706621493046805744496838185148110324082846758e-1
bratu,40,258,6.45e-1,2.999204898176792298887404253227381889726842263992310863865576573034723495869928764395709691457447532e-1,2.998790861807560090434165503112491259477745726042850988259431802249369585737420613072635311774932906e-1
bratu,40,259,6.475e-1,2.988703369334279394025705187212459318079420408816578946741135458284568580457354236880413769382234003e-1,2.988729542711733166158018575346455916034062046234205533944314704239164445836991079812386458563981431e-1
bratu,40,260,6.5e-1,2.978201840491766489164006121197536746431998553640847029616694343534413665044779709365117847307020474e-1,2.978499681549173516974816398336882214883005508094131589041883344898413711048012980292969246523248097e-1
bratu,40,261,6.525e-1,2.967700311649253584302307055182614174784576698465115112492253228784258749632205181849821925231806944e-1,2.968101450647190425034120896416961161508100081239941987443048217109782850058842269359023605094087333e-1
bratu,40,262,6.55e-1,2.957198782806740679440607989167691603137154843289383195367812114034103834219630654334526003156593415e-1,2.9575350249887990130308590850715230918245479111627821521063670482136341918977280255421700346188918e-1
bratu,40,263,6.575e-1,2.946697253964227774578908923152769031489732988113651278243370999283948918807056126819230081081379885e-1,2.946800582201131026870053119301776448106538425632961225196768596084812698579113979546073080870811035e-1
bratu,40,264,6.6e-1,2.936195725121714869717209857137846459842311132937919361118929884533794003394481599303934159006166356e-1,2.935898302543689286307080390389449935908551122120412451627028493468112007268825571916778685710416983e-1
bratu,40,265,6.625e-1,2.925694196279201964855510791122923888194889277762187443994488769783639087981907071788638236930952827e-1,2.92482836889644742370764391847407386752364400506442215082142561951230478356274169585269577422554019e-1
bratu,40,266,6.65e-1,2.915192667436689059993811725108001316547467422586455526870047655033484172569332544273342314855739297e-1,2.913590966747796548688457473601117530430313206471349444796030180000721090933560666160594801986044763e-1
bratu,40,267,6.675e-1,2.904691138594176155132112659093078744900045567410723609745606540283329257156758016758046392780525768e-1,2.902186284182340493637627510049027063742050489068263580260146426356679660947416828878839181300664557e-1
bratu,40,268,6.7e-1,2.894189609751663250270413593078156173252623712234991692621165425533174341744183489242750470705312238e-1,2.890614511868541311970034893705579134803858116718618272593499670041566780482807823159945973576039781e-1
bratu,40,269,6.725e-1,2.882225551487076254366537999055502089407315878112349348188736955859611549655491204629459628021182187e-1,2.878875843046216717445004603417274379759118125272038460930178599935923428581642393772218414008102394e-1
bratu,40,270,6.75e-1,2.869291265469784229353367200371581872177779133360592848141078105319393611552747910999963565386989851e-1,2.866970473513891168958653825496495833049531632036924675679333620732718811021809420963349995893321163e-1
bratu,40,271,6.775e-1,2.856356979452492204340196401687661654948242388608836348093419254779175673450004617370467502752797516e-1,2.854898601616002320919112852303958261125270198729224352782504032957316976219336083725133472747353694e-1
bratu,40,272,6.8e-1,2.843422693435200179327025603003741437718705643857079848045760404238957735347261323740971440118605181e-1,2.842660428229964574617035898786065666665793974389151099993116503992571080811081216597039052160752437e-1
bratu,40,273,6.825e-1,2.830488407417908154313854804319821220489168899105323347998101553698739797244518030111475377484412846e-1,2.830256156753091480914309758401090607442844287293730837472230806033867108046131769444042030853688156e-1
bratu,40,274,6.85e-1,2.81755412140061612930068400563590100325963215435356684795044270315852185914177473648197931485022051e-1,2.817685993089378759088609093727770979339454690718202406440989414700293833899326019832836246242335912e-1
bratu,40,275,6.875e-1,2.804619835383324104287513206951980786030095409601810347902783852618303921039031442852483252216028175e-1,2.804950145636149710788552698859758898191762591284135825467805121865864457500785868650436086185518705e-1
bratu,40,276,6.9e-1,2.79168554936603207927434240826806056880055866485005384785512500207808598293628814922298718958183584e-1,2.792048825270564821771932532783596915842514860855915223174947956943376519448988804880302208706885287e-1
bratu,40,277,6.925e-1,2.778751263348740054261171609584140351571021920098297347807466151537868044833544855593491126947643504e-1,2.77898224533599735741619655865066749874450991365166633758740814751260039681482001262920079013973254e-1
bratu,40,278,6.95e-1,2.765816977331448029248000810900220134341485175346540847759807300997650106730801561963995064313451169e-1,2.765750621628276770904579777793144863961317778265620063048491574108375826244935154322467868444062328e-1
bratu,40,279,6.975e-1,2.752882691314156004234830012216299917111948430594784347712148450457432168628058268334499001679258834e-1,2.752354172381801755501639986067075674578204304991484201758684047736428199278958063345475833198985582e-1
bratu,40,280,7.0e-1,2.739948405296863979221659213532379699882411685843027847664489599917214230525314974705002939045066498e-1,2.738793118255524784437242463732067721804083526719647621338568149027356587025450076659914819056647574e-1
bratu,40,281,7.025e-1,2.727014119279571954208488414848459482652874941091271347616830749376996292422571681075506876410874163e-1,2.725067682318809993617159605208404825763908010640688684665088340208579333015090175087868283659295273e-1
bratu,40,282,7.05e-1,2.714079833262279929195317616164539265423338196339514847569171898836778354319828387446010813776681828e-1,2.711178090037166273670447429742702632736035974911014657150055675573342137425435285847726812979277342e-1
bratu,40,283,7.075e-1,2.700580693873334618884476268122178353342701460445318194255147465000285516223782976709918319555821558e-1,2.697124569257857448727802075219538915567332468895242554715115151980582086164711215569649826322184347e-1
bratu,40,284,7.1e-1,2.685332943757240454569181061211520885084519982122076972134981354488362017376197066259628586414336314e-1,2.682907350195391429800487451541428881828000456081559601267977446900829416142288873570288902448092705e-1
bratu,40,285,7.125e-1,2.670085193641146290253885854300863416826338503798835750014815243976438518528611155809338853272851071e-1,2.668526665416890240695591987517167366969682624373143932288468071445922495415431181501192913641240777e-1
bratu,40,286,7.15e-1,2.654837443525052125938590647390205948568157025475594527894649133464515019681025245359049120131365827e-1,2.653982749827342824059879129136247591125659587466670736319872736580323345562178043044883249816973288e-1
bratu,40,287,7.175e-1,2.639589693408957961623295440479548480309975547152353305774483022952591520833439334908759386989880584e-1,2.639275840654742544391033107284570917653630951549046242503536112196092154208070548288352099591869626e-1
bratu,40,288,7.2e-1,2.62434194329286379730800023356889101205179406882911208365431691244066802198585342445846965384839534e-1,2.624406177435111313691486865813507446062634139884941632343949460273206710921772361790813799109763042e-1
bratu,40,289,7.225e-1,2.609094193176769632992705026658233543793612590505870861534150801928744523138267514008179920706910096e-1,2.609374001997412273866198776003721594582177393801547676851190320859453734172264065822983055106013991e-1
bratu,40,290,7.25e-1,2.593846443060675468677409819747576075535431112182629639413984691416821024290681603557890187565424853e-1,2.594179558448352977981791397580178236251889388087472575466883945141788355534933649683496316229483411e-1
bratu,40,291,7.275e-1,2.578598692944581304362114612836918607277249633859388417293818580904897525443095693107600454423939609e-1,2.578823093157081020110577465579502227843241689122545212855842204009931332258903414752274271854883372e-1
bratu,40,292,7.3e-1,2.563350942828487140046819405926261139019068155536147195173652470392974026595509782657310721282454366e-1,2.563304854739774070679498833214018547624500695329358274366905044000576627032019146741500690654530404e-1
bratu,40,293,7.325e-1,2.548103192712392975731524199015603670760886677212905973053486359881050527747923872207020988140969122e-1,2.547625094044126281031340651950343190063142049723735255405029212275521815932885664737602881628162469e-1
bratu,40,294,7.35e-1,2.532855442596298811416228992104946202502705198889664750933320249369127028900337961756731254999483879e-1,2.53178406413373302728432602379040882437864369412295691606613805269274269696288799606445874852255073e-1
bratu,40,295,7.375e-1,2.517607692480204647100933785194288734244523720566423528813154138857203530052752051306441521857998635e-1,2.515782020272375969547038117421921167338851826490763233487804883252726343103294829104189750105927924e-1
bratu,40,296,7.4e-1,2.502359942364110482785638578283631265986342242243182306692988028345280031205166140856151788716513392e-1,2.4996192199082104081093706139388448091933031650089716449269465570878366943334485503958817338425872e-1
bratu,40,297,7.425e-1,2.486273822885360262443442570194459236518626609794501024472587301024011139530539184119324046914631568e-1,2.483295922657856923387806438012204678008106537580468766811058992622360770829814659983995762685487444e-1
bratu,40,298,7.45e-1,2.468847582754400819319185773354989545193323454060370865277162585578461011674583980862681903664578477e-1,2.466812390290399291155820744569669356027350335446854867607712345733869595565579118910148032280113249e-1
bratu,40,299,7.475e-1,2.451421342623441376194928976515519853868020298326240706081737870132910883818628777606039760414525386e-1,2.450168886711290668938766166441659312799565350812630309862560588354835299282066232078889279882136071e-1
bratu,40,300,7.5e-1,2.433995102492481933070672179676050162542717142592110546886313154687360755962673574349397617164472295e-1,2.433365677946170053398511608561374889062111708896558945320907947045738465545036484099146541229776955e-1
bratu,40,301,7.525e-1,2.416568862361522489946415382836580471217413986857980387690888439241810628106718371092755473914419204e-1,2.416403032124591012077770443515851003216717944927485732167201858247840988937018468497200098511229296e-1
bratu,40,302,7.55e-1,2.399142622230563046822158585997110779892110831123850228495463723796260500250763167836113330664366112e-1,2.399281219463664696018983339963089806759270454859819925593022980803494756355869620806358923866339614e-1
bratu,40,303,7.575e-1,2.381716382099603603697901789157641088566807675389720069300039008350710372394807964579471187414313021e-1,2.382000512251619142519440745148689557065277243221208955628178365371046214759563884137270749356383592e-1
bratu,40,304,7.6e-1,2.36429014196864416057364499231817139724150451965558991010461429290516024453885276132282904416425993e-1,2.364561184831276879634776511841587011724786875024719055383426675947152863129290508389254226169253097e-1
bratu,40,305,7.625e-1,2.346863901837684717449388195478701705916201363921459750909189577459610116682897558066186900914206839e-1,2.346963513583452845998882771434457970474791966321265742504419584212256531002602227549562347069388276e-1
bratu,40,306,7.65e-1,2.329437661706725274325131398639232014590898208187329591713764862014059988826942354809544757664153748e-1,2.329207776910274641091640067049369391655915907017736759666553403469257395499352462258027845007665637e-1
bratu,40,307,7.675e-1,2.312011421575765831200874601799762323265595052453199432518340146568509860970987151552902614414100656e-1,2.311294255218427122258685289835111411403747520160383776344559152266853439796129150919713125559419305e-1
bratu,40,308,7.7e-1,2.294585181444806388076617804960292631940291896719069273322915431122959733115031948296260471164047565e-1,2.293223230902323365571917011239189079586893443121154920838102009445871241179146337232502110255170327e-1
bratu,40,309,7.725e-1,2.277158941313846944952361008120822940614988740984939114127490715677409605259076745039618327913994474e-1,2.274994988327204008017830257880100663239698388938580625944304747541731432757505569074460844629242348e-1
bratu,40,310,7.75e-1,2.259516221682233914739978216488321544443274430657418390900757032019126668470557748139847499112892963e-1,2.256609813812166988515448860863034470293113859791207260556175982503589331946356569655943862076649641e-1
bratu,40,311,7.775e-1,2.240058740272369913726468034281891484093029005142718339112200435121333079311550650224249475236599828e-1,2.238067995613129704899051129093558406976264274899923294403738396832333904978439967422358556475586701e-1
bratu,40,312,7.8e-1,2.220601258862505912712957852075461423742783579628018287323643838223539490152543552308651451360306693e-1,2.21936982390572560325562962220059781292020733611973586214185282921706564306609186648216978935632184e-1
bratu,40,313,7.825e-1,2.201143777452641911699447669869031363392538154113318235535087241325745900993536454393053427484013558e-1,2.200515590768137214885750355465439118908137076000498239243264244672701274314136205217962973943335928e-1
bratu,40,314,7.85e-1,2.181686296042777910685937487662601303042292728598618183746530644427952311834529356477455403607720424e-1,2.18150559016386765466193746961976515785156346103161581574661842505262687920640010759627746483825666e-1
bratu,40,315,7.875e-1,2.162228814632913909672427305456171242692047303083918131957974047530158722675522258561857379731427289e-1,2.162340117924452592693755563500782931553742884084306495701468308470761567919450775490081530872940951e-1
bratu,40,316,7.9e-1,2.142771333223049908658917123249741182341801877569218080169417450632365133516515160646259355855134154e-1,2.143019471732114708976333738405048916828209535992484898461162667484850186493254134602674504594726669e-1
bratu,40,317,7.925e-1,2.123313851813185907645406941043311121991556452054518028380860853734571544357508062730661331978841019e-1,2.123543951102362638102202228592017043260952725455955757490477619108942938843814795899878963298459163e-1
bratu,40,318,7.95e-1,2.103856370403321906631896758836881061641311026539817976592304256836777955198500964815063308102547884e-1,2.103913857366536408158110794598465039765477577915167430810584988763673945550754734057768296139610309e-1
bratu,40,319,7.975e-1,2.084398888993457905618386576630451001291065601025117924803747659938984366039493866899465284226254749e-1,2.084129493654301374612169672546978335683471733819252683788417208262178566407846199491015342026339965e-1
bratu,40,320,8.0e-1,2.064941407583593904604876394424020940940820175510417873015191063041190776880486768983867260349961615e-1,2.064191164876092646325484079477148378171552134678193383050848739312013483311508987539549125063129674e-1
bratu,40,321,8.025e-1,2.04548392617372990359136621221759088059057474999571782122663446614339718772147967106826923647366848e-1,2.04409917770551199679980886922401019647123677474817337024628810695002518699907143047359262858528341e-1
bratu,40,322,8.05e-1,2.026026444763865902577856030011160820240329324481017769438077869245603598562472573152671212597375345e-1,2.023853840561679249402077298947604699849266092293705446327961486480770375700951646129527056012503437e-1
bratu,40,323,8.075e-1,2.005651669815964984337503859866930626296365088671102677018828198549081364522221296683702292119493468e-1,2.003455463591540120591481020379261248701364044568069082876034839097923847016262361253289125797826231e-1
bratu,40,324,8.1e-1,1.984319183983713574754737507928045300757313329925137363321925846266055106468545578221278476627924954e-1,1.982904358652132500118697035277607091906439321846608438576808998446916183288010878351892222280859373e-1
bratu,40,325,8.125e-1,1.962986698151462165171971155989159975218261571179172049625023493983028848414869859758854661136356439e-1,1.962200839292813141773544817613069468358646004589151380411435622344760183890776090106999298448301893e-1
bratu,40,326,8.15e-1,1.941654212319210755589204804050274649679209812433206735928121141700002590361194141296430845644787924e-1,1.941345220737446732530558158599215512377124694076725145183457308180811647876897996226480323981472126e-1
bratu,40,327,8.175e-1,1.92032172648695934600643845211138932414015805368724142223121878941697633230751842283400703015321941e-1,1.920337819866559301885486266180881841721725360882631581818271271697799224283323405912320455997589169e-1
bratu,40,328,8.2e-1,1.898989240654707936423672100172503998601106294941276108534316437133950074253842704371583214661650895e-1,1.899178955199457926793479638011787213639103565591264731207426717779503619209186539432622900457125081e-1
bratu,40,329,8.225e-1,1.877656754822456526840905748233618673062054536195310794837414084850923816200166985909159399170082381e-1,1.87786894687631868091561624548996979604377580886142397394744529467014331105513928442116809769348257e-1
bratu,40,330,8.25e-1,1.856324268990205117258139396294733347523002777449345481140511732567897558146491267446735583678513866e-1,1.856408116640244769858494226015828981423587659097546780160153466181103946755630323929984248459048774e-1
bratu,40,331,8.275e-1,1.834991783157953707675373044355848021983951018703380167443609380284871300092815548984311768186945351e-1,1.834796787819296786755931735984008028440007675652640201431158433606280812282869992493355604112367324e-1
bratu,40,332,8.3e-1,1.813659297325702298092606692416962696444899259957414853746707028001845042039139830521887952695376837e-1,1.813035285308497014896505515015837202211336996423710729962153485445867110045123096649445387999951637e-1
bratu,40,333,8.325e-1,1.792326811493450888509840340478077370905847501211449540049804675718818783985464112059464137203808322e-1,1.791123935551809696149917133786048750374219626086798889949149104038293484372663969957344092132123025e-1
bratu,40,334,8.35e-1,1.770994325661199478927073988539192045366795742465484226352902323435792525931788393597040321712239807e-1,1.769063066524099175693245296842882352542394978078454021338793697149785011796749329499533037766851007e-1
bratu,40,335,8.375e-1,1.74861932941863061274977238882089202561119452843578394176503301608819904965422831933815914239698701e-1,1.74685300771306782498932270825538904081265394936527806404457726571666242571327869739469730294963146e-1
bratu,40,336,8.4e-1,1.72557405625060919593615090356899163802724027302159145181213323080620737996270794601608228098839692e-1,1.724494090101175636128116881438637687211551582467074832180769458760519931940341094464891871880493004e-1
bratu,40,337,8.425e-1,1.70252878308258777912252941831709125044328601760739896185923344552421571027118757269400541957980683e-1,1.701986646147543371512495056006319374896567558765167725480252118884763149326191274166864603568524471e-1
bratu,40,338,8.45e-1,1.67948350991456636230890793306519086285933176219320647190633366024222404057966719937192855817121674e-1,1.679331009769841143456560347914187821179025574356397643640261314760754541692876554568968035307865371e-1
bratu,40,339,8.475e-1,1.65643823674654494549528644781329047527537750677901398195343387496023237088814682604985169676262665e-1,1.656527516326164288572350714464959784058692099564666353689797111339479468188180405443288548695212071e-1
bratu,40,340,8.5e-1,1.63339296357852352868166496256139008769142325136482149200053408967824070119662645272777483535403656e-1,1.633576502596898391853628544213053220906839530341823768306046977788467853852630433795091424379395384e-1
bratu,40,341,8.525e-1,1.61034769041050211186804347730948970010746899595062900204763430439624903150510607940569797394544647e-1,1.610478306766575305128331874504385705308740790943042008003262004956555340539230781413967977174214802e-1
bratu,40,342,8.55e-1,1.58730241724248069505442199205758931252351474053643651209473451911425736181358570608362111253685638e-1,1.587233268405721994048622439981308396219533250465826467211137338454074323163253914549027445075874542e-1
bratu,40,343,8.575e-1,1.56425714407445927824080050680568892493956048512224402214183473383226569212206533276154425112826629e-1,1.563841728452704037024001808235749863023715040914941952194227176121194927188979746561940381396268682e-1
bratu,40,344,8.6e-1,1.5412118709064378614271790215537885373556062297080515321889349485502740224305449594394673897196762e-1,1.540304029195565588483360363327243648145806420068646309340918171967361230387325614989109373747201328e-1
bratu,40,345,8.625e-1,1.51816659773841644461355753630188814977165197429385904223603516326828235273902458611739052831108611e-1,1.51662051425386760758079317020525905791231161223898278621324939797448611167935167678549959263052406e-1
bratu,40,346,8.65e-1,1.494291482500134392336933695857499386511236120491917851897595444750385429127657615806196374559079287e-1,1.492791528560526141942310795813972992864900969195177779671639340753204800497002044524224265313349838e-1
bratu,40,347,8.675e-1,1.469699003820343795998143446682305889437201025910243494201717351486015536137014303655204346461104545e-1,1.468817418343652444290969643936655037275982975310827850908801419688243010994535918609237626677471133e-1
bratu,40,348,8.7e-1,1.445106525140553199659353197507112392363165931328569136505839258221645643146370991504212318363129803e-1,1.444698531108396687791249603325444938880104901395197394715856890727043958110012022856035276237650874e-1
bratu,40,349,8.725e-1,1.420514046460762603320562948331918895289130836746894778809961164957275750155727679353220290265155061e-1,1.420435215618797033724545789593418644339104012184322001846619867098188033459813527986500655206839055e-1
bratu,40,350,8.75e-1,1.395921567780972006981772699156725398215095742165220421114083071692905857165084367202228262167180319e-1,1.396027821879635792651267524391161444472120322000293498438685941859632165179772195200178530103318225e-1
bratu,40,351,8.775e-1,1.371329089101181410642982449981531901141060647583546063418204978428535964174441055051236234069205577e-1,1.371476701118304407536123775257743639392290415742623883897262644618294810720568073331636705063031149e-1
bratu,40,352,8.8e-1,1.346736610421390814304192200806338404067025553001871705722326885164166071183797742900244205971230835e-1,1.346782205766678974416611140138301013852544813065000835068079416914891509525105068491699197747029534e-1
bratu,40,353,8.825e-1,1.322144131741600217965401951631144906992990458420197348026448791899796178193154430749252177873256093e-1,1.321944689443008003085415947579500708559923739549886411071379345464290811653970652793479237119996148e-1
bratu,40,354,8.85e-1,1.297551653061809621626611702455951409918955363838522990330570698635426285202511118598260149775281352e-1,1.29696450693381410694031885227436997010015427565505804244526659927247856450642338446651349625894988e-1
bratu,40,355,8.875e-1,1.27295917438201902528782145328075791284492026925684863263469260537105639221186780644726812167730661e-1,1.271842014175811297635184064463479932348016613359895374171246881843450855170761099115034939408105006e-1
bratu,40,356,8.9e-1,1.247898915172655742944336073462654797511381465620005463322415217642219017539699656023318126189849744e-1,1.246577568237839546447672723085938517343072565108670478169813002503933217686228188033150525112607236e-1
bratu,40,357,8.925e-1,1.221926022400705382957697556057662551373910743952877241394710551376585849230969376641125713852717691e-1,1.221171527302818260368396720771940006643660257008450073562535046638677578093978870825600278874386019e-1
bratu,40,358,8.95e-1,1.195953129628755022971059038652670305236440022285749019467005885110952680922239097258933301515585638e-1,1.195624250649720306817288616208742657807069588942328322049775978562424052514121862979420362865332689e-1
bratu,40,359,8.975e-1,1.169980236856804662984420521247678059098969300618620797539301218845319512613508817876740889178453585e-1,1.169936098635568206610973671923979384822022487251871172565630471577317123623369270108898262416044803e-1
bratu,40,360,9.0e-1,1.144007344084854302997782003842685812961498578951492575611596552579686344304778538494548476841321532e-1,1.144107432677454100344863697208560516442812140600679538147164974283533528364632042718765695915887738e-1
bratu,40,361,9.025e-1,1.118034451312903943011143486437693566824027857284364353683891886314053175996048259112356064504189479e-1,1.118138615234585078720523234267508216427998038953175508198994223014768485838865001665545330839666289e-1
bratu,40,362,9.05e-1,1.092061558540953583024504969032701320686557135617236131756187220048420007687317979730163652167057425e-1,1.092030009790355452547560707794294681975131095585287579260089978609703970575601277484849958491158059e-1
bratu,40,363,9.075e-1,1.066088665769003223037866451627709074549086413950107909828482553782786839378587700347971239829925372e-1,1.065781980834447523184842738268108892541799914224209869096041464610611891472554246725893691471850147e-1
bratu,40,364,9.1e-1,1.040115772997052863051227934222716828411615692282979687900777887517153671069857420965778827492793319e-1,1.039394893844962399063187698667722166076372757251484585958861118245385544410837832063018486479928896e-1
bratu,40,365,9.125e-1,1.014048723564301554253165251872894450611456616329365315945347856336594884777456800292350200192850385e-1,1.012869115270582388655828383894591224805075990649937829784752955548567674291643253316556166654019947e-1
bratu,40,366,9.15e-1,9.868617494665320929151335504893552189104106494989468505886769098072553046419184311715073985878530794e-2,9.862050125127664848388000884228644053714375216398483836100112734524421732914521723740080625135863164e-2
bratu,40,367,9.175e-1,9.596747753687626315771018491058159872093646826685283852320059632779157245063800620506645969828557741e-2,9.594029539079804400159576222006347586517217307313587571147370350013741262798314432516229317749651611e-2
bratu,40,368,9.2e-1,9.324878012709931702390701477222767555083187158381099198753350167485761443708416929298217953778584688e-2,9.324633087099629156774908085880030055293372706942166928902316880609686286100663509785955867511460263e-2
bratu,40,369,9.225e-1,9.053008271732237089010384463387375238072727490076914545186640702192365642353033238089789937728611636e-2,9.05386447072029174221518950355637684266022046451894985271830101127249144561303654014084666561004388e-2
bratu,40,370,9.25e-1,8.781138530754542475630067449551982921062267821772729891619931236898969840997649546881361921678638583e-2,8.781727400294137649005133522074185102356858639934247401821529307805403035474471992791092993878072771e-2
bratu,40,371,9.275e-1,8.50926878977684786224975043571659060405180815346854523805322177160557403964226585567293390562866553e-2,8.50822559481653639662820995183789172902748846305534073117845848188065233830145571936272967875134451e-2
bratu,40,372,9.3e-1,8.237399048799153248869433421881198287041348485164360584486512306312178238286882164464505889578692477e-2,8.23336278175013118449323082649983236876194520741225292953948183756433481942999968567042291076919462e-2
bratu,40,373,9.325e-1,7.965529307821458635489116408045805970030888816860175930919802841018782436931498473256077873528719424e-2,7.957142696849521071811225839566709296672834661756357108822690922416395219225428854851553523146752031e-2
bratu,40,374,9.35e-1,7.685179405261625734062046191912430379169906641280022804257627695947104401984406775409340461801375501e-2,7.679569083986389552409587162632360929582331784434808724984219128129022066665631554042679543415887666e-2
bratu,40,375,9.375e-1,7.40281570521450624908165560916651594455292973362744529040227508171503080761830262367637752467558213e-2,7.400645694975093227136161519997156468241016295496574909438807148585780307676600000477933050148946331e-2
bratu,40,376,9.4e-1,7.120452005167386764101265026420601509935952825974867776546922467482957213252198471943414587549788759e-2,7.120376289398724110137328070343492565063718483735337470204980571500212847421179102277609350883440912e-2
bratu,40,377,9.425e-1,6.838088305120267279120874443674687075318975918322290262691569853250883618886094320210451650423995388e-2,6.83876463443565893797888697188268854399052817979912056427461096012143965333519530054537484853232797e-2
bratu,40,378,9.45e-1,6.555724605073147794140483860928772640701999010669712748836217239018810024519990168477488713298202017e-2,6.5558145046866086823643067025268407743223382844983453454116620534110313077337880573253649719143281e-2
bratu,40,379,9.475e-1,6.273360905026028309160093278182858206085022103017135234980864624786736430153886016744525776172408647e-2,6.271529682002181298138783764715691609699729640580022575588172824092829491925609102764740203995592498e-2
bratu,40,380,9.5e-1,5.990997204978908824179702695436943771468045195364557721125512010554662835787781865011562839046615276e-2,5.985913955310970568396622879906899513851802742340701464377868159651394827871700506333570653543515541e-2
bratu,40,381,9.525e-1,5.7034862115531752516882384192880693795484529196292949155262126456558897815954614882595224632931323e-2,5.698971120448183737880323863421193196522400173023218677575670717073210548865442378230787575016358803e-2
bratu,40,382,9.55e-1,5.412251517188561377088237133674442132546817554677980881335063389183210020065898319283283205372062574e-2,5.410704979984820454518833268961252124660745699154705301201042475302442262666336383494205474613508714e-2
bratu,40,383,9.575e-1,5.121016822823947502488235848060814885545182189726666847143914132710530258536335150307043947450992849e-2,5.121119343057415366945737982124011800798439737823127326623484699683012312738386416129576326481332326e-2
bratu,40,384,9.6e-1,4.829782128459333627888234562447187638543546824775352812952764876237850497006771981330804689529923124e-2,4.830218025198356553211468740908840244791228454245136734430341766385331943941905709413151582277607447e-2
bratu,40,385,9.625e-1,4.5385474340947197532882332768335603915419114598240387787616156197651707354772088123545654316088534e-2,4.538004848166791782702227986384594020418799451297106446813620477647145540571125832573628116898517259e-2
bratu,40,386,9.65e-1,4.247312739730105878688231991219933144540276094872724744570466363292490973947645643378326173687783675e-2,4.244483639780134439547390378114959960865129287618171561349224754656632439212728047047555185062034242e-2
bratu,40,387,9.675e-1,3.952895526096767103364248626854432990022787138900452318816141312384774807673555897109617356412313077e-2,3.949658233746180761581214451068878863289463134552139831138334582570724875309610680031704004573747088e-2
bratu,40,388,9.7e-1,3.654385476678232389159893600496824346724510722097289412781478331660736459403453328681182565327378205e-2,3.653532469495849874268144937312721082589615165358393824803713767036070624988150336389976528390852061e-2
bratu,40,389,9.725e-1,3.355875427259697674955538574139215703426234305294126506746815350936698111133350760252747774242443333e-2,3.356110192016557923947687377520173377443506643192435688965480438899197938007710441658551325552744975e-2
bratu,40,390,9.75e-1,3.057365377841162960751183547781607060127957888490963600712152370212659762863248191824312983157508461e-2,3.057395251686237439348315183136330625027663722001144313456758193275104652664997572730366507091809183e-2
bratu,40,391,9.775e-1,2.758855328422628246546828521423998416829681471687800694677489389488621414593145623395878192072573589e-2,2.757391504108012874603234962138707279788892801292047937612797115775213257397198188114511439825912916e-2
bratu,40,392,9.8e-1,2.457967501408785100585109178343929868393086789438979466855923853216256914893224669914062546818359455e-2,2.456102809945543111016785054801048305047282357193679747852962841778927658198691101981578057977658576e-2
bratu,40,393,9.825e-1,2.153750367873858617328514487439073367576610282667609819899081703179496321946372693667565251062703384e-2,2.153533034759041518621047572356153943431805920465826618327824008908728700750729978054788711621357204e-2
bratu,40,394,9.85e-1,1.849533234338932134071919796534216866760133775896240172942239553142735728999520717421067955307047313e-2,1.849686048841984002169755877348461764702645689663386271525340821695577017178752385514111861606152776e-2
bratu,40,395,9.875e-1,1.545316100804005650815325105629360365943657269124870525985397403105975136052668741174570659551391243e-2,1.5445657270585152796821761229602311397123736144782037850425636894393704364420521937868824995732596e-2
bratu,40,396,9.9e-1,1.238817345278095929961212434614418236644354178139296426321325730553898087627974320126312147475068924e-2,1.238175948681563465014282155411398702522197115022906185272019766905127910133776663518662014156929235e-2
bratu,40,397,9.925e-1,9.30436743964347580899648798254392125526000347542417859084889646411869729107334267715707273205690253e-3,9.305205972316728492387188956575541074240086413939040843869646803247054254437660255971963555212592372e-3
bratu,40,398,9.95e-1,6.220561426505992318380851618943660144076465169455392918484535622698413705866942153051023989363115807e-3,6.216035603165645988987857132905743758438648948076738472582266436861272450162135745780250912207176603e-3
bratu,40,399,9.975e-1,3.114191956678076536555046498159853286917895335359451818516955040313621888695342692836224135783232632e-3,3.114287294714349125045205906625893906647230651226174078172561975173562957753037335688002711052736977e-3
bratu,40,400,1.0,0.0,0.0
bratu,60,0,0.0,0.0,0.0
bratu,60,1,2.5e-3,3.114726363875778437419206825223168751858194865265552481768239203027416423940076231604198919519112719e-3,3.114287294714349125045205906625893906647230651226174078172561975173562957753037335688002711052736977e-3
bratu,60,2,5.0e-3,6.218825179540397083453235797366949212553706817603651897368070462644144217560829147962025124469436005e-3,6.216035603165645988987857132905743758438648948076738472582266436861272450162135745780250912207176603e-3
bratu,60,3,7.5e-3,9.305120182209659379232156026694703007023419742502581393903251606721909837927506907315202208957335483e-3,9.305205972316728492387188956575541074240086413939040843869646803247054254437660255971963555212592372e-3
bratu,60,4,1.0e-2,1.23852018163675898223904075818308186694374481280887854569649545229396163591746564737521304825896731e-2,1.238175948681563465014282155411398702522197115022906185272019766905127910133776663518662014156929235e-2
bratu,60,5,1.25e-2,1.544529278166632698208238217884692668952344055064208934886010440338704446865577791607273439580838976e-2,1.5445657270585152796821761229602311397123736144782037850425636894393704364420521937868824995732596e-2
bratu,60,6,1.5e-2,1.850538374696506414177435677586303470960943297319539324075525428383447257813689935839333830902710642e-2,1.849686048841984002169755877348461764702645689663386271525340821695577017178752385514111861606152776e-2
bratu,60,7,1.75e-2,2.153510745156334414415342269923836065523938071428727899257868807708985250737809798710460105829075029e-2,2.153533034759041518621047572356153943431805920465826618327824008908728700750729978054788711621357204e-2
bratu,60,8,2.0e-2,2.456290511082697216589662992878166800100668320773681967779165312070140473369051945551271619583946085e-2,2.456102809945543111016785054801048305047282357193679747852962841778927658198691101981578057977658576e-2
bratu,60,9,2.25e-2,2.758503484653284571492614980716399868335832850928925592083791430248906299221220963039674217885918269e-2,2.757391504108012874603234962138707279788892801292047937612797115775213257397198188114511439825912913e-2
bratu,60,10,2.5e-2,3.057359486143360489488678383115974084239109880812779630864601702341728646149015020541184084741818179e-2,3.057395251686237439348315183136330625027663722001144313456758193275104652664997572730366507091809186e-2
bratu,60,11,2.75e-2,3.356215487633436407484741785515548300142386910696633669645411974434550993076809078042693951597718089e-2,3.356110192016557923947687377520173377443506643192435688965480438899197938007710441658551325552744975e-2
bratu,60,12,3.0e-2,3.655071489123512325480805187915122516045663940580487708426222246527373340004603135544203818453617999e-2,3.653532469495849874268144937312721082589615165358393824803713767036070624988150336389976528390852061e-2
bratu,60,13,3.25e-2,3.950073087088211571418032733994809541325316982053468112762902243322387543203173111734903339227212214e-2,3.949658233746180761581214451068878863289463134552139831138334582570724875309610680031704004573747088e-2
bratu,60,14,3.5e-2,4.244303370769783621264379080235031766750557231274013926303165023426950465115164131879714765822041642e-2,4.244483639780134439547390378114959960865129287618171561349224754656632439212728047047555185062034242e-2
bratu,60,15,3.75e-2,4.538533654451355671110725426475253992175797480494559739843427803531513387027155152024526192416871071e-2,4.538004848166791782702227986384594020418799451297106446813620477647145540571125832573628116898517259e-2
bratu,60,16,4.0e-2,4.832680191822239258104849694102545444185765524400307624821468388876123223679497717277021392824276192e-2,4.830218025198356553211468740908840244791228454245136734430341766385331943941905709413151582277607447e-2
bratu,60,17,4.25e-2,5.121574696339978813863759210343878139191017850124171700430220874430464727330778595890746364015481769e-2,5.121119343057415366945737982124011800798439737823127326623484699683012312738386416129576326481332326e-2
bratu,60,18,4.5e-2,5.410469200857718369622668726585210834196270175848035776038973359984806230982059474504471335206687346e-2,5.410704979984820454518833268961252124660745699154705301201042475302442262666336383494205474613508714e-2
bratu,60,19,4.75e-2,5.699363705375457925381578242826543529201522501571899851647725845539147734633340353118196306397892923e-2,5.698971120448183737880323863421193196522400173023218677575670717073210548865442378230787575016358803e-2
bratu,60,20,5.0e-2,5.9882582098931974811404877590678762242067748272957639272564783310934892382846212317319212775890985e-2,5.985913955310970568396622879906899513851802742340701464377868159651394827871700506333570653543515541e-2
bratu,60,21,5.25e-2,6.272902300941699866654422476397147267961677100010766543626300898372002314984042176476829249301872936e-2,6.271529682002181298138783764715691609699729640580022575588172824092829491925609102764740203995592498e-2
bratu,60,22,5.5e-2,6.555742621514996135272404086275417451631820297380171154085008586001021294010880084190130873919561939e-2,6.5558145046866086823643067025268407743223382844983453454116620534110313077337880573253649719143281e-2
bratu,60,23,5.75e-2,6.838582942088292403890385696153687635301963494749575764543716273630040273037717991903432498537250943e-2,6.838764634435658937978886971882688543990528179799120564274610960121439653335195300545374848532327973e-2
bratu,60,24,6.0e-2,7.121423262661588672508367306031957818972106692118980375002423961259059252064555899616734123154939946e-2,7.120376289398724110137328070343492565063718483735337470204980571500212847421179102277609350883440912e-2
bratu,60,25,6.25e-2,7.40426358323488494112634891591022800264224988948838498546113164888807823109139380733003574777262895e-2,7.400645694975093227136161519997156468241016295496574909438807148585780307676600000477933050148946331e-2
bratu,60,26,6.5e-2,7.680974203804877691976706365706996048609627868950750962334709149489316187647203688869305072762603155e-2,7.679569083986389552409587162632360929582331784434808724984219128129022066665631554042679543415887666e-2
bratu,60,27,6.75e-2,7.957033766738980873469749117493118433157206492248997292947759264742906477386804407592676995376018825e-2,7.957142696849521071811225839566709296672834661756357108822690922416395219225428854851553523146752031e-2
bratu,60,28,7.0e-2,8.233093329673084054962791869279240817704785115547243623560809379996496767126405126316048917989434495e-2,8.23336278175013118449323082649983236876194520741225292953948183756433481942999968567042291076919462e-2
bratu,60,29,7.25e-2,8.509152892607187236455834621065363202252363738845489954173859495250087056866005845039420840602850165e-2,8.50822559481653639662820995183789172902748846305534073117845848188065233830145571936272967875134451e-2
bratu,60,30,7.5e-2,8.785212455541290417948877372851485586799942362143736284786909610503677346605606563762792763216265835e-2,8.781727400294137649005133522074185102356858639934247401821529307805403035474471992791092993878072771e-2
bratu,60,31,7.75e-2,9.056504614230922519904112498108980964351185689472266072704605057230047057428895676708254257987347167e-2,9.05386447072029174221518950355637684266022046451894985271830101127249144561303654014084666561004388e-2
bratu,60,32,8.0e-2,9.325049317280422144013244550501403355808391287438620945772790856397630431241108889880870346196886994e-2,9.324633087099629156774908085880030055293372706942166928902316880609686286100663509785955867511460263e-2
bratu,60,33,8.25e-2,9.593594020329921768122376602893825747265596885404975818840976655565213805053322103053486434406426821e-2,9.594029539079804400159576222006347586517217307313587571147370350013741262798314432516229317749651611e-2
bratu,60,34,8.5e-2,9.862138723379421392231508655286248138722802483371330691909162454732797178865535316226102522615966648e-2,9.862050125127664848388000884228644053714375216398483836100112734524421732914521723740080625135863164e-2
bratu,60,35,8.75e-2,1.013068342642892101634064070767867053018000808133768556497734825390038055267774852939871861082550647e-1,1.012869115270582388655828383894591224805075990649937829784752955548567674291643253316556166654019947e-1
bratu,60,36,9.0e-2,1.03992281294784206404497727600710929216372136793040404380455340530679639264899617425713346990350463e-1,1.039394893844962399063187698667722166076372757251484585958861118245385544410837832063018486479928896e-1
bratu,60,37,9.25e-2,1.066028107635330258995085306803020724813692992537487018875791022418341953465862616610924851022851265e-1,1.065781980834447523184842738268108892541799914224209869096041464610611891472554246725893691471850147e-1
bratu,60,38,9.5e-2,1.09205704482962649860788713979166468051878340165544420022434941611657438399184552497952070868537511e-1,1.092030009790355452547560707794294681975131095585287579260089978609703970575601277484849958491158059e-1
bratu,60,39,9.75e-2,1.118085982023922738220688972780308636223873810773401381572907809814806814517828433348116566347898955e-1,1.118138615234585078720523234267508216427998038953175508198994223014768485838865001665545330839666289e-1
bratu,60,40,1.0e-1,1.1441149192182189778334908057689525919289642198913585629214662035130392450438113417167124240104228e-1,1.144107432677454100344863697208560516442812140600679538147164974283533528364632042718765695915887738e-1
bratu,60,41,1.025e-1,1.170143856412515217446292638757596547634054629009315744270024597211271675569794250085308281672946645e-1,1.169936098635568206610973671923979384822022487251871172565630471577317123623369270108898262416044803e-1
bratu,60,42,1.05e-1,1.19617279360681145705909447174624050333914503812727292561858299090950410609577715845390413933547049e-1,1.195624250649720306817288616208742657807069588942328322049775978562424052514121862979420362865332689e-1
bratu,60,43,1.075e-1,1.221536824825061795144027958125163453816282061739140373777766154878587081603417397886030377465657267e-1,1.221171527302818260368396720771940006643660257008450073562535046638677578093978870825600278874386019e-1
bratu,60,44,1.1e-1,1.246665717635834867212201667953333507390121708400134160047050106209576974219893537091084691735014659e-1,1.246577568237839546447672723085938517343072565108670478169813002503933217686228188033150525112607236e-1
bratu,60,45,1.125e-1,1.27179461044660793928037537778150356096396135506112794631633405754056686683636967629613900600437205e-1,1.271842014175811297635184064463479932348016613359895374171246881843450855170761099115034939408105006e-1
bratu,60,46,1.15e-1,1.296923503257381011348549087609673614537801001722121732585618008871556759452845815501193320273729442e-1,1.29696450693381410694031885227436997010015427565505804244526659927247856450642338446651349625894988e-1
bratu,60,47,1.175e-1,1.322052396068154083416722797437843668111640648383115518854901960202546652069321954706247634543086833e-1,1.321944689443008003085415947579500708559923739549886411071379345464290811653970652793479237119996148e-1
bratu,60,48,1.2e-1,1.347181288878927155484896507266013721685480295044109305124185911533536544685798093911301948812444224e-1,1.346782205766678974416611140138301013852544813065000835068079416914891509525105068491699197747029535e-1
bratu,60,49,1.225e-1,1.372169076462766939916425069864382109106669003954593300912246974483575335029654193449537647239005397e-1,1.371476701118304407536123775257743639392290415742623883897262644618294810720568073331636705063031149e-1
bratu,60,50,1.25e-1,1.396323183137225603458401984707975896024987911222662463972101888038695532657157172408335920203450279e-1,1.396027821879635792651267524391161444472120322000293498438685941859632165179772195200178530103318225e-1
bratu,60,51,1.275e-1,1.420477289811684267000378899551569682943306818490731627031956801593815730284660151367134193167895162e-1,1.420435215618797033724545789593418644339104012184322001846619867098188033459813527986500655206839055e-1
bratu,60,52,1.3e-1,1.444631396486142930542355814395163469861625725758800790091811715148935927912163130325932466132340044e-1,1.444698531108396687791249603325444938880104901395197394715856890727043958110012022856035276237650874e-1
bratu,60,53,1.325e-1,1.468785503160601594084332729238757256779944633026869953151666628704056125539666109284730739096784927e-1,1.468817418343652444290969643936655037275982975310827850908801419688243010994535918609237626677471133e-1
bratu,60,54,1.35e-1,1.492939609835060257626309644082351043698263540294939116211521542259176323167169088243529012061229809e-1,1.492791528560526141942310795813972992864900969195177779671639340753204800497002044524224265313349838e-1
bratu,60,55,1.375e-1,1.517093716509518921168286558925944830616582447563008279271376455814296520794672067202327285025674692e-1,1.51662051425386760758079317020525905791231161223898278621324939797448611167935167678549959263052406e-1
bratu,60,56,1.4e-1,1.541097432664233634889106804297036112390175102592449364096825543696163032119420408650336225215684478e-1,1.540304029195565588483360363327243648145806420068646309340918171967361230387325614989109373747201328e-1
bratu,60,57,1.425e-1,1.564202078651454691238544057454396203619625186413754744013191114358198218983709941146371568140932453e-1,1.563841728452704037024001808235749863023715040914941952194227176121194927188979746561940381396268682e-1
bratu,60,58,1.45e-1,1.587306724638675747587981310611756294849075270235060123929556685020233405847999473642406911066180429e-1,1.587233268405721994048622439981308396219533250465826467211137338454074323163253914549027445075874542e-1
bratu,60,59,1.475e-1,1.610411370625896803937418563769116386078525354056365503845922255682268592712289006138442253991428404e-1,1.610478306766575305128331874504385705308740790943042008003262004956555340539230781413967977174214802e-1
bratu,60,60,1.5e-1,1.63351601661311786028685581692647647730797543787767088376228782634430377957657853863447759691667638e-1,1.633576502596898391853628544213053220906839530341823768306046977788467853852630433795091424379395384e-1
bratu,60,61,1.525e-1,1.656620662600338916636293070083836568537425521698976263678653397006338966440868071130512939841924356e-1,1.656527516326164288572350714464959784058692099564666353689797111339479468188180405443288548695212071e-1
bratu,60,62,1.55e-1,1.679725308587559972985730323241196659766875605520281643595018967668374153305157603626548282767172331e-1,1.679331009769841143456560347914187821179025574356397643640261314760754541692876554568968035307865371e-1
bratu,60,63,1.575e-1,1.702829954574781029335167576398556750996325689341587023511384538330409340169447136122583625692420307e-1,1.701986646147543371512495056006319374896567558765167725480252118884763149326191274166864603568524471e-1
bratu,60,64,1.6e-1,1.725088152643677392531932560155116521409889350271212037418659945957589997430198115507440410604809791e-1,1.724494090101175636128116881438637687211551582467074832180769458760519931940341094464891871880493004e-1
bratu,60,65,1.625e-1,1.74706909398095897531036718041419665244136485168432325831264690035451244846588621072469283900372858e-1,1.74685300771306782498932270825538904081265394936527806404457726571666242571327869739469730294963146e-1
bratu,60,66,1.65e-1,1.76905003531824055808880180067327678347284035309743447920663385475143489950157430594194526740264737e-1,1.769063066524099175693245296842882352542394978078454021338793697149785011796749329499533037766851007e-1
bratu,60,67,1.675e-1,1.79103097665552214086723642093235691450431585451054570010062080914835735053726240115919769580156616e-1,1.791123935551809696149917133786048750374219626086798889949149104038293484372663969957344092132123025e-1
bratu,60,68,1.7e-1,1.813011917992803723645671041191437045535791355923656920994607763545279801572950496376450124200484949e-1,1.813035285308497014896505515015837202211336996423710729962153485445867110045123096649445387999951637e-1
bratu,60,69,1.725e-1,1.834992859330085306424105661450517176567266857336768141888594717942202252608638591593702552599403739e-1,1.834796787819296786755931735984008028440007675652640201431158433606280812282869992493355604112367324e-1
bratu,60,70,1.75e-1,1.856973800667366889202540281709597307598742358749879362782581672339124703644326686810954980998322529e-1,1.856408116640244769858494226015828981423587659097546780160153466181103946755630323929984248459048774e-1
bratu,60,71,1.775e-1,1.878954742004648471980974901968677438630217860162990583676568626736047154680014782028207409397241318e-1,1.87786894687631868091561624548996979604377580886142397394744529467014331105513928442116809769348257e-1
bratu,60,72,1.8e-1,1.899745099688036882817283456112925614616603398676594602272161421664212965526308865886528713618201797e-1,1.899178955199457926793479638011787213639103565591264731207426717779503619209186539432622900457125081e-1
bratu,60,73,1.825e-1,1.920528952028168705444346493568862491803545341243116430841266076068538953180011800089453156897497376e-1,1.920337819866559301885486266180881841721725360882631581818271271697799224283323405912320455997589169e-1
bratu,60,74,1.85e-1,1.941312804368300528071409531024799368990487283809638259410370730472864940833714734292377600176792955e-1,1.941345220737446732530558158599215512377124694076725145183457308180811647876897996226480323981472126e-1
bratu,60,75,1.875e-1,1.962096656708432350698472568480736246177429226376160087979475384877190928487417668495302043456088534e-1,1.962200839292813141773544817613069468358646004589151380411435622344760183890776090106999298448301893e-1
bratu,60,76,1.9e-1,1.982880509048564173325535605936673123364371168942681916548580039281516916141120602698226486735384113e-1,1.982904358652132500118697035277607091906439321846608438576808998446916183288010878351892222280859373e-1
bratu,60,77,1.925e-1,2.003664361388695995952598643392610000551313111509203745117684693685842903794823536901150930014679692e-1,2.003455463591540120591481020379261248701364044568069082876034839097923847016262361253289125797826231e-1
bratu,60,78,1.95e-1,2.024448213728827818579661680848546877738255054075725573686789348090168891448526471104075373293975271e-1,2.023853840561679249402077298947604699849266092293705446327961486480770375700951646129527056012503437e-1
bratu,60,79,1.975e-1,2.04523206606895964120672471830448375492519699664224740225589400249449487910222940530699981657327085e-1,2.04409917770551199679980886922401019647123677474817337024628810695002518699907143047359262858528341e-1
bratu,60,80,2.0e-1,2.064888787204628398743173637052636157250615734885690725561255525946962837427602353820406347066852728e-1,2.064191164876092646325484079477148378171552134678193383050848739312013483311508987539549125063129674e-1
bratu,60,81,2.025e-1,2.084403518307064075343550065907120458467372849119181421300295569004780765080371847119724442138557973e-1,2.084129493654301374612169672546978335683471733819252683788417208262178566407846199491015342026339965e-1
bratu,60,82,2.05e-1,2.103918249409499751943926494761604759684129963352672117039335612062598692733141340419042537210263218e-1,2.103913857366536408158110794598465039765477577915167430810584988763673945550754734057768296139610309e-1
bratu,60,83,2.075e-1,2.123432980511935428544302923616089060900887077586162812778375655120416620385910833718360632281968463e-1,2.123543951102362638102202228592017043260952725455955757490477619108942938843814795899878963298459163e-1
bratu,60,84,2.1e-1,2.142947711614371105144679352470573362117644191819653508517415698178234548038680327017678727353673709e-1,2.143019471732114708976333738405048916828209535992484898461162667484850186493254134602674504594726669e-1
bratu,60,85,2.125e-1,2.162462442716806781745055781325057663334401306053144204256455741236052475691449820316996822425378954e-1,2.162340117924452592693755563500782931553742884084306495701468308470761567919450775490081530872940951e-1
bratu,60,86,2.15e-1,2.181977173819242458345432210179541964551158420286634899995495784293870403344219313616314917497084199e-1,2.18150559016386765466193746961976515785156346103161581574661842505262687920640010759627746483825666e-1
bratu,60,87,2.175e-1,2.201491904921678134945808639034026265767915534520125595734535827351688330996988806915633012568789444e-1,2.200515590768137214885750355465439118908137076000498239243264244672701274314136205217962973943335928e-1
bratu,60,88,2.2e-1,2.220396232445486535184885121378845640032707949167807294610211738075577213449270577572507071915547635e-1,2.21936982390572560325562962220059781292020733611973586214185282921706564306609186648216978935632184e-1
bratu,60,89,2.225e-1,2.238571713522288731428170131393052259498327521769756071766317384812644412611668502134776081872072613e-1,2.238067995613129704899051129093558406976264274899923294403738396832333904978439967422358556475586701e-1
bratu,60,90,2.25e-1,2.25674719459909092767145514140725887896394709437170484892242303154971161177406642669704509182859759e-1,2.256609813812166988515448860863034470293113859791207260556175982503589331946356569655943862076649641e-1
bratu,60,91,2.275e-1,2.274922675675893123914740151421465498429566666973653626078528678286778810936464351259314101785122568e-1,2.274994988327204008017830257880100663239698388938580625944304747541731432757505569074460844629242348e-1
bratu,60,92,2.3e-1,2.293098156752695320158025161435672117895186239575602403234634325023846010098862275821583111741647545e-1,2.293223230902323365571917011239189079586893443121154920838102009445871241179146337232502110255170327e-1
bratu,60,93,2.325e-1,2.311273637829497516401310171449878737360805812177551180390739971760913209261260200383852121698172523e-1,2.311294255218427122258685289835111411403747520160383776344559152266853439796129150919713125559419305e-1
bratu,60,94,2.35e-1,2.3294491189062997126445951814640853568264253847794999575468456184979804084236581249461211316546975e-1,2.329207776910274641091640067049369391655915907017736759666553403469257395499352462258027845007665637e-1
bratu,60,95,2.375e-1,2.347624599983101908887880191478291976292044957381448734702951265235047607586056049508390141611222478e-1,2.346963513583452845998882771434457970474791966321265742504419584212256531002602227549562347069388276e-1
bratu,60,96,2.4e-1,2.365800081059904105131165201492498595757664529983397511859056911972114806748453974070659151567747455e-1,2.364561184831276879634776511841587011724786875024719055383426675947152863129290508389254226169253097e-1
bratu,60,97,2.425e-1,2.382962220033693288386589073006943596574965501673174326421232099317104016868542663197240771219638787e-1,2.382000512251619142519440745148689557065277243221208955628178365371046214759563884137270749356383592e-1
bratu,60,98,2.45e-1,2.39973082866292928786301514716367283556406686548750987337382542821790323832079057587238336541160702e-1,2.399281219463664696018983339963089806759270454859819925593022980803494756355869620806358923866339614e-1
bratu,60,99,2.475e-1,2.416499437292165287339441221320402074553168229301845420326418757118702459773038488547525959603575253e-1,2.416403032124591012077770443515851003216717944927485732167201858247840988937018468497200098511229296e-1
bratu,60,100,2.5e-1,2.433268045921401286815867295477131313542269593116180967279012086019501681225286401222668553795543487e-1,2.433365677946170053398511608561374889062111708896558945320907947045738465545036484099146541229776955e-1
bratu,60,101,2.525e-1,2.45003665455063728629229336963386055253137095693051651423160541492030090267753431389781114798751172e-1,2.450168886711290668938766166441659312799565350812630309862560588354835299282066232078889279882136071e-1
bratu,60,102,2.55e-1,2.466805263179873285768719443790589791520472320744852061184198743821100124129782226572953742179479954e-1,2.466812390290399291155820744569669356027350335446854867607712345733869595565579118910148032280113249e-1
bratu,60,103,2.575e-1,2.483573871809109285245145517947319030509573684559187608136792072721899345582030139248096336371448187e-1,2.483295922657856923387806438012204678008106537580468766811058992622360770829814659983995762685487444e-1
bratu,60,104,2.6e-1,2.50034248043834528472157159210404826949867504837352315508938540162269856703427805192323893056341642e-1,2.4996192199082104081093706139388448091933031650089716449269465570878366943334485503958817338425872e-1
bratu,60,105,2.625e-1,2.517111089067581284197997666260777508487776412187858702041978730523497788486525964598381524755384654e-1,2.515782020272375969547038117421921167338851826490763233487804883252726343103294829104189750105927924e-1
bratu,60,106,2.65e-1,2.532842152385356957971599305471158674376942150343323711934432635898901185546381308959717072372039107e-1,2.53178406413373302728432602379040882437864369412295691606613805269274269696288799606445874852255073e-1
bratu,60,107,2.675e-1,2.548139416890859542759396123644209301016735990420342112329540080497500384010571235947246782083876045e-1,2.547625094044126281031340651950343190063142049723735255405029212275521815932885664737602881628162469e-1
bratu,60,108,2.7e-1,2.563436681396362127547192941817259927656529830497360512724647525096099582474761162934776491795712983e-1,2.563304854739774070679498833214018547624500695329358274366905044000576627032019146741500690654530404e-1
bratu,60,109,2.725e-1,2.57873394590186471233498975999031055429632367057437891311975496969469878093895108992230620150754992e-1,2.578823093157081020110577465579502227843241689122545212855842204009931332258903414752274271854883372e-1
bratu,60,110,2.75e-1,2.594031210407367297122786578163361180936117510651397313514862414293297979403141016909835911219386858e-1,2.594179558448352977981791397580178236251889388087472575466883945141788355534933649683496316229483411e-1
bratu,60,111,2.775e-1,2.609328474912869881910583396336411807575911350728415713909969858891897177867330943897365620931223796e-1,2.609374001997412273866198776003721594582177393801547676851190320859453734172264065822983055106013991e-1
bratu,60,112,2.8e-1,2.624625739418372466698380214509462434215705190805434114305077303490496376331520870884895330643060733e-1,2.624406177435111313691486865813507446062634139884941632343949460273206710921772361790813799109763042e-1
bratu,60,113,2.825e-1,2.639923003923875051486177032682513060855499030882452514700184748089095574795710797872425040354897671e-1,2.639275840654742544391033107284570917653630951549046242503536112196092154208070548288352099591869626e-1
bratu,60,114,2.85e-1,2.655220268429377636273973850855563687495292870959470915095292192687694773259900724859954750066734609e-1,2.653982749827342824059879129136247591125659587466670736319872736580323345562178043044883249816973288e-1
bratu,60,115,2.875e-1,2.669851501943547194273509919479557017058522685432488718693599107878256257440902564110297863361371734e-1,2.668526665416890240695591987517167366969682624373143932288468071445922495415431181501192913641240777e-1
bratu,60,116,2.9e-1,2.683616774338033038144179096577568983945046679932794074096038027337777771109765144545447443740815197e-1,2.682907350195391429800487451541428881828000456081559601267977446900829416142288873570288902448092705e-1
bratu,60,117,2.925e-1,2.69738204673251888201484827367558095083157067443309942949847694679729928477862772498059702412025866e-1,2.697124569257857448727802075219538915567332468895242554715115151980582086164711215569649826322184347e-1
bratu,60,118,2.95e-1,2.711147319127004725885517450773592917718094668933404784900915866256820798447490305415746604499702123e-1,2.711178090037166273670447429742702632736035974911014657150055675573342137425435285847726812979277342e-1
bratu,60,119,2.975e-1,2.724912591521490569756186627871604884604618663433710140303354785716342312116352885850896184879145586e-1,2.725067682318809993617159605208404825763908010640688684665088340208579333015090175087868283659295273e-1
bratu,60,120,3.0e-1,2.738677863915976413626855804969616851491142657934015495705793705175863825785215466286045765258589049e-1,2.738793118255524784437242463732067721804083526719647621338568149027356587025450076659914819056647574e-1
bratu,60,121,3.025e-1,2.752443136310462257497524982067628818377666652434320851108232624635385339454078046721195345638032512e-1,2.752354172381801755501639986067075674578204304991484201758684047736428199278958063345475833198985582e-1
bratu,60,122,3.05e-1,2.766208408704948101368194159165640785264190646934626206510671544094906853122940627156344926017475975e-1,2.765750621628276770904579777793144863961317778265620063048491574108375826244935154322467868444062328e-1
bratu,60,123,3.075e-1,2.779973681099433945238863336263652752150714641434931561913110463554428366791803207591494506396919439e-1,2.77898224533599735741619655865066749874450991365166633758740814751260039681482001262920079013973254e-1
bratu,60,124,3.1e-1,2.793738953493919789109532513361664719037238635935236917315549383013949880460665788026644086776362902e-1,2.792048825270564821771932532783596915842514860855915223174947956943376519448988804880302208706885287e-1
bratu,60,125,3.125e-1,2.806020894108457149187655614170217956626282765215017939314660695990173604147027625529735433167648961e-1,2.804950145636149710788552698859758898191762591284135825467805121865864457500785868650436086185518705e-1
bratu,60,126,3.15e-1,2.818198036085724868296423648805672759602593802102392083636177066511661201468635076962611889476594855e-1,2.817685993089378759088609093727770979339454690718202406440989414700293833899326019832836246242335912e-1
bratu,60,127,3.175e-1,2.830375178062992587405191683441127562578904838989766227957693437033148798790242528395488345785540748e-1,2.830256156753091480914309758401090607442844287293730837472230806033867108046131769444042030853688156e-1
bratu,60,128,3.2e-1,2.842552320040260306513959718076582365555215875877140372279209807554636396111849979828364802094486642e-1,2.842660428229964574617035898786065666665793974389151099993116503992571080811081216597039052160752436e-1
bratu,60,129,3.225e-1,2.854729462017528025622727752712037168531526912764514516600726178076123993433457431261241258403432535e-1,2.854898601616002320919112852303958261125270198729224352782504032957316976219336083725133472747353694e-1
bratu,60,130,3.25e-1,2.866906603994795744731495787347491971507837949651888660922242548597611590755064882694117714712378429e-1,2.866970473513891168958653825496495833049531632036924675679333620732718811021809420963349995893321163e-1
bratu,60,131,3.275e-1,2.879083745972063463840263821982946774484148986539262805243758919119099188076672334126994171021324322e-1,2.878875843046216717445004603417274379759118125272038460930178599935923428581642393772218414008102394e-1
bratu,60,132,3.3e-1,2.891260887949331182949031856618401577460460023426636949565275289640586785398279785559870627330270216e-1,2.890614511868541311970034893705579134803858116718618272593499670041566780482807823159945973576039781e-1
bratu,60,133,3.325e-1,2.903438029926598902057799891253856380436771060314011093886791660162074382719887236992747083639216109e-1,2.902186284182340493637627510049027063742050489068263580260146426356679660947416828878839181300664557e-1
bratu,60,134,3.35e-1,2.915240528473296556949189826145491857620572367756033260657260350811713611612036860954960226017756146e-1,2.913590966747796548688457473601117530430313206471349444796030180000721090933560666160594801986044763e-1
bratu,60,135,3.375e-1,2.925778592714204880476063774587782585785536590808410854169829467645670449531367625339340282941413926e-1,2.92482836889644742370764391847407386752364400506442215082142561951230478356274169585269577422554019e-1
bratu,60,136,3.4e-1,2.936316656955113204002937723030073313950500813860788447682398584479627287450698389723720339865071705e-1,2.935898302543689286307080390389449935908551122120412451627028493468112007268825571916778685710416983e-1
bratu,60,137,3.425e-1,2.946854721196021527529811671472364042115465036913166041194967701313584125370029154108100396788729485e-1,2.946800582201131026870053119301776448106538425632961225196768596084812698579113979546073080870811035e-1
bratu,60,138,3.45e-1,2.957392785436929851056685619914654770280429259965543634707536818147540963289359918492480453712387264e-1,2.9575350249887990130308590850715230918245479111627821521063670482136341918977280255421700346188918e-1
bratu,60,139,3.475e-1,2.967930849677838174583559568356945498445393483017921228220105934981497801208690682876860510636045043e-1,2.968101450647190425034120896416961161508100081239941987443048217109782850058842269359023605094087333e-1
bratu,60,140,3.5e-1,2.978468913918746498110433516799236226610357706070298821732675051815454639128021447261240567559702823e-1,2.978499681549173516974816398336882214883005508094131589041883344898413711048012980292969246523248097e-1
bratu,60,141,3.525e-1,2.989006978159654821637307465241526954775321929122676415245244168649411477047352211645620624483360602e-1,2.988729542711733166158018575346455916034062046234205533944314704239164445836991079812386458563981431e-1
bratu,60,142,3.55e-1,2.999545042400563145164181413683817682940286152175054008757813285483368314966682976030000681407018382e-1,2.998790861807560090434165503112491259477745726042850988259431802249369585737420613072635311774932906e-1
bratu,60,143,3.575e-1,3.010083106641471468691055362126108411105250375227431602270382402317325152886013740414380738330676161e-1,3.008683469176482131358409750217887385584762001238339414706621493046805744496838185148110324082846758e-1
bratu,60,144,3.6e-1,3.020040824631707193504273354454319379502864695577020149222986395802105908878910386667286419610277995e-1,3.018407197836736019388160335331356138265338037072123307484293713742303675169261733541172973982775069e-1
bratu,60,145,3.625e-1,3.028894712062601298371136176598528181581551439097679615524773819493663038117275025240052013871677071e-1,3.027961883496078056068126920505246617654297642487639488412236185601508155674551155758575939884905306e-1
bratu,60,146,3.65e-1,3.037748599493495403237998998742736983660238182618339081826561243185220167355639663812817608133076147e-1,3.037347364562732167253675042997687126187134826426506798208749306257798467951812698138184157354124539e-1
bratu,60,147,3.675e-1,3.046602486924389508104861820886945785738924926138998548128348666876777296594004302385583202394475223e-1,3.046563482156173800887644079438570547708941678514573449810726320058135871289754395258489910425185756e-1
bratu,60,148,3.7e-1,3.0554563743552836129717246430311545878176116696596580144301360905683344258323689409583487966558743e-1,3.055610080117748162669379824913556731280859260230116032070383048474263675763757275455255748856208314e-1
bratu,60,149,3.725e-1,3.064310261786177717838587465175363389896298413180317480731923514259891555070733579531114390917273376e-1,3.06448700502112130313387770453721151015097643658466049323433928896137907512188467400454468099510567e-1
bratu,60,150,3.75e-1,3.073164149217071822705450287319572191974985156700976947033710937951448684309098218103879985178672452e-1,3.073194106182562590189781366125895626402656589445284744118801271303357684481221617122854380355325042e-1
bratu,60,151,3.775e-1,3.082018036647965927572313109463780994053671900221636413335498361643005813547462856676645579440071528e-1,3.081731235671057122043570322038310317052640994963579735463852021731166394901759691917370173408115874e-1
bratu,60,152,3.8e-1,3.090871924078860032439175931607989796132358643742295879637285785334562942785827495249411173701470604e-1,3.090098248318246656659510954685968088404887882939969082546310333318596741223432809208590114395082723e-1
bratu,60,153,3.825e-1,3.09972581150975413730603875375219859821104538726295534593907320902612007202419213382217676796286968e-1,3.098295001728197655466626123659766558276783294153919617673888922708774378731917641483059938493278215e-1
bratu,60,154,3.85e-1,3.108047848362252171612748139219276349993119633665779523849894577874851900508791214577323420427756077e-1,3.106321356286995060920726501063766761282360665274818079508251279112215436520395621719766005888823982e-1
bratu,60,155,3.875e-1,3.115178921163664316918748531452845928531723538376991931814740946646246968559923560982916848662755018e-1,3.114177175172160449756987629601925757581196554783357237137417396416369652618046099609755457323993607e-1
bratu,60,156,3.9e-1,3.12230999396507646222474892368641550707032744308820433977958731541764203661105590738851027689775396e-1,3.121862324361893226322077133720013543116957713244856819800982681349797732905955324596828431415449652e-1
bratu,60,157,3.925e-1,3.129441066766488607530749315919985085608931347799416747744433684189037104662188253794103705132752901e-1,3.12937667264413354324974498930778700595252758483818634153319098344550351105280486441879972524368257e-1
bratu,60,158,3.95e-1,3.136572139567900752836749708153554664147535252510629155709280052960432172713320600199697133367751842e-1,3.136720091625445659935277995539191838316438576192583320374714693002145403250470008296501062983519098e-1
bratu,60,159,3.975e-1,3.143703212369312898142750100387124242686139157221841563674126421731827240764452946605290561602750784e-1,3.143892455739720472767363996571824768867961797898114560449989882454169220986969249203132389054722436e-1
bratu,60,160,4.0e-1,3.150834285170725043448750492620693821224743061933053971638972790503222308815585293010883989837749725e-1,3.150893642256695974885674540864135960818303117864881274064174060562523977161570891812168844560391886e-1
bratu,60,161,4.025e-1,3.157965357972137188754750884854263399763346966644266379603819159274617376866717639416477418072748667e-1,3.157723531290294427343706823370415269926469380416661394733979274315045760180044984244489134107239552e-1
bratu,60,162,4.05e-1,3.165096430773549334060751277087832978301950871355478787568665528046012444917849985822070846307747608e-1,3.164382005806775047963866526958393861223838732031456534275016919983846637864851020063687474989726348e-1
bratu,60,163,4.075e-1,3.172227503574961479366751669321402556840554776066691195533511896817407512968982332227664274542746549e-1,3.170868951632701048870053134561315220276006861342550101721956267398000520995070062328102146081502583e-1
bratu,60,164,4.1e-1,3.179098931205997148009811388507615200279132997974481681065685047073623816304497455475451121204428735e-1,3.177184257462719878666651683883549869721657970873461186962474336350516875341716907292306940930237164e-1
bratu,60,165,4.125e-1,3.184475561467626714730960594973547253939804662570685681471914681084411374667367964753774871249095943e-1,3.1833278148671555504962575053466140634574314813294727082991961853955967303460917788641124872487473e-1
bratu,60,166,4.15e-1,3.189852191729256281452109801439479307600476327166889681878144315095198933030238474032098621293763151e-1,3.189299518299411962745977233840688483762681797340058105000310638366616825975657260956647030772743624e-1
bratu,60,167,4.175e-1,3.195228821990885848173259007905411361261147991763093682284373949105986491393108983310422371338430359e-1,3.195099265103186144977972497946612108669227622709350232980604608492869193122675971178530014037499096e-1
bratu,60,168,4.2e-1,3.200605452252515414894408214371343414921819656359297682690603583116774049755979492588746121383097568e-1,3.200726955519490387728154452547248241172139035485601005844721152291430962547871391369911831297829377e-1
bratu,60,169,4.225e-1,3.205982082514144981615557420837275468582491320955501683096833217127561608118850001867069871427764776e-1,3.206182492693482241141612108122967987454604308361642391523417942346879046392293671572492204388996823e-1
bratu,60,170,4.25e-1,3.211358712775774548336706627303207522243162985551705683503062851138349166481720511145393621472431984e-1,3.211465782681101393988383726285434791079287483658065697087766277097579162214449146694531200417854198e-1
bratu,60,171,4.275e-1,3.216735343037404115057855833769139575903834650147909683909292485149136724844591020423717371517099192e-1,3.216576734455512471422383116058173121437771793553540464320638672817514052256895333351514800041634197e-1
bratu,60,172,4.3e-1,3.222111973299033681779005040235071629564506314744113684315522119159924283207461529702041121561766401e-1,3.221515259913352816903404552693763208446972081822138140261221995429811301031153716870196864756246276e-1
bratu,60,173,4.325e-1,3.227488603560663248500154246701003683225177979340317684721751753170711841570332038980364871606433609e-1,3.226281273880784350990794864148852638226789453428679102690721136686390373562641470119406062830021538e-1
bratu,60,174,4.35e-1,3.232865233822292815221303453166935736885849643936521685127981387181499399933202548258688621651100817e-1,3.230874694119348627231155377250125396309459105553634044944859866536984891839202588333961378502227054e-1
bratu,60,175,4.375e-1,3.236659221902558617743458003206240693030150385229379891315221059182483766538912970041398485122342886e-1,3.235295441331624233094791327494270339568220090625699878377609872232897175887304493497015825982440194e-1
bratu,60,176,4.4e-1,3.24025725695392498956024965248035679244911401444309753960785300339357524380569152337918953991061769e-1,3.239543439166685711859950833960082549550883905230215784215385219166610251016908860633690765543311426e-1
bratu,60,177,4.425e-1,3.243855292005291361377041301754472891868077643656815187900484947604666721072470076716980594698892493e-1,3.243618614225363209493498193225168283098855655567536755438249496761287769159470117969216034673071705e-1
bratu,60,178,4.45e-1,3.247453327056657733193832951028588991287041272870532836193116891815758198339248630054771649487167297e-1,3.247520896065302078924777783683052910121393594903182210376070751412454347533303050277913564157751268e-1
bratu,60,179,4.475e-1,3.251051362108024105010624600302705090706004902084250484485748836026849675606027183392562704275442101e-1,3.251250217205821702649200639442465979976235477625801828496503002825959541507703607036746489290324342e-1
bratu,60,180,4.5e-1,3.254649397159390476827416249576821190124968531297968132778380780237941152872805736730353759063716904e-1,3.254806513132572823322608205721777646101324571350984066662787951764390468878046744198700397146880633e-1
bratu,60,181,4.525e-1,3.258247432210756848644207898850937289543932160511685781071012724449032630139584290068144813851991708e-1,3.258189722301992700909749023129630157114911437900888403154454677542369634904045270508673245591273969e-1
bratu,60,182,4.55e-1,3.261845467262123220460999548125053388962895789725403429363644668660124107406362843405935868640266512e-1,3.261399786145557444023188418943786254816447244156619918012278075919490699970662176210047602503871642e-1
bratu,60,183,4.575e-1,3.265443502313489592277791197399169488381859418939121077656276612871215584673141396743726923428541315e-1,3.264436649073830892325537844767746310552171246921165971182743275576538415246268758463804705758227382e-1
bratu,60,184,4.6e-1,3.269041537364855964094582846673285587800823048152838725948908557082307061939919950081517978216816119e-1,3.267300258480309456260855893187323533359728137139524790594993414861022022602326212300210976623438912e-1
bratu,60,185,4.625e-1,3.271631073548441373022507831390052113950690889381630727838074262051093976323956119964701907172104244e-1,3.269990564745062349923193995962678322052107765437452107157461176356751796453315396479005784376613095e-1
bratu,60,186,4.65e-1,3.273434201184213159001517158137892987889910438085643835820511321693648660608186578718344489409549803e-1,3.272507521238166682554235950400884065098630064320166715220021013650138918534329172951232144765484119e-1
bratu,60,187,4.675e-1,3.275237328819984944980526484885733861829129986789656943802948381336203344892417037471987071646995362e-1,3.274851084322936903980456929771977084743001000340549292208696750242081673301747257020824744811262595e-1
bratu,60,188,4.7e-1,3.277040456455756730959535811633574735768349535493670051785385440978758029176647496225629653884440921e-1,3.277021213358948129245798062355976555564349367011588352853881310565838995874589029554252090215128792e-1
bratu,60,189,4.725e-1,3.278843584091528516938545138381415609707569084197683159767822500621312713460877954979272236121886479e-1,3.279017870704852897761061727995783493147879254000132103624993461601630028450781563027302380995552277e-1
bratu,60,190,4.75e-1,3.280646711727300302917554465129256483646788632901696267750259560263867397745108413732914818359332038e-1,3.280841021720990952468579123346557489623459912266569056357747452767993157794658253122003665950251666e-1
bratu,60,191,4.775e-1,3.282449839363072088896563791877097357586008181605709375732696619906422082029338872486557400596777597e-1,3.282490634771791654802640926049959122379173199187272373697412100382204306166841802617834658019180899e-1
bratu,60,192,4.8e-1,3.284252966998843874875573118624938231525227730309722483715133679548976766313569331240199982834223156e-1,3.283966681227968681605129292101283206627871711074366590641131734740226932992735490795433964992802103e-1
bratu,60,193,4.825e-1,3.286056094634615660854582445372779105464447279013735591697570739191531450597799789993842565071668715e-1,3.285269135468506680624122802933059113657691978188366107406956939547170416349327701116179226424427385e-1
bratu,60,194,4.85e-1,3.287859222270387446833591772120619979403666827717748699680007798834086134882030248747485147309114274e-1,3.286397974882439591773308713134552159150369136332974329619884890895770215199642731722975187372981672e-1
bratu,60,195,4.875e-1,3.28931623151407359492776275879867317896511931582941696424405902169719391087000793505945834291533364e-1,3.287353179870420371954140765522754118528031912303151084720331098653504442664739442325920580782407827e-1
bratu,60,196,4.9e-1,3.28931623151407359492776275879867317896511931582941696424405902169719391087000793505945834291533364e-1,3.288134733846081891933109173954807383622288522857825698378189219080107689580969875884793411816258056e-1
bratu,60,197,4.925e-1,3.28931623151407359492776275879867317896511931582941696424405902169719391087000793505945834291533364e-1,3.288742623237188804515499737054648475192042784950182336972143445613902992434627373881483766178703221e-1
bratu,60,198,4.95e-1,3.28931623151407359492776275879867317896511931582941696424405902169719391087000793505945834291533364e-1,3.289176837486580214056846405470800817649171248054182159881064844353640994894092975233889441649575972e-1
bratu,60,199,4.975e-1,3.28931623151407359492776275879867317896511931582941696424405902169719391087000793505945834291533364e-1,3.289437369052903008196141299242123422291096812090458240099708767358840454727382389260985195685017171e-1
bratu,60,200,5.0e-1,3.28931623151407359492776275879867317896511931582941696424405902169719391087000793505945834291533364e-1,3.289524213411135743572956833232027728076792986098885679827680373130425117122306548306772742847397669e-1
bratu,60,201,5.025e-1,3.28931623151407359492776275879867317896511931582941696424405902169719391087000793505945834291533364e-1,3.289437369052903008196141299242123422291096812090458240099708767358840454727382389260985195685017171e-1
bratu,60,202,5.05e-1,3.28931623151407359492776275879867317896511931582941696424405902169719391087000793505945834291533364e-1,3.289176837486580214056846405470800817649171248054182159881064844353640994894092975233889441649575972e-1
bratu,60,203,5.075e-1,3.28931623151407359492776275879867317896511931582941696424405902169719391087000793505945834291533364e-1,3.288742623237188804515499737054648475192042784950182336972143445613902992434627373881483766178703221e-1
bratu,60,204,5.1e-1,3.28931623151407359492776275879867317896511931582941696424405902169719391087000793505945834291533364e-1,3.288134733846081891933109173954807383622288522857825698378189219080107689580969875884793411816258056e-1
bratu,60,205,5.125e-1,3.28931623151407359492776275879867317896511931582941696424405902169719391087000793505945834291533364e-1,3.287353179870420371954140765522754118528031912303151084720331098653504442664739442325920580782407827e-1
bratu,60,206,5.15e-1,3.287859222270387446833591772120619979403666827717748699680007798834086134882030248747485147309114274e-1,3.286397974882439591773308713134552159150369136332974329619884890895770215199642731722975187372981672e-1
bratu,60,207,5.175e-1,3.286056094634615660854582445372779105464447279013735591697570739191531450597799789993842565071668715e-1,3.285269135468506680624122802933059113657691978188366107406956939547170416349327701116179226424427385e-1
bratu,60,208,5.2e-1,3.284252966998843874875573118624938231525227730309722483715133679548976766313569331240199982834223156e-1,3.283966681227968681605129292101283206627871711074366590641131734740226932992735490795433964992802103e-1
bratu,60,209,5.225e-1,3.282449839363072088896563791877097357586008181605709375732696619906422082029338872486557400596777597e-1,3.282490634771791654802640926049959122379173199187272373697412100382204306166841802617834658019180899e-1
bratu,60,210,5.25e-1,3.280646711727300302917554465129256483646788632901696267750259560263867397745108413732914818359332038e-1,3.280841021720990952468579123346557489623459912266569056357747452767993157794658253122003665950251666e-1
bratu,60,211,5.275e-1,3.278843584091528516938545138381415609707569084197683159767822500621312713460877954979272236121886479e-1,3.279017870704852897761061727995783493147879254000132103624993461601630028450781563027302380995552277e-1
bratu,60,212,5.3e-1,3.277040456455756730959535811633574735768349535493670051785385440978758029176647496225629653884440921e-1,3.277021213358948129245798062355976555564349367011588352853881310565838995874589029554252090215128792e-1
bratu,60,213,5.325e-1,3.275237328819984944980526484885733861829129986789656943802948381336203344892417037471987071646995362e-1,3.274851084322936903980456929771977084743001000340549292208696750242081673301747257020824744811262595e-1
bratu,60,214,5.35e-1,3.273434201184213159001517158137892987889910438085643835820511321693648660608186578718344489409549803e-1,3.272507521238166682554235950400884065098630064320166715220021013650138918534329172951232144765484119e-1
bratu,60,215,5.375e-1,3.271631073548441373022507831390052113950690889381630727838074262051093976323956119964701907172104244e-1,3.269990564745062349923193995962678322052107765437452107157461176356751796453315396479005784376613095e-1
bratu,60,216,5.4e-1,3.269041537364855964094582846673285587800823048152838725948908557082307061939919950081517978216816119e-1,3.267300258480309456260855893187323533359728137139524790594993414861022022602326212300210976623438912e-1
bratu,60,217,5.425e-1,3.265443502313489592277791197399169488381859418939121077656276612871215584673141396743726923428541315e-1,3.264436649073830892325537844767746310552171246921165971182743275576538415246268758463804705758227382e-1
bratu,60,218,5.45e-1,3.261845467262123220460999548125053388962895789725403429363644668660124107406362843405935868640266512e-1,3.261399786145557444023188418943786254816447244156619918012278075919490699970662176210047602503871642e-1
bratu,60,219,5.475e-1,3.258247432210756848644207898850937289543932160511685781071012724449032630139584290068144813851991708e-1,3.258189722301992700909749023129630157114911437900888403154454677542369634904045270508673245591273969e-1
bratu,60,220,5.5e-1,3.254649397159390476827416249576821190124968531297968132778380780237941152872805736730353759063716904e-1,3.254806513132572823322608205721777646101324571350984066662787951764390468878046744198700397146880633e-1
bratu,60,221,5.525e-1,3.251051362108024105010624600302705090706004902084250484485748836026849675606027183392562704275442101e-1,3.251250217205821702649200639442465979976235477625801828496503002825959541507703607036746489290324342e-1
bratu,60,222,5.55e-1,3.247453327056657733193832951028588991287041272870532836193116891815758198339248630054771649487167297e-1,3.247520896065302078924777783683052910121393594903182210376070751412454347533303050277913564157751268e-1
bratu,60,223,5.575e-1,3.243855292005291361377041301754472891868077643656815187900484947604666721072470076716980594698892493e-1,3.243618614225363209493498193225168283098855655567536755438249496761287769159470117969216034673071705e-1
bratu,60,224,5.6e-1,3.24025725695392498956024965248035679244911401444309753960785300339357524380569152337918953991061769e-1,3.239543439166685711859950833960082549550883905230215784215385219166610251016908860633690765543311426e-1
bratu,60,225,5.625e-1,3.236659221902558617743458003206240693030150385229379891315221059182483766538912970041398485122342886e-1,3.235295441331624233094791327494270339568220090625699878377609872232897175887304493497015825982440194e-1
bratu,60,226,5.65e-1,3.232865233822292815221303453166935736885849643936521685127981387181499399933202548258688621651100817e-1,3.230874694119348627231155377250125396309459105553634044944859866536984891839202588333961378502227054e-1
bratu,60,227,5.675e-1,3.227488603560663248500154246701003683225177979340317684721751753170711841570332038980364871606433609e-1,3.226281273880784350990794864148852638226789453428679102690721136686390373562641470119406062830021538e-1
bratu,60,228,5.7e-1,3.222111973299033681779005040235071629564506314744113684315522119159924283207461529702041121561766401e-1,3.221515259913352816903404552693763208446972081822138140261221995429811301031153716870196864756246276e-1
bratu,60,229,5.725e-1,3.216735343037404115057855833769139575903834650147909683909292485149136724844591020423717371517099192e-1,3.216576734455512471422383116058173121437771793553540464320638672817514052256895333351514800041634197e-1
bratu,60,230,5.75e-1,3.211358712775774548336706627303207522243162985551705683503062851138349166481720511145393621472431984e-1,3.211465782681101393988383726285434791079287483658065697087766277097579162214449146694531200417854198e-1
bratu,60,231,5.775e-1,3.205982082514144981615557420837275468582491320955501683096833217127561608118850001867069871427764776e-1,3.206182492693482241141612108122967987454604308361642391523417942346879046392293671572492204388996823e-1
bratu,60,232,5.8e-1,3.200605452252515414894408214371343414921819656359297682690603583116774049755979492588746121383097568e-1,3.200726955519490387728154452547248241172139035485601005844721152291430962547871391369911831297829377e-1
bratu,60,233,5.825e-1,3.195228821990885848173259007905411361261147991763093682284373949105986491393108983310422371338430359e-1,3.195099265103186144977972497946612108669227622709350232980604608492869193122675971178530014037499096e-1
bratu,60,234,5.85e-1,3.189852191729256281452109801439479307600476327166889681878144315095198933030238474032098621293763151e-1,3.189299518299411962745977233840688483762681797340058105000310638366616825975657260956647030772743624e-1
bratu,60,235,5.875e-1,3.184475561467626714730960594973547253939804662570685681471914681084411374667367964753774871249095943e-1,3.1833278148671555504962575053466140634574314813294727082991961853955967303460917788641124872487473e-1
bratu,60,236,5.9e-1,3.179098931205997148009811388507615200279132997974481681065685047073623816304497455475451121204428735e-1,3.177184257462719878666651683883549869721657970873461186962474336350516875341716907292306940930237164e-1
bratu,60,237,5.925e-1,3.172227503574961479366751669321402556840554776066691195533511896817407512968982332227664274542746549e-1,3.170868951632701048870053134561315220276006861342550101721956267398000520995070062328102146081502583e-1
bratu,60,238,5.95e-1,3.165096430773549334060751277087832978301950871355478787568665528046012444917849985822070846307747608e-1,3.164382005806775047963866526958393861223838732031456534275016919983846637864851020063687474989726348e-1
bratu,60,239,5.975e-1,3.157965357972137188754750884854263399763346966644266379603819159274617376866717639416477418072748667e-1,3.157723531290294427343706823370415269926469380416661394733979274315045760180044984244489134107239552e-1
bratu,60,240,6.0e-1,3.150834285170725043448750492620693821224743061933053971638972790503222308815585293010883989837749725e-1,3.150893642256695974885674540864135960818303117864881274064174060562523977161570891812168844560391886e-1
bratu,60,241,6.025e-1,3.143703212369312898142750100387124242686139157221841563674126421731827240764452946605290561602750784e-1,3.143892455739720472767363996571824768867961797898114560449989882454169220986969249203132389054722436e-1
bratu,60,242,6.05e-1,3.136572139567900752836749708153554664147535252510629155709280052960432172713320600199697133367751842e-1,3.136720091625445659935277995539191838316438576192583320374714693002145403250470008296501062983519098e-1
bratu,60,243,6.075e-1,3.129441066766488607530749315919985085608931347799416747744433684189037104662188253794103705132752901e-1,3.12937667264413354324974498930778700595252758483818634153319098344550351105280486441879972524368257e-1
bratu,60,244,6.1e-1,3.12230999396507646222474892368641550707032744308820433977958731541764203661105590738851027689775396e-1,3.121862324361893226322077133720013543116957713244856819800982681349797732905955324596828431415449652e-1
bratu,60,245,6.125e-1,3.115178921163664316918748531452845928531723538376991931814740946646246968559923560982916848662755018e-1,3.114177175172160449756987629601925757581196554783357237137417396416369652618046099609755457323993607e-1
bratu,60,246,6.15e-1,3.108047848362252171612748139219276349993119633665779523849894577874851900508791214577323420427756077e-1,3.106321356286995060920726501063766761282360665274818079508251279112215436520395621719766005888823982e-1
bratu,60,247,6.175e-1,3.09972581150975413730603875375219859821104538726295534593907320902612007202419213382217676796286968e-1,3.098295001728197655466626123659766558276783294153919617673888922708774378731917641483059938493278215e-1
bratu,60,248,6.2e-1,3.090871924078860032439175931607989796132358643742295879637285785334562942785827495249411173701470604e-1,3.090098248318246656659510954685968088404887882939969082546310333318596741223432809208590114395082723e-1
bratu,60,249,6.225e-1,3.082018036647965927572313109463780994053671900221636413335498361643005813547462856676645579440071528e-1,3.081731235671057122043570322038310317052640994963579735463852021731166394901759691917370173408115874e-1
bratu,60,250,6.25e-1,3.073164149217071822705450287319572191974985156700976947033710937951448684309098218103879985178672452e-1,3.073194106182562590189781366125895626402656589445284744118801271303357684481221617122854380355325042e-1
bratu,60,251,6.275e-1,3.064310261786177717838587465175363389896298413180317480731923514259891555070733579531114390917273376e-1,3.06448700502112130313387770453721151015097643658466049323433928896137907512188467400454468099510567e-1
bratu,60,252,6.3e-1,3.055456374355283612971724643031154587817611669659658014430136090568334425832368940958348796655874299e-1,3.055610080117748162669379824913556731280859260230116032070383048474263675763757275455255748856208314e-1
bratu,60,253,6.325e-1,3.046602486924389508104861820886945785738924926138998548128348666876777296594004302385583202394475223e-1,3.046563482156173800887644079438570547708941678514573449810726320058135871289754395258489910425185756e-1
bratu,60,254,6.35e-1,3.037748599493495403237998998742736983660238182618339081826561243185220167355639663812817608133076147e-1,3.037347364562732167253675042997687126187134826426506798208749306257798467951812698138184157354124539e-1
bratu,60,255,6.375e-1,3.028894712062601298371136176598528181581551439097679615524773819493663038117275025240052013871677071e-1,3.027961883496078056068126920505246617654297642487639488412236185601508155674551155758575939884905306e-1
bratu,60,256,6.4e-1,3.020040824631707193504273354454319379502864695577020149222986395802105908878910386667286419610277995e-1,3.018407197836736019388160335331356138265338037072123307484293713742303675169261733541172973982775069e-1
bratu,60,257,6.425e-1,3.010083106641471468691055362126108411105250375227431602270382402317325152886013740414380738330676161e-1,3.008683469176482131358409750217887385584762001238339414706621493046805744496838185148110324082846758e-1
bratu,60,258,6.45e-1,2.999545042400563145164181413683817682940286152175054008757813285483368314966682976030000681407018382e-1,2.998790861807560090434165503112491259477745726042850988259431802249369585737420613072635311774932906e-1
bratu,60,259,6.475e-1,2.989006978159654821637307465241526954775321929122676415245244168649411477047352211645620624483360602e-1,2.988729542711733166158018575346455916034062046234205533944314704239164445836991079812386458563981431e-1
bratu,60,260,6.5e-1,2.978468913918746498110433516799236226610357706070298821732675051815454639128021447261240567559702823e-1,2.978499681549173516974816398336882214883005508094131589041883344898413711048012980292969246523248097e-1
bratu,60,261,6.525e-1,2.967930849677838174583559568356945498445393483017921228220105934981497801208690682876860510636045043e-1,2.968101450647190425034120896416961161508100081239941987443048217109782850058842269359023605094087333e-1
bratu,60,262,6.55e-1,2.957392785436929851056685619914654770280429259965543634707536818147540963289359918492480453712387264e-1,2.9575350249887990130308590850715230918245479111627821521063670482136341918977280255421700346188918e-1
bratu,60,263,6.575e-1,2.946854721196021527529811671472364042115465036913166041194967701313584125370029154108100396788729485e-1,2.946800582201131026870053119301776448106538425632961225196768596084812698579113979546073080870811035e-1
bratu,60,264,6.6e-1,2.936316656955113204002937723030073313950500813860788447682398584479627287450698389723720339865071705e-1,2.935898302543689286307080390389449935908551122120412451627028493468112007268825571916778685710416983e-1
bratu,60,265,6.625e-1,2.925778592714204880476063774587782585785536590808410854169829467645670449531367625339340282941413926e-1,2.92482836889644742370764391847407386752364400506442215082142561951230478356274169585269577422554019e-1
bratu,60,266,6.65e-1,2.915240528473296556949189826145491857620572367756033260657260350811713611612036860954960226017756146e-1,2.913590966747796548688457473601117530430313206471349444796030180000721090933560666160594801986044763e-1
bratu,60,267,6.675e-1,2.903438029926598902057799891253856380436771060314011093886791660162074382719887236992747083639216109e-1,2.902186284182340493637627510049027063742050489068263580260146426356679660947416828878839181300664557e-1
bratu,60,268,6.7e-1,2.891260887949331182949031856618401577460460023426636949565275289640586785398279785559870627330270216e-1,2.890614511868541311970034893705579134803858116718618272593499670041566780482807823159945973576039781e-1
bratu,60,269,6.725e-1,2.879083745972063463840263821982946774484148986539262805243758919119099188076672334126994171021324322e-1,2.878875843046216717445004603417274379759118125272038460930178599935923428581642393772218414008102394e-1
bratu,60,270,6.75e-1,2.866906603994795744731495787347491971507837949651888660922242548597611590755064882694117714712378429e-1,2.866970473513891168958653825496495833049531632036924675679333620732718811021809420963349995893321163e-1
bratu,60,271,6.775e-1,2.854729462017528025622727752712037168531526912764514516600726178076123993433457431261241258403432535e-1,2.854898601616002320919112852303958261125270198729224352782504032957316976219336083725133472747353694e-1
bratu,60,272,6.8e-1,2.842552320040260306513959718076582365555215875877140372279209807554636396111849979828364802094486642e-1,2.842660428229964574617035898786065666665793974389151099993116503992571080811081216597039052160752437e-1
bratu,60,273,6.825e-1,2.830375178062992587405191683441127562578904838989766227957693437033148798790242528395488345785540748e-1,2.830256156753091480914309758401090607442844287293730837472230806033867108046131769444042030853688156e-1
bratu,60,274,6.85e-1,2.818198036085724868296423648805672759602593802102392083636177066511661201468635076962611889476594855e-1,2.817685993089378759088609093727770979339454690718202406440989414700293833899326019832836246242335912e-1
bratu,60,275,6.875e-1,2.806020894108457149187655614170217956626282765215017939314660695990173604147027625529735433167648961e-1,2.804950145636149710788552698859758898191762591284135825467805121865864457500785868650436086185518705e-1
bratu,60,276,6.9e-1,2.793738953493919789109532513361664719037238635935236917315549383013949880460665788026644086776362902e-1,2.792048825270564821771932532783596915842514860855915223174947956943376519448988804880302208706885287e-1
bratu,60,277,6.925e-1,2.779973681099433945238863336263652752150714641434931561913110463554428366791803207591494506396919439e-1,2.77898224533599735741619655865066749874450991365166633758740814751260039681482001262920079013973254e-1
bratu,60,278,6.95e-1,2.766208408704948101368194159165640785264190646934626206510671544094906853122940627156344926017475975e-1,2.765750621628276770904579777793144863961317778265620063048491574108375826244935154322467868444062328e-1
bratu,60,279,6.975e-1,2.752443136310462257497524982067628818377666652434320851108232624635385339454078046721195345638032512e-1,2.752354172381801755501639986067075674578204304991484201758684047736428199278958063345475833198985582e-1
bratu,60,280,7.0e-1,2.738677863915976413626855804969616851491142657934015495705793705175863825785215466286045765258589049e-1,2.738793118255524784437242463732067721804083526719647621338568149027356587025450076659914819056647574e-1
bratu,60,281,7.025e-1,2.724912591521490569756186627871604884604618663433710140303354785716342312116352885850896184879145586e-1,2.725067682318809993617159605208404825763908010640688684665088340208579333015090175087868283659295273e-1
bratu,60,282,7.05e-1,2.711147319127004725885517450773592917718094668933404784900915866256820798447490305415746604499702123e-1,2.711178090037166273670447429742702632736035974911014657150055675573342137425435285847726812979277342e-1
bratu,60,283,7.075e-1,2.69738204673251888201484827367558095083157067443309942949847694679729928477862772498059702412025866e-1,2.697124569257857448727802075219538915567332468895242554715115151980582086164711215569649826322184347e-1
bratu,60,284,7.1e-1,2.683616774338033038144179096577568983945046679932794074096038027337777771109765144545447443740815197e-1,2.682907350195391429800487451541428881828000456081559601267977446900829416142288873570288902448092705e-1
bratu,60,285,7.125e-1,2.669851501943547194273509919479557017058522685432488718693599107878256257440902564110297863361371734e-1,2.668526665416890240695591987517167366969682624373143932288468071445922495415431181501192913641240777e-1
bratu,60,286,7.15e-1,2.655220268429377636273973850855563687495292870959470915095292192687694773259900724859954750066734609e-1,2.653982749827342824059879129136247591125659587466670736319872736580323345562178043044883249816973288e-1
bratu,60,287,7.175e-1,2.639923003923875051486177032682513060855499030882452514700184748089095574795710797872425040354897671e-1,2.639275840654742544391033107284570917653630951549046242503536112196092154208070548288352099591869626e-1
bratu,60,288,7.2e-1,2.624625739418372466698380214509462434215705190805434114305077303490496376331520870884895330643060733e-1,2.624406177435111313691486865813507446062634139884941632343949460273206710921772361790813799109763042e-1
bratu,60,289,7.225e-1,2.609328474912869881910583396336411807575911350728415713909969858891897177867330943897365620931223796e-1,2.609374001997412273866198776003721594582177393801547676851190320859453734172264065822983055106013991e-1
bratu,60,290,7.25e-1,2.594031210407367297122786578163361180936117510651397313514862414293297979403141016909835911219386858e-1,2.594179558448352977981791397580178236251889388087472575466883945141788355534933649683496316229483411e-1
bratu,60,291,7.275e-1,2.57873394590186471233498975999031055429632367057437891311975496969469878093895108992230620150754992e-1,2.578823093157081020110577465579502227843241689122545212855842204009931332258903414752274271854883372e-1
bratu,60,292,7.3e-1,2.563436681396362127547192941817259927656529830497360512724647525096099582474761162934776491795712983e-1,2.563304854739774070679498833214018547624500695329358274366905044000576627032019146741500690654530404e-1
bratu,60,293,7.325e-1,2.548139416890859542759396123644209301016735990420342112329540080497500384010571235947246782083876045e-1,2.547625094044126281031340651950343190063142049723735255405029212275521815932885664737602881628162469e-1
bratu,60,294,7.35e-1,2.532842152385356957971599305471158674376942150343323711934432635898901185546381308959717072372039107e-1,2.53178406413373302728432602379040882437864369412295691606613805269274269696288799606445874852255073e-1
bratu,60,295,7.375e-1,2.517111089067581284197997666260777508487776412187858702041978730523497788486525964598381524755384654e-1,2.515782020272375969547038117421921167338851826490763233487804883252726343103294829104189750105927924e-1
bratu,60,296,7.4e-1,2.50034248043834528472157159210404826949867504837352315508938540162269856703427805192323893056341642e-1,2.4996192199082104081093706139388448091933031650089716449269465570878366943334485503958817338425872e-1
bratu,60,297,7.425e-1,2.483573871809109285245145517947319030509573684559187608136792072721899345582030139248096336371448187e-1,2.483295922657856923387806438012204678008106537580468766811058992622360770829814659983995762685487444e-1
bratu,60,298,7.45e-1,2.466805263179873285768719443790589791520472320744852061184198743821100124129782226572953742179479954e-1,2.466812390290399291155820744569669356027350335446854867607712345733869595565579118910148032280113249e-1
bratu,60,299,7.475e-1,2.45003665455063728629229336963386055253137095693051651423160541492030090267753431389781114798751172e-1,2.450168886711290668938766166441659312799565350812630309862560588354835299282066232078889279882136071e-1
bratu,60,300,7.5e-1,2.433268045921401286815867295477131313542269593116180967279012086019501681225286401222668553795543487e-1,2.433365677946170053398511608561374889062111708896558945320907947045738465545036484099146541229776955e-1
bratu,60,301,7.525e-1,2.416499437292165287339441221320402074553168229301845420326418757118702459773038488547525959603575253e-1,2.416403032124591012077770443515851003216717944927485732167201858247840988937018468497200098511229296e-1
bratu,60,302,7.55e-1,2.39973082866292928786301514716367283556406686548750987337382542821790323832079057587238336541160702e-1,2.399281219463664696018983339963089806759270454859819925593022980803494756355869620806358923866339614e-1
bratu,60,303,7.575e-1,2.382962220033693288386589073006943596574965501673174326421232099317104016868542663197240771219638787e-1,2.382000512251619142519440745148689557065277243221208955628178365371046214759563884137270749356383592e-1
bratu,60,304,7.6e-1,2.365800081059904105131165201492498595757664529983397511859056911972114806748453974070659151567747455e-1,2.364561184831276879634776511841587011724786875024719055383426675947152863129290508389254226169253097e-1
bratu,60,305,7.625e-1,2.347624599983101908887880191478291976292044957381448734702951265235047607586056049508390141611222478e-1,2.346963513583452845998882771434457970474791966321265742504419584212256531002602227549562347069388276e-1
bratu,60,306,7.65e-1,2.3294491189062997126445951814640853568264253847794999575468456184979804084236581249461211316546975e-1,2.329207776910274641091640067049369391655915907017736759666553403469257395499352462258027845007665637e-1
bratu,60,307,7.675e-1,2.311273637829497516401310171449878737360805812177551180390739971760913209261260200383852121698172523e-1,2.311294255218427122258685289835111411403747520160383776344559152266853439796129150919713125559419305e-1
bratu,60,308,7.7e-1,2.293098156752695320158025161435672117895186239575602403234634325023846010098862275821583111741647545e-1,2.293223230902323365571917011239189079586893443121154920838102009445871241179146337232502110255170327e-1
bratu,60,309,7.725e-1,2.274922675675893123914740151421465498429566666973653626078528678286778810936464351259314101785122568e-1,2.274994988327204008017830257880100663239698388938580625944304747541731432757505569074460844629242348e-1
bratu,60,310,7.75e-1,2.25674719459909092767145514140725887896394709437170484892242303154971161177406642669704509182859759e-1,2.256609813812166988515448860863034470293113859791207260556175982503589331946356569655943862076649641e-1
bratu,60,311,7.775e-1,2.238571713522288731428170131393052259498327521769756071766317384812644412611668502134776081872072613e-1,2.238067995613129704899051129093558406976264274899923294403738396832333904978439967422358556475586701e-1
bratu,60,312,7.8e-1,2.220396232445486535184885121378845640032707949167807294610211738075577213449270577572507071915547635e-1,2.21936982390572560325562962220059781292020733611973586214185282921706564306609186648216978935632184e-1
bratu,60,313,7.825e-1,2.201491904921678134945808639034026265767915534520125595734535827351688330996988806915633012568789444e-1,2.200515590768137214885750355465439118908137076000498239243264244672701274314136205217962973943335928e-1
bratu,60,314,7.85e-1,2.181977173819242458345432210179541964551158420286634899995495784293870403344219313616314917497084199e-1,2.18150559016386765466193746961976515785156346103161581574661842505262687920640010759627746483825666e-1
bratu,60,315,7.875e-1,2.162462442716806781745055781325057663334401306053144204256455741236052475691449820316996822425378954e-1,2.162340117924452592693755563500782931553742884084306495701468308470761567919450775490081530872940951e-1
bratu,60,316,7.9e-1,2.142947711614371105144679352470573362117644191819653508517415698178234548038680327017678727353673709e-1,2.143019471732114708976333738405048916828209535992484898461162667484850186493254134602674504594726669e-1
bratu,60,317,7.925e-1,2.123432980511935428544302923616089060900887077586162812778375655120416620385910833718360632281968463e-1,2.123543951102362638102202228592017043260952725455955757490477619108942938843814795899878963298459163e-1
bratu,60,318,7.95e-1,2.103918249409499751943926494761604759684129963352672117039335612062598692733141340419042537210263218e-1,2.103913857366536408158110794598465039765477577915167430810584988763673945550754734057768296139610309e-1
bratu,60,319,7.975e-1,2.084403518307064075343550065907120458467372849119181421300295569004780765080371847119724442138557973e-1,2.084129493654301374612169672546978335683471733819252683788417208262178566407846199491015342026339965e-1
bratu,60,320,8.0e-1,2.064888787204628398743173637052636157250615734885690725561255525946962837427602353820406347066852728e-1,2.064191164876092646325484079477148378171552134678193383050848739312013483311508987539549125063129674e-1
bratu,60,321,8.025e-1,2.04523206606895964120672471830448375492519699664224740225589400249449487910222940530699981657327085e-1,2.04409917770551199679980886922401019647123677474817337024628810695002518699907143047359262858528341e-1
bratu,60,322,8.05e-1,2.024448213728827818579661680848546877738255054075725573686789348090168891448526471104075373293975271e-1,2.023853840561679249402077298947604699849266092293705446327961486480770375700951646129527056012503437e-1
bratu,60,323,8.075e-1,2.003664361388695995952598643392610000551313111509203745117684693685842903794823536901150930014679692e-1,2.003455463591540120591481020379261248701364044568069082876034839097923847016262361253289125797826231e-1
bratu,60,324,8.1e-1,1.982880509048564173325535605936673123364371168942681916548580039281516916141120602698226486735384113e-1,1.982904358652132500118697035277607091906439321846608438576808998446916183288010878351892222280859373e-1
bratu,60,325,8.125e-1,1.962096656708432350698472568480736246177429226376160087979475384877190928487417668495302043456088534e-1,1.962200839292813141773544817613069468358646004589151380411435622344760183890776090106999298448301893e-1
bratu,60,326,8.15e-1,1.941312804368300528071409531024799368990487283809638259410370730472864940833714734292377600176792955e-1,1.941345220737446732530558158599215512377124694076725145183457308180811647876897996226480323981472126e-1
bratu,60,327,8.175e-1,1.920528952028168705444346493568862491803545341243116430841266076068538953180011800089453156897497376e-1,1.920337819866559301885486266180881841721725360882631581818271271697799224283323405912320455997589169e-1
bratu,60,328,8.2e-1,1.899745099688036882817283456112925614616603398676594602272161421664212965526308865886528713618201797e-1,1.899178955199457926793479638011787213639103565591264731207426717779503619209186539432622900457125081e-1
bratu,60,329,8.225e-1,1.878954742004648471980974901968677438630217860162990583676568626736047154680014782028207409397241318e-1,1.87786894687631868091561624548996979604377580886142397394744529467014331105513928442116809769348257e-1
bratu,60,330,8.25e-1,1.856973800667366889202540281709597307598742358749879362782581672339124703644326686810954980998322529e-1,1.856408116640244769858494226015828981423587659097546780160153466181103946755630323929984248459048774e-1
bratu,60,331,8.275e-1,1.834992859330085306424105661450517176567266857336768141888594717942202252608638591593702552599403739e-1,1.834796787819296786755931735984008028440007675652640201431158433606280812282869992493355604112367324e-1
bratu,60,332,8.3e-1,1.813011917992803723645671041191437045535791355923656920994607763545279801572950496376450124200484949e-1,1.813035285308497014896505515015837202211336996423710729962153485445867110045123096649445387999951637e-1
bratu,60,333,8.325e-1,1.79103097665552214086723642093235691450431585451054570010062080914835735053726240115919769580156616e-1,1.791123935551809696149917133786048750374219626086798889949149104038293484372663969957344092132123025e-1
bratu,60,334,8.35e-1,1.76905003531824055808880180067327678347284035309743447920663385475143489950157430594194526740264737e-1,1.769063066524099175693245296842882352542394978078454021338793697149785011796749329499533037766851007e-1
bratu,60,335,8.375e-1,1.747069093980958975310367180414196652441364851684323258312646900354512448465886210724692839003728581e-1,1.74685300771306782498932270825538904081265394936527806404457726571666242571327869739469730294963146e-1
bratu,60,336,8.4e-1,1.725088152643677392531932560155116521409889350271212037418659945957589997430198115507440410604809791e-1,1.724494090101175636128116881438637687211551582467074832180769458760519931940341094464891871880493004e-1
bratu,60,337,8.425e-1,1.702829954574781029335167576398556750996325689341587023511384538330409340169447136122583625692420307e-1,1.701986646147543371512495056006319374896567558765167725480252118884763149326191274166864603568524471e-1
bratu,60,338,8.45e-1,1.679725308587559972985730323241196659766875605520281643595018967668374153305157603626548282767172331e-1,1.679331009769841143456560347914187821179025574356397643640261314760754541692876554568968035307865371e-1
bratu,60,339,8.475e-1,1.656620662600338916636293070083836568537425521698976263678653397006338966440868071130512939841924356e-1,1.656527516326164288572350714464959784058692099564666353689797111339479468188180405443288548695212071e-1
bratu,60,340,8.5e-1,1.63351601661311786028685581692647647730797543787767088376228782634430377957657853863447759691667638e-1,1.633576502596898391853628544213053220906839530341823768306046977788467853852630433795091424379395384e-1
bratu,60,341,8.525e-1,1.610411370625896803937418563769116386078525354056365503845922255682268592712289006138442253991428404e-1,1.610478306766575305128331874504385705308740790943042008003262004956555340539230781413967977174214802e-1
bratu,60,342,8.55e-1,1.587306724638675747587981310611756294849075270235060123929556685020233405847999473642406911066180429e-1,1.587233268405721994048622439981308396219533250465826467211137338454074323163253914549027445075874542e-1
bratu,60,343,8.575e-1,1.564202078651454691238544057454396203619625186413754744013191114358198218983709941146371568140932453e-1,1.563841728452704037024001808235749863023715040914941952194227176121194927188979746561940381396268682e-1
bratu,60,344,8.6e-1,1.541097432664233634889106804297036112390175102592449364096825543696163032119420408650336225215684478e-1,1.540304029195565588483360363327243648145806420068646309340918171967361230387325614989109373747201328e-1
bratu,60,345,8.625e-1,1.517093716509518921168286558925944830616582447563008279271376455814296520794672067202327285025674692e-1,1.51662051425386760758079317020525905791231161223898278621324939797448611167935167678549959263052406e-1
bratu,60,346,8.65e-1,1.492939609835060257626309644082351043698263540294939116211521542259176323167169088243529012061229809e-1,1.492791528560526141942310795813972992864900969195177779671639340753204800497002044524224265313349838e-1
bratu,60,347,8.675e-1,1.468785503160601594084332729238757256779944633026869953151666628704056125539666109284730739096784927e-1,1.468817418343652444290969643936655037275982975310827850908801419688243010994535918609237626677471133e-1
bratu,60,348,8.7e-1,1.444631396486142930542355814395163469861625725758800790091811715148935927912163130325932466132340044e-1,1.444698531108396687791249603325444938880104901395197394715856890727043958110012022856035276237650874e-1
bratu,60,349,8.725e-1,1.420477289811684267000378899551569682943306818490731627031956801593815730284660151367134193167895162e-1,1.420435215618797033724545789593418644339104012184322001846619867098188033459813527986500655206839055e-1
bratu,60,350,8.75e-1,1.396323183137225603458401984707975896024987911222662463972101888038695532657157172408335920203450279e-1,1.396027821879635792651267524391161444472120322000293498438685941859632165179772195200178530103318225e-1
bratu,60,351,8.775e-1,1.372169076462766939916425069864382109106669003954593300912246974483575335029654193449537647239005397e-1,1.371476701118304407536123775257743639392290415742623883897262644618294810720568073331636705063031149e-1
bratu,60,352,8.8e-1,1.347181288878927155484896507266013721685480295044109305124185911533536544685798093911301948812444224e-1,1.346782205766678974416611140138301013852544813065000835068079416914891509525105068491699197747029534e-1
bratu,60,353,8.825e-1,1.322052396068154083416722797437843668111640648383115518854901960202546652069321954706247634543086833e-1,1.321944689443008003085415947579500708559923739549886411071379345464290811653970652793479237119996148e-1
bratu,60,354,8.85e-1,1.296923503257381011348549087609673614537801001722121732585618008871556759452845815501193320273729442e-1,1.29696450693381410694031885227436997010015427565505804244526659927247856450642338446651349625894988e-1
bratu,60,355,8.875e-1,1.27179461044660793928037537778150356096396135506112794631633405754056686683636967629613900600437205e-1,1.271842014175811297635184064463479932348016613359895374171246881843450855170761099115034939408105006e-1
bratu,60,356,8.9e-1,1.246665717635834867212201667953333507390121708400134160047050106209576974219893537091084691735014659e-1,1.246577568237839546447672723085938517343072565108670478169813002503933217686228188033150525112607236e-1
bratu,60,357,8.925e-1,1.221536824825061795144027958125163453816282061739140373777766154878587081603417397886030377465657267e-1,1.221171527302818260368396720771940006643660257008450073562535046638677578093978870825600278874386019e-1
bratu,60,358,8.95e-1,1.19617279360681145705909447174624050333914503812727292561858299090950410609577715845390413933547049e-1,1.195624250649720306817288616208742657807069588942328322049775978562424052514121862979420362865332689e-1
bratu,60,359,8.975e-1,1.170143856412515217446292638757596547634054629009315744270024597211271675569794250085308281672946645e-1,1.169936098635568206610973671923979384822022487251871172565630471577317123623369270108898262416044803e-1
bratu,60,360,9.0e-1,1.1441149192182189778334908057689525919289642198913585629214662035130392450438113417167124240104228e-1,1.144107432677454100344863697208560516442812140600679538147164974283533528364632042718765695915887738e-1
bratu,60,361,9.025e-1,1.118085982023922738220688972780308636223873810773401381572907809814806814517828433348116566347898955e-1,1.118138615234585078720523234267508216427998038953175508198994223014768485838865001665545330839666289e-1
bratu,60,362,9.05e-1,1.09205704482962649860788713979166468051878340165544420022434941611657438399184552497952070868537511e-1,1.092030009790355452547560707794294681975131095585287579260089978609703970575601277484849958491158059e-1
bratu,60,363,9.075e-1,1.066028107635330258995085306803020724813692992537487018875791022418341953465862616610924851022851265e-1,1.065781980834447523184842738268108892541799914224209869096041464610611891472554246725893691471850147e-1
bratu,60,364,9.1e-1,1.03992281294784206404497727600710929216372136793040404380455340530679639264899617425713346990350463e-1,1.039394893844962399063187698667722166076372757251484585958861118245385544410837832063018486479928896e-1
bratu,60,365,9.125e-1,1.013068342642892101634064070767867053018000808133768556497734825390038055267774852939871861082550647e-1,1.012869115270582388655828383894591224805075990649937829784752955548567674291643253316556166654019947e-1
bratu,60,366,9.15e-1,9.862138723379421392231508655286248138722802483371330691909162454732797178865535316226102522615966648e-2,9.862050125127664848388000884228644053714375216398483836100112734524421732914521723740080625135863164e-2
bratu,60,367,9.175e-1,9.593594020329921768122376602893825747265596885404975818840976655565213805053322103053486434406426821e-2,9.594029539079804400159576222006347586517217307313587571147370350013741262798314432516229317749651611e-2
bratu,60,368,9.2e-1,9.325049317280422144013244550501403355808391287438620945772790856397630431241108889880870346196886994e-2,9.324633087099629156774908085880030055293372706942166928902316880609686286100663509785955867511460263e-2
bratu,60,369,9.225e-1,9.056504614230922519904112498108980964351185689472266072704605057230047057428895676708254257987347167e-2,9.05386447072029174221518950355637684266022046451894985271830101127249144561303654014084666561004388e-2
bratu,60,370,9.25e-1,8.785212455541290417948877372851485586799942362143736284786909610503677346605606563762792763216265835e-2,8.781727400294137649005133522074185102356858639934247401821529307805403035474471992791092993878072771e-2
bratu,60,371,9.275e-1,8.509152892607187236455834621065363202252363738845489954173859495250087056866005845039420840602850164e-2,8.50822559481653639662820995183789172902748846305534073117845848188065233830145571936272967875134451e-2
bratu,60,372,9.3e-1,8.233093329673084054962791869279240817704785115547243623560809379996496767126405126316048917989434495e-2,8.23336278175013118449323082649983236876194520741225292953948183756433481942999968567042291076919462e-2
bratu,60,373,9.325e-1,7.957033766738980873469749117493118433157206492248997292947759264742906477386804407592676995376018825e-2,7.957142696849521071811225839566709296672834661756357108822690922416395219225428854851553523146752031e-2
bratu,60,374,9.35e-1,7.680974203804877691976706365706996048609627868950750962334709149489316187647203688869305072762603155e-2,7.679569083986389552409587162632360929582331784434808724984219128129022066665631554042679543415887666e-2
bratu,60,375,9.375e-1,7.40426358323488494112634891591022800264224988948838498546113164888807823109139380733003574777262895e-2,7.400645694975093227136161519997156468241016295496574909438807148585780307676600000477933050148946331e-2
bratu,60,376,9.4e-1,7.121423262661588672508367306031957818972106692118980375002423961259059252064555899616734123154939946e-2,7.120376289398724110137328070343492565063718483735337470204980571500212847421179102277609350883440912e-2
bratu,60,377,9.425e-1,6.838582942088292403890385696153687635301963494749575764543716273630040273037717991903432498537250942e-2,6.83876463443565893797888697188268854399052817979912056427461096012143965333519530054537484853232797e-2
bratu,60,378,9.45e-1,6.555742621514996135272404086275417451631820297380171154085008586001021294010880084190130873919561939e-2,6.5558145046866086823643067025268407743223382844983453454116620534110313077337880573253649719143281e-2
bratu,60,379,9.475e-1,6.272902300941699866654422476397147267961677100010766543626300898372002314984042176476829249301872936e-2,6.271529682002181298138783764715691609699729640580022575588172824092829491925609102764740203995592498e-2
bratu,60,380,9.5e-1,5.9882582098931974811404877590678762242067748272957639272564783310934892382846212317319212775890985e-2,5.985913955310970568396622879906899513851802742340701464377868159651394827871700506333570653543515541e-2
bratu,60,381,9.525e-1,5.699363705375457925381578242826543529201522501571899851647725845539147734633340353118196306397892923e-2,5.698971120448183737880323863421193196522400173023218677575670717073210548865442378230787575016358803e-2
bratu,60,382,9.55e-1,5.410469200857718369622668726585210834196270175848035776038973359984806230982059474504471335206687346e-2,5.410704979984820454518833268961252124660745699154705301201042475302442262666336383494205474613508714e-2
bratu,60,383,9.575e-1,5.121574696339978813863759210343878139191017850124171700430220874430464727330778595890746364015481769e-2,5.121119343057415366945737982124011800798439737823127326623484699683012312738386416129576326481332326e-2
bratu,60,384,9.6e-1,4.832680191822239258104849694102545444185765524400307624821468388876123223679497717277021392824276192e-2,4.830218025198356553211468740908840244791228454245136734430341766385331943941905709413151582277607447e-2
bratu,60,385,9.625e-1,4.538533654451355671110725426475253992175797480494559739843427803531513387027155152024526192416871071e-2,4.538004848166791782702227986384594020418799451297106446813620477647145540571125832573628116898517259e-2
bratu,60,386,9.65e-1,4.244303370769783621264379080235031766750557231274013926303165023426950465115164131879714765822041642e-2,4.244483639780134439547390378114959960865129287618171561349224754656632439212728047047555185062034242e-2
bratu,60,387,9.675e-1,3.950073087088211571418032733994809541325316982053468112762902243322387543203173111734903339227212214e-2,3.949658233746180761581214451068878863289463134552139831138334582570724875309610680031704004573747088e-2
bratu,60,388,9.7e-1,3.655071489123512325480805187915122516045663940580487708426222246527373340004603135544203818453617999e-2,3.653532469495849874268144937312721082589615165358393824803713767036070624988150336389976528390852061e-2
bratu,60,389,9.725e-1,3.356215487633436407484741785515548300142386910696633669645411974434550993076809078042693951597718089e-2,3.356110192016557923947687377520173377443506643192435688965480438899197938007710441658551325552744975e-2
bratu,60,390,9.75e-1,3.057359486143360489488678383115974084239109880812779630864601702341728646149015020541184084741818179e-2,3.057395251686237439348315183136330625027663722001144313456758193275104652664997572730366507091809183e-2
bratu,60,391,9.775e-1,2.758503484653284571492614980716399868335832850928925592083791430248906299221220963039674217885918269e-2,2.757391504108012874603234962138707279788892801292047937612797115775213257397198188114511439825912916e-2
bratu,60,392,9.8e-1,2.456290511082697216589662992878166800100668320773681967779165312070140473369051945551271619583946085e-2,2.456102809945543111016785054801048305047282357193679747852962841778927658198691101981578057977658576e-2
bratu,60,393,9.825e-1,2.153510745156334414415342269923836065523938071428727899257868807708985250737809798710460105829075029e-2,2.153533034759041518621047572356153943431805920465826618327824008908728700750729978054788711621357204e-2
bratu,60,394,9.85e-1,1.850538374696506414177435677586303470960943297319539324075525428383447257813689935839333830902710642e-2,1.849686048841984002169755877348461764702645689663386271525340821695577017178752385514111861606152776e-2
bratu,60,395,9.875e-1,1.544529278166632698208238217884692668952344055064208934886010440338704446865577791607273439580838976e-2,1.5445657270585152796821761229602311397123736144782037850425636894393704364420521937868824995732596e-2
bratu,60,396,9.9e-1,1.238520181636758982239040758183081866943744812808878545696495452293961635917465647375213048258967309e-2,1.238175948681563465014282155411398702522197115022906185272019766905127910133776663518662014156929235e-2
bratu,60,397,9.925e-1,9.305120182209659379232156026694703007023419742502581393903251606721909837927506907315202208957335487e-3,9.305205972316728492387188956575541074240086413939040843869646803247054254437660255971963555212592372e-3
bratu,60,398,9.95e-1,6.218825179540397083453235797366949212553706817603651897368070462644144217560829147962025124469436008e-3,6.216035603165645988987857132905743758438648948076738472582266436861272450162135745780250912207176603e-3
bratu,60,399,9.975e-1,3.114726363875778437419206825223168751858194865265552481768239203027416423940076231604198919519112721e-3,3.114287294714349125045205906625893906647230651226174078172561975173562957753037335688002711052736977e-3
bratu,60,400,1.0,0.0,0.0
